itinerary_id,search_date,flight_date,origin,destination,direction,hub,inbound_carrier,outbound_carrier,carrier_pair,cabin_pair,hub_arrival_local,hub_departure_local,hub_arrival_epoch,hub_departure_epoch,layover_minutes,night_overlap_minutes,crosses_local_midnight,long_layover_6h,source_offer_count,source_csv_rows
0f2cfd85b8080454,2022-04-16,2022-04-17,BOS,LAX,BOS-LAX,PHX,AA,AA,AA / AA,coach / coach,2022-04-17T19:30:00-07:00,2022-04-17T20:06:00-07:00,1650249000,1650251160,36.0,0.0,0,0,1,13
79b0fd6726e0a117,2022-04-16,2022-04-17,BOS,LAX,BOS-LAX,ORD,AA,AA,AA / AA,coach / coach,2022-04-17T19:33:00-05:00,2022-04-17T20:20:00-05:00,1650241980,1650244800,47.0,0.0,0,0,1,14
747be801761e2ae1,2022-04-16,2022-04-17,BOS,LAX,BOS-LAX,ORD,AA,AA,AA / AA,coach / coach,2022-04-17T17:23:00-05:00,2022-04-17T18:32:00-05:00,1650234180,1650238320,69.0,0.0,0,0,1,15
c2a44bb1a03dd43c,2022-04-16,2022-04-17,BOS,LAX,BOS-LAX,ORD,AA,AA,AA / AA,coach / coach,2022-04-17T12:21:00-05:00,2022-04-17T13:25:00-05:00,1650216060,1650219900,64.0,0.0,0,0,1,16
b64898fc0c680209,2022-04-16,2022-04-17,BOS,LAX,BOS-LAX,SLC,DL,DL,DL / DL,coach / coach,2022-04-17T21:17:00-06:00,2022-04-17T22:47:00-06:00,1650251820,1650257220,90.0,47.0,0,0,1,17
372faa4995b571d9,2022-04-16,2022-04-17,BOS,LAX,BOS-LAX,SLC,DL,DL,DL / DL,coach / coach,2022-04-17T09:35:00-06:00,2022-04-17T11:34:00-06:00,1650209700,1650216840,119.0,0.0,0,0,1,18
203cd178d8e886e9,2022-04-16,2022-04-17,BOS,LAX,BOS-LAX,ORD,AA,AA,AA / AA,coach / coach,2022-04-17T11:09:00-05:00,2022-04-17T13:25:00-05:00,1650211740,1650219900,136.0,0.0,0,0,1,19
55c0d99a17c83529,2022-04-16,2022-04-17,BOS,LAX,BOS-LAX,ORD,AA,AA,AA / AA,coach / coach,2022-04-17T17:23:00-05:00,2022-04-17T20:20:00-05:00,1650234180,1650244800,177.0,0.0,0,0,1,20
270090bcee8a70af,2022-04-16,2022-04-17,BOS,LAX,BOS-LAX,ORD,AA,AA,AA / AA,coach / coach,2022-04-17T12:21:00-05:00,2022-04-17T15:30:00-05:00,1650216060,1650227400,189.0,0.0,0,0,1,21
cf3fea766141008d,2022-04-16,2022-04-17,BOS,LAX,BOS-LAX,IND,AA,AA,AA / AA,coach / coach,2022-04-17T15:40:00-04:00,2022-04-17T19:12:00-04:00,1650224400,1650237120,212.0,0.0,0,0,1,22
2a0e2f977ede5728,2022-04-16,2022-04-17,BOS,LAX,BOS-LAX,ORD,AA,AA,AA / AA,coach / coach,2022-04-17T14:07:00-05:00,2022-04-17T15:30:00-05:00,1650222420,1650227400,83.0,0.0,0,0,1,26
91c3cf215648e1ed,2022-04-16,2022-04-17,BOS,LAX,BOS-LAX,ORD,AA,AA,AA / AA,coach / coach,2022-04-17T15:55:00-05:00,2022-04-17T17:20:00-05:00,1650228900,1650234000,85.0,0.0,0,0,1,27
022c220ec04fc001,2022-04-16,2022-04-17,BOS,LAX,BOS-LAX,ORD,AA,AA,AA / AA,coach / coach,2022-04-17T14:07:00-05:00,2022-04-17T17:20:00-05:00,1650222420,1650234000,193.0,0.0,0,0,1,28
cd455bb3a081d99b,2022-04-16,2022-04-17,BOS,LAX,BOS-LAX,MSP,DL,DL,DL / DL,coach / coach,2022-04-17T08:22:00-05:00,2022-04-17T09:55:00-05:00,1650201720,1650207300,93.0,0.0,0,0,1,34
412371c3836656a1,2022-04-16,2022-04-17,BOS,LAX,BOS-LAX,MSP,SY,SY,SY / SY,coach / coach,2022-04-17T13:38:00-05:00,2022-04-17T14:45:00-05:00,1650220680,1650224700,67.0,0.0,0,0,1,35
7402b793d1edf719,2022-04-16,2022-04-17,BOS,LAX,BOS-LAX,MSP,DL,DL,DL / DL,coach / coach,2022-04-17T17:00:00-05:00,2022-04-17T18:02:00-05:00,1650232800,1650236520,62.0,0.0,0,0,1,38
f6c151f921fa2322,2022-04-16,2022-04-17,BOS,LAX,BOS-LAX,MSP,DL,DL,DL / DL,coach / coach,2022-04-17T14:44:00-05:00,2022-04-17T18:02:00-05:00,1650224640,1650236520,198.0,0.0,0,0,1,39
8a9c228f9b9491bd,2022-04-16,2022-04-17,BOS,LAX,BOS-LAX,SFO,AS,DL,AS / DL,coach / coach,2022-04-17T22:48:00-07:00,2022-04-18T06:00:00-07:00,1650260880,1650286800,432.0,432.0,1,1,1,40
883799ec1f453811,2022-04-16,2022-04-17,BOS,LAX,BOS-LAX,SFO,AS,AS,AS / AS,coach / coach,2022-04-17T22:48:00-07:00,2022-04-18T06:00:00-07:00,1650260880,1650286800,432.0,432.0,1,1,1,41
fac3909ae1934b84,2022-04-16,2022-04-17,BOS,LAX,BOS-LAX,EWR,DL,AS,DL / AS,coach / coach,2022-04-17T15:35:00-04:00,2022-04-17T18:00:00-04:00,1650224100,1650232800,145.0,0.0,0,0,1,42
2b87254b28f1dd75,2022-04-16,2022-04-17,BOS,LAX,BOS-LAX,EWR,DL,AS,DL / AS,coach / coach,2022-04-17T15:35:00-04:00,2022-04-17T20:29:00-04:00,1650224100,1650241740,294.0,0.0,0,0,1,43
b1cf4cd0f5ee5685,2022-04-16,2022-04-17,BOS,LAX,BOS-LAX,MSP,DL,DL,DL / DL,coach / coach,2022-04-17T14:44:00-05:00,2022-04-17T15:15:00-05:00,1650224640,1650226500,31.0,0.0,0,0,1,44
bad3d55ced64a932,2022-04-16,2022-04-17,BOS,LAX,BOS-LAX,EWR,DL,AS,DL / AS,coach / coach,2022-04-17T19:03:00-04:00,2022-04-17T20:29:00-04:00,1650236580,1650241740,86.0,0.0,0,0,1,45
9f1d36555ee1e265,2022-04-16,2022-04-17,BOS,LAX,BOS-LAX,DCA,DL,AS,DL / AS,coach / coach,2022-04-17T08:03:00-04:00,2022-04-17T09:15:00-04:00,1650196980,1650201300,72.0,0.0,0,0,1,46
3b21e61284af1e7d,2022-04-16,2022-04-17,LAX,BOS,LAX-BOS,MSP,SY,SY,SY / SY,coach / coach,2022-04-17T23:15:00-05:00,2022-04-18T06:50:00-05:00,1650255300,1650282600,455.0,405.0,1,1,1,52
3c100c2fad16aa32,2022-04-16,2022-04-17,LAX,BOS,LAX-BOS,CLT,AA,AA,AA / AA,coach / coach,2022-04-17T19:32:00-04:00,2022-04-17T20:25:00-04:00,1650238320,1650241500,53.0,0.0,0,0,1,83
ae3547a12f884e22,2022-04-16,2022-04-17,LAX,BOS,LAX-BOS,CLT,AA,AA,AA / AA,coach / coach,2022-04-17T13:52:00-04:00,2022-04-17T14:55:00-04:00,1650217920,1650221700,63.0,0.0,0,0,1,84
dfec8d4490d0fc77,2022-04-16,2022-04-17,LAX,BOS,LAX-BOS,PHX,AA,AA,AA / AA,coach / coach,2022-04-17T07:51:00-07:00,2022-04-17T08:34:00-07:00,1650207060,1650209640,43.0,0.0,0,0,1,85
f2adcd179a8c0fd2,2022-04-16,2022-04-17,LAX,BOS,LAX-BOS,DTW,DL,DL,DL / DL,coach / coach,2022-04-18T06:30:00-04:00,2022-04-18T07:30:00-04:00,1650277800,1650281400,60.0,0.0,0,0,1,86
e8fc549fa4bc2377,2022-04-16,2022-04-17,LAX,BOS,LAX-BOS,DEN,UA,UA,UA / UA,coach / coach,2022-04-17T22:16:00-06:00,2022-04-17T23:20:00-06:00,1650255360,1650259200,64.0,64.0,0,0,1,87
70e7626eafe745cd,2022-04-16,2022-04-17,LAX,BOS,LAX-BOS,SLC,DL,DL,DL / DL,coach / coach,2022-04-17T23:08:00-06:00,2022-04-17T23:59:00-06:00,1650258480,1650261540,51.0,51.0,0,0,1,88
1fb0c5bbe2e38b68,2022-04-16,2022-04-17,LAX,BOS,LAX-BOS,EWR,UA,UA,UA / UA,coach / coach,2022-04-17T16:23:00-04:00,2022-04-17T17:14:00-04:00,1650226980,1650230040,51.0,0.0,0,0,1,89
6302959c9871b643,2022-04-16,2022-04-17,LAX,BOS,LAX-BOS,ORD,AA,AA,AA / AA,coach / coach,2022-04-17T16:07:00-05:00,2022-04-17T17:05:00-05:00,1650229620,1650233100,58.0,0.0,0,0,1,90
b33e382e723eee8e,2022-04-16,2022-04-17,LAX,BOS,LAX-BOS,DTW,DL,DL,DL / DL,coach / coach,2022-04-17T21:47:00-04:00,2022-04-17T22:59:00-04:00,1650246420,1650250740,72.0,59.0,0,0,1,91
b4a6baaab9f2456d,2022-04-16,2022-04-17,LAX,BOS,LAX-BOS,ATL,DL,DL,DL / DL,coach / coach,2022-04-17T13:08:00-04:00,2022-04-17T13:59:00-04:00,1650215280,1650218340,51.0,0.0,0,0,1,92
0038961ffb8a6994,2022-04-16,2022-04-17,LAX,BOS,LAX-BOS,MSP,DL,DL,DL / DL,coach / coach,2022-04-17T11:58:00-05:00,2022-04-17T13:05:00-05:00,1650214680,1650218700,67.0,0.0,0,0,1,93
8edbe2d402864bc4,2022-04-16,2022-04-17,LAX,BOS,LAX-BOS,DTW,DL,DL,DL / DL,coach / coach,2022-04-17T13:05:00-04:00,2022-04-17T14:15:00-04:00,1650215100,1650219300,70.0,0.0,0,0,1,94
bbd73353a2769f04,2022-04-16,2022-04-17,LAX,BOS,LAX-BOS,SLC,DL,DL,DL / DL,coach / coach,2022-04-17T16:35:00-06:00,2022-04-17T17:46:00-06:00,1650234900,1650239160,71.0,0.0,0,0,1,95
cf6c811c84da5d90,2022-04-16,2022-04-17,LAX,BOS,LAX-BOS,PHL,AA,AA,AA / AA,coach / coach,2022-04-17T14:31:00-04:00,2022-04-17T15:30:00-04:00,1650220260,1650223800,59.0,0.0,0,0,1,96
45b182051378acd9,2022-04-16,2022-04-17,LAX,BOS,LAX-BOS,ORD,UA,UA,UA / UA,coach / coach,2022-04-17T12:49:00-05:00,2022-04-17T14:00:00-05:00,1650217740,1650222000,71.0,0.0,0,0,1,97
a93bddcd4881c96b,2022-04-16,2022-04-17,LAX,BOS,LAX-BOS,EWR,UA,UA,UA / UA,coach / coach,2022-04-17T14:33:00-04:00,2022-04-17T15:36:00-04:00,1650220380,1650224160,63.0,0.0,0,0,1,98
9f23b268736be0c5,2022-04-16,2022-04-17,LAX,BOS,LAX-BOS,ORD,AA,AA,AA / AA,coach / coach,2022-04-17T12:17:00-05:00,2022-04-17T13:25:00-05:00,1650215820,1650219900,68.0,0.0,0,0,1,99
cf95f206721aec78,2022-04-16,2022-04-17,LAX,BOS,LAX-BOS,ATL,DL,DL,DL / DL,coach / coach,2022-04-18T05:29:00-04:00,2022-04-18T06:30:00-04:00,1650274140,1650277800,61.0,31.0,0,0,1,100
f6b4b644022457e2,2022-04-16,2022-04-17,LAX,BOS,LAX-BOS,PHX,AA,AA,AA / AA,coach / coach,2022-04-17T11:23:00-07:00,2022-04-17T12:46:00-07:00,1650219780,1650224760,83.0,0.0,0,0,1,101
c9d287a5e69c0543,2022-04-16,2022-04-17,LAX,BOS,LAX-BOS,JFK,AA,AA,AA / AA,coach / coach,2022-04-17T20:30:00-04:00,2022-04-17T21:29:00-04:00,1650241800,1650245340,59.0,0.0,0,0,1,102
85bf92ac68bec257,2022-04-16,2022-04-17,LAX,BOS,LAX-BOS,DEN,UA,UA,UA / UA,coach / coach,2022-04-17T08:23:00-06:00,2022-04-17T09:50:00-06:00,1650205380,1650210600,87.0,0.0,0,0,1,103
1b251ee017aa1994,2022-04-16,2022-04-17,LAX,BOS,LAX-BOS,ORD,AA,AA,AA / AA,coach / coach,2022-04-17T19:20:00-05:00,2022-04-17T20:35:00-05:00,1650241200,1650245700,75.0,0.0,0,0,1,104
c4df8fcfd8855ba2,2022-04-16,2022-04-17,LAX,BOS,LAX-BOS,SLC,DL,DL,DL / DL,coach / coach,2022-04-17T08:52:00-06:00,2022-04-17T09:57:00-06:00,1650207120,1650211020,65.0,0.0,0,0,1,105
cfd1eb1dfe8d6720,2022-04-16,2022-04-17,LAX,BOS,LAX-BOS,CVG,DL,DL,DL / DL,coach / coach,2022-04-18T05:06:00-04:00,2022-04-18T06:30:00-04:00,1650272760,1650277800,84.0,54.0,0,0,1,106
b615a440477e9dae,2022-04-16,2022-04-17,LAX,BOS,LAX-BOS,DEN,UA,UA,UA / UA,coach / coach,2022-04-17T16:11:00-06:00,2022-04-17T17:44:00-06:00,1650233460,1650239040,93.0,0.0,0,0,1,107
15ed3698785156ff,2022-04-16,2022-04-17,LAX,BOS,LAX-BOS,DFW,AA,AA,AA / AA,coach / coach,2022-04-17T15:55:00-05:00,2022-04-17T16:59:00-05:00,1650228900,1650232740,64.0,0.0,0,0,1,108
41fdcd9df215ea89,2022-04-16,2022-04-17,LAX,BOS,LAX-BOS,ORD,AA,AA,AA / AA,coach / coach,2022-04-18T05:47:00-05:00,2022-04-18T07:25:00-05:00,1650278820,1650284700,98.0,13.0,0,0,1,109
bc53ad7963f302b0,2022-04-16,2022-04-17,LAX,BOS,LAX-BOS,ORD,AA,AA,AA / AA,coach / coach,2022-04-17T13:49:00-05:00,2022-04-17T15:10:00-05:00,1650221340,1650226200,81.0,0.0,0,0,1,110
f24ae5f7e6e3dc76,2022-04-16,2022-04-17,LAX,BOS,LAX-BOS,EWR,UA,UA,UA / UA,coach / coach,2022-04-17T20:54:00-04:00,2022-04-17T22:16:00-04:00,1650243240,1650248160,82.0,16.0,0,0,1,111
88a95676f4a5079e,2022-04-16,2022-04-17,LAX,BOS,LAX-BOS,DEN,UA,UA,UA / UA,coach / coach,2022-04-17T14:34:00-06:00,2022-04-17T16:07:00-06:00,1650227640,1650233220,93.0,0.0,0,0,1,112
b5969432a0b398ee,2022-04-16,2022-04-17,LAX,BOS,LAX-BOS,MSP,DL,DL,DL / DL,coach / coach,2022-04-17T13:57:00-05:00,2022-04-17T15:33:00-05:00,1650221820,1650227580,96.0,0.0,0,0,1,113
e0db698fc1c2440d,2022-04-16,2022-04-17,LAX,BOS,LAX-BOS,SFO,UA,UA,UA / UA,coach / coach,2022-04-17T07:41:00-07:00,2022-04-17T08:25:00-07:00,1650206460,1650209100,44.0,0.0,0,0,1,114
1800ed4547c07aa0,2022-04-16,2022-04-17,LAX,BOS,LAX-BOS,DFW,AA,AA,AA / AA,coach / coach,2022-04-17T11:05:00-05:00,2022-04-17T12:24:00-05:00,1650211500,1650216240,79.0,0.0,0,0,1,115
005c745535914e0c,2022-04-16,2022-04-17,LAX,BOS,LAX-BOS,JFK,DL,DL,DL / DL,coach / coach,2022-04-18T06:00:00-04:00,2022-04-18T07:30:00-04:00,1650276000,1650281400,90.0,0.0,0,0,1,116
3fdc1beb444534cf,2022-04-16,2022-04-17,LAX,BOS,LAX-BOS,DTW,DL,DL,DL / DL,coach / coach,2022-04-18T05:17:00-04:00,2022-04-18T07:30:00-04:00,1650273420,1650281400,133.0,43.0,0,0,1,117
f60bd8a86ccd0101,2022-04-16,2022-04-17,LAX,BOS,LAX-BOS,ORD,UA,UA,UA / UA,coach / coach,2022-04-18T04:52:00-05:00,2022-04-18T07:15:00-05:00,1650275520,1650284100,143.0,68.0,0,0,1,118
1c2e81fae3360afe,2022-04-16,2022-04-17,LAX,BOS,LAX-BOS,JFK,DL,DL,DL / DL,coach / coach,2022-04-18T07:53:00-04:00,2022-04-18T09:45:00-04:00,1650282780,1650289500,112.0,0.0,0,0,1,119
7d75b9a6d300ddba,2022-04-16,2022-04-17,LAX,BOS,LAX-BOS,SLC,DL,DL,DL / DL,coach / coach,2022-04-17T21:40:00-06:00,2022-04-17T23:59:00-06:00,1650253200,1650261540,139.0,119.0,0,0,1,120
7f3c6a9a6fb83708,2022-04-16,2022-04-17,LAX,BOS,LAX-BOS,EWR,UA,UA,UA / UA,coach / coach,2022-04-18T08:11:00-04:00,2022-04-18T10:30:00-04:00,1650283860,1650292200,139.0,0.0,0,0,1,121
dfd221e9bccc9ea1,2022-04-16,2022-04-17,LAX,BOS,LAX-BOS,ORD,AA,AA,AA / AA,coach / coach,2022-04-18T05:47:00-05:00,2022-04-18T08:45:00-05:00,1650278820,1650289500,178.0,13.0,0,0,1,122
feee1425b878597d,2022-04-16,2022-04-17,LAX,BOS,LAX-BOS,IAH,UA,UA,UA / UA,coach / coach,2022-04-17T05:13:00-05:00,2022-04-17T07:55:00-05:00,1650190380,1650200100,162.0,47.0,0,0,1,123
3f6805b125b7c7b2,2022-04-16,2022-04-17,LAX,BOS,LAX-BOS,DTW,DL,DL,DL / DL,coach / coach,2022-04-18T06:30:00-04:00,2022-04-18T10:00:00-04:00,1650277800,1650290400,210.0,0.0,0,0,1,124
2fbefb679521b265,2022-04-16,2022-04-17,LAX,BOS,LAX-BOS,EWR,UA,UA,UA / UA,coach / coach,2022-04-18T08:11:00-04:00,2022-04-18T11:57:00-04:00,1650283860,1650297420,226.0,0.0,0,0,1,125
18bffa80a30d637c,2022-04-16,2022-04-17,LAX,BOS,LAX-BOS,MSP,DL,DL,DL / DL,coach / coach,2022-04-17T06:36:00-05:00,2022-04-17T07:35:00-05:00,1650195360,1650198900,59.0,0.0,0,0,1,129
88ec531c6e89d828,2022-04-16,2022-04-17,LAX,BOS,LAX-BOS,SFO,AS,AS,AS / AS,coach / coach,2022-04-17T07:31:00-07:00,2022-04-17T09:15:00-07:00,1650205860,1650212100,104.0,0.0,0,0,1,130
7a1e7467c04b57a9,2022-04-16,2022-04-18,BOS,LAX,BOS-LAX,SLC,DL,DL,DL / DL,coach / coach,2022-04-18T09:35:00-06:00,2022-04-18T11:34:00-06:00,1650296100,1650303240,119.0,0.0,0,0,1,138
67e2c0d7186f0612,2022-04-16,2022-04-18,BOS,LAX,BOS-LAX,ORD,AA,AA,AA / AA,coach / coach,2022-04-18T15:55:00-05:00,2022-04-18T18:32:00-05:00,1650315300,1650324720,157.0,0.0,0,0,1,139
ec80a13e178c005d,2022-04-16,2022-04-18,BOS,LAX,BOS-LAX,ORD,UA,UA,UA / UA,coach / coach,2022-04-18T18:50:00-05:00,2022-04-18T21:25:00-05:00,1650325800,1650335100,155.0,0.0,0,0,1,140
a464fd5d41a2d437,2022-04-16,2022-04-18,BOS,LAX,BOS-LAX,MSP,DL,DL,DL / DL,coach / coach,2022-04-18T10:28:00-05:00,2022-04-18T13:13:00-05:00,1650295680,1650305580,165.0,0.0,0,0,1,141
b0fb4267756d1d23,2022-04-16,2022-04-18,BOS,LAX,BOS-LAX,MSP,DL,DL,DL / DL,coach / coach,2022-04-18T20:23:00-05:00,2022-04-18T21:43:00-05:00,1650331380,1650336180,80.0,0.0,0,0,1,150
361d5cab79712d6a,2022-04-16,2022-04-18,BOS,LAX,BOS-LAX,MSP,DL,DL,DL / DL,coach / coach,2022-04-18T08:22:00-05:00,2022-04-18T09:55:00-05:00,1650288120,1650293700,93.0,0.0,0,0,1,151
05b82b1ac044ff45,2022-04-16,2022-04-18,BOS,LAX,BOS-LAX,DTW,DL,DL,DL / DL,coach / coach,2022-04-18T15:00:00-04:00,2022-04-18T16:57:00-04:00,1650308400,1650315420,117.0,0.0,0,0,1,152
0154a5435ab3a634,2022-04-16,2022-04-18,BOS,LAX,BOS-LAX,DEN,UA,UA,UA / UA,coach / coach,2022-04-18T12:16:00-06:00,2022-04-18T13:37:00-06:00,1650305760,1650310620,81.0,0.0,0,0,1,153
d57bb7aa52630b98,2022-04-16,2022-04-18,BOS,LAX,BOS-LAX,DEN,UA,UA,UA / UA,coach / coach,2022-04-18T14:24:00-06:00,2022-04-18T16:02:00-06:00,1650313440,1650319320,98.0,0.0,0,0,1,154
d3921b38f8ef1c51,2022-04-16,2022-04-18,BOS,LAX,BOS-LAX,PHX,AA,AA,AA / AA,coach / coach,2022-04-18T12:19:00-07:00,2022-04-18T14:25:00-07:00,1650309540,1650317100,126.0,0.0,0,0,1,155
e44ae919f69e025c,2022-04-16,2022-04-18,BOS,LAX,BOS-LAX,DEN,UA,UA,UA / UA,coach / coach,2022-04-18T14:24:00-06:00,2022-04-18T17:20:00-06:00,1650313440,1650324000,176.0,0.0,0,0,1,156
8e6ff81a8e6862be,2022-04-16,2022-04-18,BOS,LAX,BOS-LAX,DEN,UA,UA,UA / UA,coach / coach,2022-04-18T12:16:00-06:00,2022-04-18T16:02:00-06:00,1650305760,1650319320,226.0,0.0,0,0,1,157
8665b44ccf3576e2,2022-04-16,2022-04-18,BOS,LAX,BOS-LAX,SFO,AS,AS,AS / AS,coach / coach,2022-04-18T22:48:00-07:00,2022-04-19T06:00:00-07:00,1650347280,1650373200,432.0,432.0,1,1,1,158
f24e0c876a7275a8,2022-04-16,2022-04-18,BOS,LAX,BOS-LAX,MSP,DL,DL,DL / DL,coach / coach,2022-04-18T10:28:00-05:00,2022-04-18T11:19:00-05:00,1650295680,1650298740,51.0,0.0,0,0,1,162
ebfe1408c73d16b2,2022-04-16,2022-04-18,BOS,LAX,BOS-LAX,MSP,DL,DL,DL / DL,coach / coach,2022-04-18T17:00:00-05:00,2022-04-18T18:02:00-05:00,1650319200,1650322920,62.0,0.0,0,0,1,163
ee3d8db0b4e3ed2b,2022-04-16,2022-04-18,BOS,LAX,BOS-LAX,MSP,DL,DL,DL / DL,coach / coach,2022-04-18T14:44:00-05:00,2022-04-18T18:02:00-05:00,1650311040,1650322920,198.0,0.0,0,0,1,164
bf58206a8fb6d3f8,2022-04-16,2022-04-18,BOS,LAX,BOS-LAX,SFO,AS,DL,AS / DL,coach / coach,2022-04-18T22:48:00-07:00,2022-04-19T06:00:00-07:00,1650347280,1650373200,432.0,432.0,1,1,1,165
0aa312af50de3f05,2022-04-16,2022-04-18,BOS,LAX,BOS-LAX,PHX,AA,AA,AA / AA,coach / coach,2022-04-18T19:30:00-07:00,2022-04-18T20:06:00-07:00,1650335400,1650337560,36.0,0.0,0,0,1,168
e496e6280eb9d912,2022-04-16,2022-04-18,BOS,LAX,BOS-LAX,EWR,DL,AS,DL / AS,coach / coach,2022-04-18T17:24:00-04:00,2022-04-18T20:29:00-04:00,1650317040,1650328140,185.0,0.0,0,0,1,170
faf91425e064402a,2022-04-16,2022-04-18,BOS,LAX,BOS-LAX,EWR,DL,AS,DL / AS,coach / coach,2022-04-18T15:35:00-04:00,2022-04-18T20:29:00-04:00,1650310500,1650328140,294.0,0.0,0,0,1,171
cd9dc7a490c66b2d,2022-04-16,2022-04-18,BOS,LAX,BOS-LAX,EWR,DL,AS,DL / AS,coach / coach,2022-04-18T19:03:00-04:00,2022-04-18T20:29:00-04:00,1650322980,1650328140,86.0,0.0,0,0,1,175
11881350637b6453,2022-04-16,2022-04-18,BOS,LAX,BOS-LAX,EWR,DL,AS,DL / AS,coach / coach,2022-04-18T15:35:00-04:00,2022-04-18T18:00:00-04:00,1650310500,1650319200,145.0,0.0,0,0,1,176
f52f14f2dcc3ce11,2022-04-16,2022-04-18,BOS,LAX,BOS-LAX,IAD,UA,AS,UA / AS,coach / coach,2022-04-18T16:25:00-04:00,2022-04-18T17:30:00-04:00,1650313500,1650317400,65.0,0.0,0,0,1,178
5417edd844e5f22a,2022-04-16,2022-04-18,LAX,BOS,LAX-BOS,DEN,UA,UA,UA / UA,coach / coach,2022-04-18T22:16:00-06:00,2022-04-18T23:00:00-06:00,1650341760,1650344400,44.0,44.0,0,0,1,202
3be4a67c2c3af81a,2022-04-16,2022-04-18,LAX,BOS,LAX-BOS,EWR,UA,UA,UA / UA,coach / coach,2022-04-18T16:23:00-04:00,2022-04-18T16:58:00-04:00,1650313380,1650315480,35.0,0.0,0,0,1,203
5863d85ca6536f86,2022-04-16,2022-04-18,LAX,BOS,LAX-BOS,DTW,DL,DL,DL / DL,coach / coach,2022-04-19T06:30:00-04:00,2022-04-19T07:30:00-04:00,1650364200,1650367800,60.0,0.0,0,0,1,204
9b5631285bfe0279,2022-04-16,2022-04-18,LAX,BOS,LAX-BOS,EWR,UA,UA,UA / UA,coach / coach,2022-04-19T06:50:00-04:00,2022-04-19T08:00:00-04:00,1650365400,1650369600,70.0,0.0,0,0,1,205
b76dbc522f95d28e,2022-04-16,2022-04-18,LAX,BOS,LAX-BOS,MSP,DL,DL,DL / DL,coach / coach,2022-04-18T06:36:00-05:00,2022-04-18T07:35:00-05:00,1650281760,1650285300,59.0,0.0,0,0,1,206
5bc84a8d9fd1a8b7,2022-04-16,2022-04-18,LAX,BOS,LAX-BOS,ORD,UA,UA,UA / UA,coach / coach,2022-04-19T06:03:00-05:00,2022-04-19T07:15:00-05:00,1650366180,1650370500,72.0,0.0,0,0,1,207
1488a4319210e7e5,2022-04-16,2022-04-18,LAX,BOS,LAX-BOS,DTW,DL,DL,DL / DL,coach / coach,2022-04-18T13:05:00-04:00,2022-04-18T14:15:00-04:00,1650301500,1650305700,70.0,0.0,0,0,1,208
ff7e07448dc208f2,2022-04-16,2022-04-18,LAX,BOS,LAX-BOS,SLC,DL,DL,DL / DL,coach / coach,2022-04-18T16:35:00-06:00,2022-04-18T17:46:00-06:00,1650321300,1650325560,71.0,0.0,0,0,1,209
a20daa07f7e6ce3e,2022-04-16,2022-04-18,LAX,BOS,LAX-BOS,IAD,UA,UA,UA / UA,coach / coach,2022-04-19T07:29:00-04:00,2022-04-19T08:37:00-04:00,1650367740,1650371820,68.0,0.0,0,0,1,210
45da7e14f5cfb720,2022-04-16,2022-04-18,LAX,BOS,LAX-BOS,DEN,UA,UA,UA / UA,coach / coach,2022-04-18T08:23:00-06:00,2022-04-18T09:50:00-06:00,1650291780,1650297000,87.0,0.0,0,0,1,211
4c738b297b147b27,2022-04-16,2022-04-18,LAX,BOS,LAX-BOS,SLC,DL,DL,DL / DL,coach / coach,2022-04-18T08:52:00-06:00,2022-04-18T09:57:00-06:00,1650293520,1650297420,65.0,0.0,0,0,1,212
f375254de4cf9013,2022-04-16,2022-04-18,LAX,BOS,LAX-BOS,ORD,AA,AA,AA / AA,coach / coach,2022-04-19T05:47:00-05:00,2022-04-19T07:25:00-05:00,1650365220,1650371100,98.0,13.0,0,0,1,213
7821993308a0164c,2022-04-16,2022-04-18,LAX,BOS,LAX-BOS,DEN,UA,UA,UA / UA,coach / coach,2022-04-18T16:05:00-06:00,2022-04-18T17:44:00-06:00,1650319500,1650325440,99.0,0.0,0,0,1,214
a207cbe2bad7f0fb,2022-04-16,2022-04-18,LAX,BOS,LAX-BOS,SFO,UA,UA,UA / UA,coach / coach,2022-04-18T07:41:00-07:00,2022-04-18T08:25:00-07:00,1650292860,1650295500,44.0,0.0,0,0,1,215
9096782158ebf92f,2022-04-16,2022-04-18,LAX,BOS,LAX-BOS,DEN,UA,UA,UA / UA,coach / coach,2022-04-18T14:24:00-06:00,2022-04-18T16:11:00-06:00,1650313440,1650319860,107.0,0.0,0,0,1,216
ccd314461d24225b,2022-04-16,2022-04-18,LAX,BOS,LAX-BOS,EWR,UA,UA,UA / UA,coach / coach,2022-04-18T16:23:00-04:00,2022-04-18T17:59:00-04:00,1650313380,1650319140,96.0,0.0,0,0,1,217
5b7887c8d519db29,2022-04-16,2022-04-18,LAX,BOS,LAX-BOS,IAH,UA,UA,UA / UA,coach / coach,2022-04-18T17:25:00-05:00,2022-04-18T18:35:00-05:00,1650320700,1650324900,70.0,0.0,0,0,1,218
264d8d7d94a1ac5e,2022-04-16,2022-04-18,LAX,BOS,LAX-BOS,ORD,UA,UA,UA / UA,coach / coach,2022-04-18T16:40:00-05:00,2022-04-18T18:22:00-05:00,1650318000,1650324120,102.0,0.0,0,0,1,219
ee9ab7f0c9e47688,2022-04-16,2022-04-18,LAX,BOS,LAX-BOS,DTW,DL,DL,DL / DL,coach / coach,2022-04-19T05:17:00-04:00,2022-04-19T07:30:00-04:00,1650359820,1650367800,133.0,43.0,0,0,1,220
da1d620d228cec9a,2022-04-16,2022-04-18,LAX,BOS,LAX-BOS,ORD,UA,UA,UA / UA,coach / coach,2022-04-19T04:52:00-05:00,2022-04-19T07:15:00-05:00,1650361920,1650370500,143.0,68.0,0,0,1,221
ad8096436c43df5d,2022-04-16,2022-04-18,LAX,BOS,LAX-BOS,JFK,DL,DL,DL / DL,coach / coach,2022-04-18T16:09:00-04:00,2022-04-18T17:50:00-04:00,1650312540,1650318600,101.0,0.0,0,0,1,222
c2672bae1ecd283c,2022-04-16,2022-04-18,LAX,BOS,LAX-BOS,JFK,DL,DL,DL / DL,coach / coach,2022-04-19T07:53:00-04:00,2022-04-19T09:45:00-04:00,1650369180,1650375900,112.0,0.0,0,0,1,223
15c862629c05b4f1,2022-04-16,2022-04-18,LAX,BOS,LAX-BOS,SFO,UA,UA,UA / UA,coach / coach,2022-04-18T12:16:00-07:00,2022-04-18T13:25:00-07:00,1650309360,1650313500,69.0,0.0,0,0,1,224
c19889db311e514e,2022-04-16,2022-04-18,LAX,BOS,LAX-BOS,EWR,UA,UA,UA / UA,coach / coach,2022-04-19T08:11:00-04:00,2022-04-19T10:30:00-04:00,1650370260,1650378600,139.0,0.0,0,0,1,225
0729a201840b2332,2022-04-16,2022-04-18,LAX,BOS,LAX-BOS,EWR,UA,UA,UA / UA,coach / coach,2022-04-18T15:38:00-04:00,2022-04-18T17:59:00-04:00,1650310680,1650319140,141.0,0.0,0,0,1,226
bcdda13f05c66323,2022-04-16,2022-04-18,LAX,BOS,LAX-BOS,SFO,UA,UA,UA / UA,coach / coach,2022-04-18T20:46:00-07:00,2022-04-18T22:41:00-07:00,1650339960,1650346860,115.0,41.0,0,0,1,227
e3c187e6a826dabc,2022-04-16,2022-04-18,LAX,BOS,LAX-BOS,AUS,AA,AA,AA / AA,coach / coach,2022-04-18T13:34:00-05:00,2022-04-18T16:10:00-05:00,1650306840,1650316200,156.0,0.0,0,0,1,228
f1cb0d08fc9ec575,2022-04-16,2022-04-18,LAX,BOS,LAX-BOS,PHL,AA,AA,AA / AA,coach / coach,2022-04-19T06:13:00-04:00,2022-04-19T08:45:00-04:00,1650363180,1650372300,152.0,0.0,0,0,1,229
b69f847ad5d040e1,2022-04-16,2022-04-18,LAX,BOS,LAX-BOS,ORD,UA,UA,UA / UA,coach / coach,2022-04-19T06:03:00-05:00,2022-04-19T08:55:00-05:00,1650366180,1650376500,172.0,0.0,0,0,1,230
c459aefafcf73176,2022-04-16,2022-04-18,LAX,BOS,LAX-BOS,DEN,UA,UA,UA / UA,coach / coach,2022-04-18T19:35:00-06:00,2022-04-18T23:00:00-06:00,1650332100,1650344400,205.0,60.0,0,0,1,231
6b69ee6bbb1e91ae,2022-04-16,2022-04-18,LAX,BOS,LAX-BOS,SEA,DL,DL,DL / DL,coach / coach,2022-04-18T20:19:00-07:00,2022-04-18T21:51:00-07:00,1650338340,1650343860,92.0,0.0,0,0,1,232
680de6366f8681a4,2022-04-16,2022-04-18,LAX,BOS,LAX-BOS,DEN,UA,UA,UA / UA,coach / coach,2022-04-18T14:24:00-06:00,2022-04-18T17:44:00-06:00,1650313440,1650325440,200.0,0.0,0,0,1,233
3915010d9b6cb21d,2022-04-16,2022-04-18,LAX,BOS,LAX-BOS,IAD,UA,UA,UA / UA,coach / coach,2022-04-19T05:29:00-04:00,2022-04-19T08:37:00-04:00,1650360540,1650371820,188.0,31.0,0,0,1,234
29ba6924f7546529,2022-04-16,2022-04-18,LAX,BOS,LAX-BOS,SEA,DL,DL,DL / DL,coach / coach,2022-04-18T13:52:00-07:00,2022-04-18T15:35:00-07:00,1650315120,1650321300,103.0,0.0,0,0,1,235
007d9acaff75fabd,2022-04-16,2022-04-18,LAX,BOS,LAX-BOS,MIA,AA,AA,AA / AA,coach / coach,2022-04-18T09:19:00-04:00,2022-04-18T10:50:00-04:00,1650287940,1650293400,91.0,0.0,0,0,1,236
5f551190e3b94194,2022-04-16,2022-04-18,LAX,BOS,LAX-BOS,PHL,AA,AA,AA / AA,coach / coach,2022-04-19T06:13:00-04:00,2022-04-19T09:40:00-04:00,1650363180,1650375600,207.0,0.0,0,0,1,237
609fa2812c166d46,2022-04-16,2022-04-18,LAX,BOS,LAX-BOS,EWR,UA,UA,UA / UA,coach / coach,2022-04-19T06:50:00-04:00,2022-04-19T10:30:00-04:00,1650365400,1650378600,220.0,0.0,0,0,1,238
85e229a39b5f72d3,2022-04-16,2022-04-18,LAX,BOS,LAX-BOS,IAH,UA,UA,UA / UA,coach / coach,2022-04-18T15:34:00-05:00,2022-04-18T18:35:00-05:00,1650314040,1650324900,181.0,0.0,0,0,1,239
50172c0148941a86,2022-04-16,2022-04-18,LAX,BOS,LAX-BOS,EWR,UA,UA,UA / UA,coach / coach,2022-04-19T08:11:00-04:00,2022-04-19T11:52:00-04:00,1650370260,1650383520,221.0,0.0,0,0,1,240
0a444550c96d6da1,2022-04-16,2022-04-18,LAX,BOS,LAX-BOS,SLC,DL,DL,DL / DL,coach / coach,2022-04-18T14:02:00-06:00,2022-04-18T17:46:00-06:00,1650312120,1650325560,224.0,0.0,0,0,1,241
04e49703f8ea93eb,2022-04-16,2022-04-18,LAX,BOS,LAX-BOS,PHX,AA,AA,AA / AA,coach / coach,2022-04-18T18:07:00-07:00,2022-04-18T22:00:00-07:00,1650330420,1650344400,233.0,0.0,0,0,1,242
1f47e6f85300a67a,2022-04-16,2022-04-18,LAX,BOS,LAX-BOS,DEN,UA,UA,UA / UA,coach / coach,2022-04-18T12:15:00-06:00,2022-04-18T16:11:00-06:00,1650305700,1650319860,236.0,0.0,0,0,1,243
c587c6f11cd2c0c3,2022-04-16,2022-04-18,LAX,BOS,LAX-BOS,SEA,DL,DL,DL / DL,coach / coach,2022-04-18T12:42:00-07:00,2022-04-18T15:35:00-07:00,1650310920,1650321300,173.0,0.0,0,0,1,244
208427a64c96de52,2022-04-16,2022-04-18,LAX,BOS,LAX-BOS,SFO,UA,UA,UA / UA,coach / coach,2022-04-18T09:50:00-07:00,2022-04-18T13:25:00-07:00,1650300600,1650313500,215.0,0.0,0,0,1,245
1a1c9eb6d1177b52,2022-04-16,2022-04-18,LAX,BOS,LAX-BOS,MIA,AA,AA,AA / AA,coach / coach,2022-04-18T09:19:00-04:00,2022-04-18T12:10:00-04:00,1650287940,1650298200,171.0,0.0,0,0,1,246
512797d042e83c9f,2022-04-16,2022-04-18,LAX,BOS,LAX-BOS,LAS,NK,NK,NK / NK,coach / coach,2022-04-18T18:51:00-07:00,2022-04-18T22:15:00-07:00,1650333060,1650345300,204.0,15.0,0,0,1,249
5b797a1049cc2f87,2022-04-16,2022-04-18,LAX,BOS,LAX-BOS,JFK,B6,B6,B6 / B6,coach / coach,2022-04-19T08:30:00-04:00,2022-04-19T12:00:00-04:00,1650371400,1650384000,210.0,0.0,0,0,1,250
d54ce8036aab2a51,2022-04-16,2022-04-18,LAX,BOS,LAX-BOS,JFK,B6,B6,B6 / B6,coach / coach,2022-04-18T15:27:00-04:00,2022-04-18T20:00:00-04:00,1650310020,1650326400,273.0,0.0,0,0,1,252
c83cf49fad91145f,2022-04-16,2022-04-18,LAX,BOS,LAX-BOS,PHX,AA,AA,AA / AA,coach / coach,2022-04-18T13:38:00-07:00,2022-04-18T16:00:00-07:00,1650314280,1650322800,142.0,0.0,0,0,1,255
ee43ffc5f207dc06,2022-04-16,2022-04-18,LAX,BOS,LAX-BOS,SFO,AS,AS,AS / AS,coach / coach,2022-04-18T07:31:00-07:00,2022-04-18T09:15:00-07:00,1650292260,1650298500,104.0,0.0,0,0,1,260
9ad61f478ffd5b38,2022-04-16,2022-04-18,LAX,BOS,LAX-BOS,EWR,AS,DL,AS / DL,coach / coach,2022-04-18T18:40:00-04:00,2022-04-18T19:48:00-04:00,1650321600,1650325680,68.0,0.0,0,0,1,261
c80ea775951b2674,2022-04-16,2022-04-18,LAX,BOS,LAX-BOS,EWR,AS,DL,AS / DL,coach / coach,2022-04-18T16:55:00-04:00,2022-04-18T18:10:00-04:00,1650315300,1650319800,75.0,0.0,0,0,1,262
c2d0a92c2b65f26d,2022-04-16,2022-04-18,LAX,BOS,LAX-BOS,FLL,NK,NK,NK / NK,coach / coach,2022-04-19T05:29:00-04:00,2022-04-19T08:00:00-04:00,1650360540,1650369600,151.0,31.0,0,0,1,263
09839195a42d7ab3,2022-04-16,2022-04-19,BOS,LAX,BOS-LAX,IAD,UA,UA,UA / UA,coach / coach,2022-04-19T21:20:00-04:00,2022-04-19T22:35:00-04:00,1650417600,1650422100,75.0,35.0,0,0,1,265
c4fb5468a264e594,2022-04-16,2022-04-19,BOS,LAX,BOS-LAX,EWR,UA,UA,UA / UA,coach / coach,2022-04-19T12:55:00-04:00,2022-04-19T14:00:00-04:00,1650387300,1650391200,65.0,0.0,0,0,1,266
5b7d15ba290f443d,2022-04-16,2022-04-19,BOS,LAX,BOS-LAX,EWR,UA,UA,UA / UA,coach / coach,2022-04-19T14:30:00-04:00,2022-04-19T16:00:00-04:00,1650393000,1650398400,90.0,0.0,0,0,1,267
b00efbb777d8f422,2022-04-16,2022-04-19,BOS,LAX,BOS-LAX,EWR,UA,UA,UA / UA,coach / coach,2022-04-19T15:31:00-04:00,2022-04-19T17:00:00-04:00,1650396660,1650402000,89.0,0.0,0,0,1,268
ce51a764150d3eea,2022-04-16,2022-04-19,BOS,LAX,BOS-LAX,EWR,UA,UA,UA / UA,coach / coach,2022-04-19T14:30:00-04:00,2022-04-19T17:00:00-04:00,1650393000,1650402000,150.0,0.0,0,0,1,269
2994bee5de41ba54,2022-04-16,2022-04-19,BOS,LAX,BOS-LAX,EWR,UA,UA,UA / UA,coach / coach,2022-04-19T12:55:00-04:00,2022-04-19T16:00:00-04:00,1650387300,1650398400,185.0,0.0,0,0,1,270
380174990483de49,2022-04-16,2022-04-19,BOS,LAX,BOS-LAX,EWR,UA,UA,UA / UA,coach / coach,2022-04-19T10:33:00-04:00,2022-04-19T14:00:00-04:00,1650378780,1650391200,207.0,0.0,0,0,1,271
e6b29498ba055993,2022-04-16,2022-04-19,BOS,LAX,BOS-LAX,MIA,AA,AA,AA / AA,coach / coach,2022-04-19T12:36:00-04:00,2022-04-19T15:50:00-04:00,1650386160,1650397800,194.0,0.0,0,0,1,272
610dea79ec8885a7,2022-04-16,2022-04-19,BOS,LAX,BOS-LAX,EWR,UA,UA,UA / UA,coach / coach,2022-04-19T08:37:00-04:00,2022-04-19T10:30:00-04:00,1650371820,1650378600,113.0,0.0,0,0,1,274
f4006bd34078b2e3,2022-04-16,2022-04-19,BOS,LAX,BOS-LAX,EWR,UA,UA,UA / UA,coach / coach,2022-04-19T07:29:00-04:00,2022-04-19T10:30:00-04:00,1650367740,1650378600,181.0,0.0,0,0,1,275
890d1654acfc5deb,2022-04-16,2022-04-19,BOS,LAX,BOS-LAX,EWR,UA,UA,UA / UA,coach / coach,2022-04-19T16:59:00-04:00,2022-04-19T18:00:00-04:00,1650401940,1650405600,61.0,0.0,0,0,1,278
656a6d686022a99e,2022-04-16,2022-04-19,BOS,LAX,BOS-LAX,EWR,DL,AS,DL / AS,coach / coach,2022-04-19T15:35:00-04:00,2022-04-19T18:35:00-04:00,1650396900,1650407700,180.0,0.0,0,0,1,285
c6e1b73a9dd193ba,2022-04-16,2022-04-19,BOS,LAX,BOS-LAX,CLT,AA,AA,AA / AA,coach / coach,2022-04-19T13:22:00-04:00,2022-04-19T16:40:00-04:00,1650388920,1650400800,198.0,0.0,0,0,1,290
d3e20bfd610e5fe5,2022-04-16,2022-04-19,BOS,LAX,BOS-LAX,EWR,UA,AS,UA / AS,coach / coach,2022-04-19T16:59:00-04:00,2022-04-19T18:35:00-04:00,1650401940,1650407700,96.0,0.0,0,0,1,291
a7dd67dc17c2d082,2022-04-16,2022-04-19,BOS,LAX,BOS-LAX,FLL,NK,NK,NK / NK,coach / coach,2022-04-19T16:12:00-04:00,2022-04-19T21:25:00-04:00,1650399120,1650417900,313.0,0.0,0,0,1,292
0a90d1df9fba6940,2022-04-16,2022-04-19,BOS,LAX,BOS-LAX,SFO,AS,AS,AS / AS,coach / coach,2022-04-19T22:01:00-07:00,2022-04-20T06:00:00-07:00,1650430860,1650459600,479.0,479.0,1,1,1,295
5cf56a8647680447,2022-04-16,2022-04-19,BOS,LAX,BOS-LAX,PDX,AS,AS,AS / AS,coach / coach,2022-04-19T23:21:00-07:00,2022-04-20T06:15:00-07:00,1650435660,1650460500,414.0,399.0,1,1,1,298
9190e3b269c87935,2022-04-16,2022-04-19,LAX,BOS,LAX-BOS,CLT,AA,AA,AA / AA,coach / coach,2022-04-19T13:52:00-04:00,2022-04-19T14:55:00-04:00,1650390720,1650394500,63.0,0.0,0,0,1,312
dcd25658354b5095,2022-04-16,2022-04-19,LAX,BOS,LAX-BOS,EWR,UA,UA,UA / UA,coach / coach,2022-04-19T16:23:00-04:00,2022-04-19T16:58:00-04:00,1650399780,1650401880,35.0,0.0,0,0,1,313
85e7c81a7389fdf6,2022-04-16,2022-04-19,LAX,BOS,LAX-BOS,STL,AA,AA,AA / AA,coach / coach,2022-04-19T14:44:00-05:00,2022-04-19T15:25:00-05:00,1650397440,1650399900,41.0,0.0,0,0,1,314
dc65e1f8f615941f,2022-04-16,2022-04-19,LAX,BOS,LAX-BOS,DEN,UA,UA,UA / UA,coach / coach,2022-04-19T22:16:00-06:00,2022-04-19T23:20:00-06:00,1650428160,1650432000,64.0,64.0,0,0,1,315
15b1273f8f34a181,2022-04-16,2022-04-19,LAX,BOS,LAX-BOS,ORD,UA,UA,UA / UA,coach / coach,2022-04-20T06:03:00-05:00,2022-04-20T07:15:00-05:00,1650452580,1650456900,72.0,0.0,0,0,1,316
4a2019900f0b1bb0,2022-04-16,2022-04-19,LAX,BOS,LAX-BOS,ORD,AA,AA,AA / AA,coach / coach,2022-04-19T12:17:00-05:00,2022-04-19T13:25:00-05:00,1650388620,1650392700,68.0,0.0,0,0,1,317
c30c8f1332acee4f,2022-04-16,2022-04-19,LAX,BOS,LAX-BOS,IAD,UA,UA,UA / UA,coach / coach,2022-04-20T07:29:00-04:00,2022-04-20T08:37:00-04:00,1650454140,1650458220,68.0,0.0,0,0,1,318
c456a66346e5ea8e,2022-04-16,2022-04-19,LAX,BOS,LAX-BOS,EWR,UA,UA,UA / UA,coach / coach,2022-04-20T06:50:00-04:00,2022-04-20T08:15:00-04:00,1650451800,1650456900,85.0,0.0,0,0,1,319
024955c2647699cd,2022-04-16,2022-04-19,LAX,BOS,LAX-BOS,EWR,UA,UA,UA / UA,coach / coach,2022-04-19T20:54:00-04:00,2022-04-19T22:08:00-04:00,1650416040,1650420480,74.0,8.0,0,0,1,320
4c2f21754ba92c8f,2022-04-16,2022-04-19,LAX,BOS,LAX-BOS,DEN,UA,UA,UA / UA,coach / coach,2022-04-19T08:23:00-06:00,2022-04-19T09:50:00-06:00,1650378180,1650383400,87.0,0.0,0,0,1,321
981856585b64e9e1,2022-04-16,2022-04-19,LAX,BOS,LAX-BOS,ORD,AA,AA,AA / AA,coach / coach,2022-04-19T19:20:00-05:00,2022-04-19T20:35:00-05:00,1650414000,1650418500,75.0,0.0,0,0,1,322
af9ad9c5cad8830c,2022-04-16,2022-04-19,LAX,BOS,LAX-BOS,ORD,AA,AA,AA / AA,coach / coach,2022-04-20T05:47:00-05:00,2022-04-20T07:25:00-05:00,1650451620,1650457500,98.0,13.0,0,0,1,323
2687e4ca65b8227f,2022-04-16,2022-04-19,LAX,BOS,LAX-BOS,EWR,UA,UA,UA / UA,coach / coach,2022-04-19T20:02:00-04:00,2022-04-19T20:59:00-04:00,1650412920,1650416340,57.0,0.0,0,0,1,324
a828292748c2c100,2022-04-16,2022-04-19,LAX,BOS,LAX-BOS,DEN,UA,UA,UA / UA,coach / coach,2022-04-19T16:05:00-06:00,2022-04-19T17:44:00-06:00,1650405900,1650411840,99.0,0.0,0,0,1,325
8bfeb9fd9ae79017,2022-04-16,2022-04-19,LAX,BOS,LAX-BOS,SFO,UA,UA,UA / UA,coach / coach,2022-04-19T07:41:00-07:00,2022-04-19T08:25:00-07:00,1650379260,1650381900,44.0,0.0,0,0,1,326
c1339238f43115f8,2022-04-16,2022-04-19,LAX,BOS,LAX-BOS,EWR,UA,UA,UA / UA,coach / coach,2022-04-19T15:38:00-04:00,2022-04-19T16:58:00-04:00,1650397080,1650401880,80.0,0.0,0,0,1,327
a6ed0f4a9027de28,2022-04-16,2022-04-19,LAX,BOS,LAX-BOS,DFW,AA,AA,AA / AA,coach / coach,2022-04-19T14:05:00-05:00,2022-04-19T15:25:00-05:00,1650395100,1650399900,80.0,0.0,0,0,1,328
5de031cc5c680c72,2022-04-16,2022-04-19,LAX,BOS,LAX-BOS,DFW,AA,AA,AA / AA,coach / coach,2022-04-19T11:05:00-05:00,2022-04-19T12:24:00-05:00,1650384300,1650389040,79.0,0.0,0,0,1,329
b0cdd4b5a8a669c6,2022-04-16,2022-04-19,LAX,BOS,LAX-BOS,DEN,UA,UA,UA / UA,coach / coach,2022-04-19T14:24:00-06:00,2022-04-19T16:11:00-06:00,1650399840,1650406260,107.0,0.0,0,0,1,330
b433ca6b7053f3a1,2022-04-16,2022-04-19,LAX,BOS,LAX-BOS,EWR,UA,UA,UA / UA,coach / coach,2022-04-19T16:23:00-04:00,2022-04-19T17:59:00-04:00,1650399780,1650405540,96.0,0.0,0,0,1,331
361091c3aaf3f71d,2022-04-16,2022-04-19,LAX,BOS,LAX-BOS,IAD,UA,UA,UA / UA,coach / coach,2022-04-19T20:51:00-04:00,2022-04-19T22:33:00-04:00,1650415860,1650421980,102.0,33.0,0,0,1,332
8a4c8f730953aaf8,2022-04-16,2022-04-19,LAX,BOS,LAX-BOS,DFW,AA,AA,AA / AA,coach / coach,2022-04-19T17:38:00-05:00,2022-04-19T19:10:00-05:00,1650407880,1650413400,92.0,0.0,0,0,1,333
e7a618aceff14567,2022-04-16,2022-04-19,LAX,BOS,LAX-BOS,ORD,UA,UA,UA / UA,coach / coach,2022-04-20T04:52:00-05:00,2022-04-20T07:15:00-05:00,1650448320,1650456900,143.0,68.0,0,0,1,334
97207ade0e7a578c,2022-04-16,2022-04-19,LAX,BOS,LAX-BOS,JFK,DL,DL,DL / DL,coach / coach,2022-04-19T16:09:00-04:00,2022-04-19T17:50:00-04:00,1650398940,1650405000,101.0,0.0,0,0,1,335
2023132c3da0514b,2022-04-16,2022-04-19,LAX,BOS,LAX-BOS,SFO,UA,UA,UA / UA,coach / coach,2022-04-19T12:16:00-07:00,2022-04-19T13:25:00-07:00,1650395760,1650399900,69.0,0.0,0,0,1,336
f29e56e8b840d943,2022-04-16,2022-04-19,LAX,BOS,LAX-BOS,EWR,UA,UA,UA / UA,coach / coach,2022-04-20T08:11:00-04:00,2022-04-20T10:30:00-04:00,1650456660,1650465000,139.0,0.0,0,0,1,337
dbc4e6977adc3139,2022-04-16,2022-04-19,LAX,BOS,LAX-BOS,EWR,UA,UA,UA / UA,coach / coach,2022-04-19T20:02:00-04:00,2022-04-19T22:08:00-04:00,1650412920,1650420480,126.0,8.0,0,0,1,338
47be0acafa428a61,2022-04-16,2022-04-19,LAX,BOS,LAX-BOS,MSP,DL,DL,DL / DL,coach / coach,2022-04-19T17:19:00-05:00,2022-04-19T19:58:00-05:00,1650406740,1650416280,159.0,0.0,0,0,1,339
e4cda103dd232be6,2022-04-16,2022-04-19,LAX,BOS,LAX-BOS,DFW,AA,AA,AA / AA,coach / coach,2022-04-19T13:05:00-05:00,2022-04-19T15:25:00-05:00,1650391500,1650399900,140.0,0.0,0,0,1,340
82162822c7b36e64,2022-04-16,2022-04-19,LAX,BOS,LAX-BOS,EWR,UA,UA,UA / UA,coach / coach,2022-04-19T15:38:00-04:00,2022-04-19T17:59:00-04:00,1650397080,1650405540,141.0,0.0,0,0,1,341
1f7e33fc9a8b411a,2022-04-16,2022-04-19,LAX,BOS,LAX-BOS,SFO,UA,UA,UA / UA,coach / coach,2022-04-19T20:46:00-07:00,2022-04-19T22:41:00-07:00,1650426360,1650433260,115.0,41.0,0,0,1,342
7a925d2c14aa9143,2022-04-16,2022-04-19,LAX,BOS,LAX-BOS,ORD,AA,AA,AA / AA,coach / coach,2022-04-20T05:47:00-05:00,2022-04-20T08:45:00-05:00,1650451620,1650462300,178.0,13.0,0,0,1,343
bc9c2e16a516369a,2022-04-16,2022-04-19,LAX,BOS,LAX-BOS,SEA,DL,DL,DL / DL,coach / coach,2022-04-19T20:36:00-07:00,2022-04-19T21:51:00-07:00,1650425760,1650430260,75.0,0.0,0,0,1,344
aabc3c43b7cceeea,2022-04-16,2022-04-19,LAX,BOS,LAX-BOS,AUS,AA,AA,AA / AA,coach / coach,2022-04-19T13:34:00-05:00,2022-04-19T16:10:00-05:00,1650393240,1650402600,156.0,0.0,0,0,1,345
28bd4eb8a1a34e98,2022-04-16,2022-04-19,LAX,BOS,LAX-BOS,DFW,AA,AA,AA / AA,coach / coach,2022-04-19T16:25:00-05:00,2022-04-19T19:10:00-05:00,1650403500,1650413400,165.0,0.0,0,0,1,346
bcd33d00953f0c15,2022-04-16,2022-04-19,LAX,BOS,LAX-BOS,PHL,AA,AA,AA / AA,coach / coach,2022-04-20T06:13:00-04:00,2022-04-20T08:45:00-04:00,1650449580,1650458700,152.0,0.0,0,0,1,347
7752e8fceba20168,2022-04-16,2022-04-19,LAX,BOS,LAX-BOS,MIA,AA,AA,AA / AA,coach / coach,2022-04-20T06:02:00-04:00,2022-04-20T07:05:00-04:00,1650448920,1650452700,63.0,0.0,0,0,1,348
46ddbebf8ca89d45,2022-04-16,2022-04-19,LAX,BOS,LAX-BOS,IAD,UA,UA,UA / UA,coach / coach,2022-04-20T05:29:00-04:00,2022-04-20T08:37:00-04:00,1650446940,1650458220,188.0,31.0,0,0,1,349
11dba25182a8813b,2022-04-16,2022-04-19,LAX,BOS,LAX-BOS,PHL,AA,AA,AA / AA,coach / coach,2022-04-20T06:13:00-04:00,2022-04-20T09:40:00-04:00,1650449580,1650462000,207.0,0.0,0,0,1,350
bbb0651ef9c718e9,2022-04-16,2022-04-19,LAX,BOS,LAX-BOS,EWR,UA,UA,UA / UA,coach / coach,2022-04-20T06:50:00-04:00,2022-04-20T10:30:00-04:00,1650451800,1650465000,220.0,0.0,0,0,1,351
00a7f128f3536230,2022-04-16,2022-04-19,LAX,BOS,LAX-BOS,EWR,UA,UA,UA / UA,coach / coach,2022-04-20T08:11:00-04:00,2022-04-20T11:57:00-04:00,1650456660,1650470220,226.0,0.0,0,0,1,352
e8221f81f9cad82b,2022-04-16,2022-04-19,LAX,BOS,LAX-BOS,MIA,AA,AA,AA / AA,coach / coach,2022-04-20T05:00:00-04:00,2022-04-20T07:05:00-04:00,1650445200,1650452700,125.0,60.0,0,0,1,353
507555f675c49363,2022-04-16,2022-04-19,LAX,BOS,LAX-BOS,PHX,AA,AA,AA / AA,coach / coach,2022-04-19T07:51:00-07:00,2022-04-19T08:34:00-07:00,1650379860,1650382440,43.0,0.0,0,0,1,356
63f06fb33ddcf1f2,2022-04-16,2022-04-19,LAX,BOS,LAX-BOS,EWR,UA,UA,UA / UA,coach / coach,2022-04-19T18:47:00-04:00,2022-04-19T20:59:00-04:00,1650408420,1650416340,132.0,0.0,0,0,1,358
1ceb636b074d170a,2022-04-16,2022-04-19,LAX,BOS,LAX-BOS,ATL,DL,DL,DL / DL,coach / coach,2022-04-19T13:08:00-04:00,2022-04-19T13:59:00-04:00,1650388080,1650391140,51.0,0.0,0,0,1,364
9a735f1f88b35d33,2022-04-16,2022-04-19,LAX,BOS,LAX-BOS,SLC,DL,DL,DL / DL,coach / coach,2022-04-19T16:35:00-06:00,2022-04-19T17:46:00-06:00,1650407700,1650411960,71.0,0.0,0,0,1,365
f2031a8af2e9bd75,2022-04-16,2022-04-19,LAX,BOS,LAX-BOS,SLC,DL,DL,DL / DL,coach / coach,2022-04-19T08:52:00-06:00,2022-04-19T09:57:00-06:00,1650379920,1650383820,65.0,0.0,0,0,1,366
f148c90bf1da243e,2022-04-16,2022-04-19,LAX,BOS,LAX-BOS,EWR,AS,DL,AS / DL,coach / coach,2022-04-20T07:00:00-04:00,2022-04-20T09:00:00-04:00,1650452400,1650459600,120.0,0.0,0,0,1,367
51d00db27cc68564,2022-04-16,2022-04-19,LAX,BOS,LAX-BOS,DCA,DL,DL,DL / DL,coach / coach,2022-04-19T16:15:00-04:00,2022-04-19T17:10:00-04:00,1650399300,1650402600,55.0,0.0,0,0,1,368
4aed5e46fe7c5939,2022-04-16,2022-04-19,LAX,BOS,LAX-BOS,IAH,UA,UA,UA / UA,coach / coach,2022-04-19T05:22:00-05:00,2022-04-19T07:55:00-05:00,1650363720,1650372900,153.0,38.0,0,0,1,370
b5a9d2e8dd6a20d3,2022-04-16,2022-04-19,LAX,BOS,LAX-BOS,PDX,AS,AS,AS / AS,coach / coach,2022-04-19T19:05:00-07:00,2022-04-19T21:58:00-07:00,1650420300,1650430680,173.0,0.0,0,0,1,372
271345bb847ded66,2022-04-16,2022-04-19,LAX,BOS,LAX-BOS,MIA,AA,AA,AA / AA,coach / coach,2022-04-19T09:19:00-04:00,2022-04-19T10:50:00-04:00,1650374340,1650379800,91.0,0.0,0,0,1,373
6d022f1a1522289a,2022-04-16,2022-04-19,LAX,BOS,LAX-BOS,FLL,NK,NK,NK / NK,coach / coach,2022-04-20T05:29:00-04:00,2022-04-20T13:15:00-04:00,1650446940,1650474900,466.0,31.0,0,1,1,377
6777f3d7ec4ca7d7,2022-04-16,2022-04-19,LAX,BOS,LAX-BOS,IAD,AS,UA,AS / UA,coach / coach,2022-04-20T06:00:00-04:00,2022-04-20T08:37:00-04:00,1650448800,1650458220,157.0,0.0,0,0,1,378
336d4a3c9901079b,2022-04-16,2022-04-19,LAX,BOS,LAX-BOS,IAD,AS,UA,AS / UA,coach / coach,2022-04-19T16:14:00-04:00,2022-04-19T17:12:00-04:00,1650399240,1650402720,58.0,0.0,0,0,1,380
cdecd115c58ce5b2,2022-04-16,2022-04-20,BOS,LAX,BOS-LAX,LAS,NK,NK,NK / NK,coach / coach,2022-04-20T21:05:00-07:00,2022-04-20T21:40:00-07:00,1650513900,1650516000,35.0,0.0,0,0,1,383
bb26a510c3db7faf,2022-04-16,2022-04-20,BOS,LAX,BOS-LAX,ORD,AA,AA,AA / AA,coach / coach,2022-04-20T19:33:00-05:00,2022-04-20T20:20:00-05:00,1650501180,1650504000,47.0,0.0,0,0,1,385
191d92b1e762db58,2022-04-16,2022-04-20,BOS,LAX,BOS-LAX,DEN,UA,UA,UA / UA,coach / coach,2022-04-20T17:57:00-06:00,2022-04-20T19:12:00-06:00,1650499020,1650503520,75.0,0.0,0,0,1,386
080dd041c1b24da0,2022-04-16,2022-04-20,BOS,LAX,BOS-LAX,ORD,AA,AA,AA / AA,coach / coach,2022-04-20T17:23:00-05:00,2022-04-20T18:32:00-05:00,1650493380,1650497520,69.0,0.0,0,0,1,387
cf89bb9eb9dc8404,2022-04-16,2022-04-20,BOS,LAX,BOS-LAX,ORD,UA,UA,UA / UA,coach / coach,2022-04-20T11:32:00-05:00,2022-04-20T12:45:00-05:00,1650472320,1650476700,73.0,0.0,0,0,1,388
975e3a419a78217c,2022-04-16,2022-04-20,BOS,LAX,BOS-LAX,ORD,UA,UA,UA / UA,coach / coach,2022-04-20T09:51:00-05:00,2022-04-20T11:03:00-05:00,1650466260,1650470580,72.0,0.0,0,0,1,389
aadeaf51276a8ee5,2022-04-16,2022-04-20,BOS,LAX,BOS-LAX,EWR,UA,UA,UA / UA,coach / coach,2022-04-20T12:55:00-04:00,2022-04-20T14:00:00-04:00,1650473700,1650477600,65.0,0.0,0,0,1,390
442ed65fb47c1d2c,2022-04-16,2022-04-20,BOS,LAX,BOS-LAX,PHL,AA,AA,AA / AA,coach / coach,2022-04-20T12:44:00-04:00,2022-04-20T13:49:00-04:00,1650473040,1650476940,65.0,0.0,0,0,1,391
d5246cfeaca94c50,2022-04-16,2022-04-20,BOS,LAX,BOS-LAX,EWR,UA,UA,UA / UA,coach / coach,2022-04-20T10:44:00-04:00,2022-04-20T11:59:00-04:00,1650465840,1650470340,75.0,0.0,0,0,1,392
fa7808accb69c716,2022-04-16,2022-04-20,BOS,LAX,BOS-LAX,IAD,UA,UA,UA / UA,coach / coach,2022-04-20T21:11:00-04:00,2022-04-20T22:35:00-04:00,1650503460,1650508500,84.0,35.0,0,0,1,393
f2e2146a093cd213,2022-04-16,2022-04-20,BOS,LAX,BOS-LAX,EWR,UA,UA,UA / UA,coach / coach,2022-04-20T16:59:00-04:00,2022-04-20T18:00:00-04:00,1650488340,1650492000,61.0,0.0,0,0,1,394
bef3372d9b857fec,2022-04-16,2022-04-20,BOS,LAX,BOS-LAX,ORD,AA,AA,AA / AA,coach / coach,2022-04-20T15:55:00-05:00,2022-04-20T17:20:00-05:00,1650488100,1650493200,85.0,0.0,0,0,1,395
4068d5d6ca5cf602,2022-04-16,2022-04-20,BOS,LAX,BOS-LAX,DEN,UA,UA,UA / UA,coach / coach,2022-04-20T14:24:00-06:00,2022-04-20T16:02:00-06:00,1650486240,1650492120,98.0,0.0,0,0,1,396
c1f6d63fbac1bc0a,2022-04-16,2022-04-20,BOS,LAX,BOS-LAX,EWR,UA,UA,UA / UA,coach / coach,2022-04-20T08:57:00-04:00,2022-04-20T10:30:00-04:00,1650459420,1650465000,93.0,0.0,0,0,1,397
a311e382bc85ec81,2022-04-16,2022-04-20,BOS,LAX,BOS-LAX,EWR,UA,UA,UA / UA,coach / coach,2022-04-20T15:31:00-04:00,2022-04-20T17:00:00-04:00,1650483060,1650488400,89.0,0.0,0,0,1,398
3aab6ade55f57333,2022-04-16,2022-04-20,BOS,LAX,BOS-LAX,ORD,UA,UA,UA / UA,coach / coach,2022-04-20T18:50:00-05:00,2022-04-20T20:22:00-05:00,1650498600,1650504120,92.0,0.0,0,0,1,399
a3ea12b84dec9ef3,2022-04-16,2022-04-20,BOS,LAX,BOS-LAX,PHL,AA,AA,AA / AA,coach / coach,2022-04-20T14:33:00-04:00,2022-04-20T15:59:00-04:00,1650479580,1650484740,86.0,0.0,0,0,1,400
cd75c95604d4aed5,2022-04-16,2022-04-20,BOS,LAX,BOS-LAX,EWR,UA,UA,UA / UA,coach / coach,2022-04-20T19:17:00-04:00,2022-04-20T20:30:00-04:00,1650496620,1650501000,73.0,0.0,0,0,1,401
e3f9d436a2358c13,2022-04-16,2022-04-20,BOS,LAX,BOS-LAX,EWR,UA,UA,UA / UA,coach / coach,2022-04-20T08:37:00-04:00,2022-04-20T10:30:00-04:00,1650458220,1650465000,113.0,0.0,0,0,1,402
2f4185f14b8b76d4,2022-04-16,2022-04-20,BOS,LAX,BOS-LAX,EWR,UA,UA,UA / UA,coach / coach,2022-04-20T14:02:00-04:00,2022-04-20T16:00:00-04:00,1650477720,1650484800,118.0,0.0,0,0,1,403
bd36ee3766c35c8f,2022-04-16,2022-04-20,BOS,LAX,BOS-LAX,DEN,UA,UA,UA / UA,coach / coach,2022-04-20T17:57:00-06:00,2022-04-20T20:45:00-06:00,1650499020,1650509100,168.0,0.0,0,0,1,404
3b828e372759d3fb,2022-04-16,2022-04-20,BOS,LAX,BOS-LAX,ORD,UA,UA,UA / UA,coach / coach,2022-04-20T18:50:00-05:00,2022-04-20T21:25:00-05:00,1650498600,1650507900,155.0,0.0,0,0,1,405
99b0e1c90b6c836c,2022-04-16,2022-04-20,BOS,LAX,BOS-LAX,DEN,UA,UA,UA / UA,coach / coach,2022-04-20T14:24:00-06:00,2022-04-20T17:20:00-06:00,1650486240,1650496800,176.0,0.0,0,0,1,406
3b4a157225df9767,2022-04-16,2022-04-20,BOS,LAX,BOS-LAX,ORD,UA,UA,UA / UA,coach / coach,2022-04-20T09:51:00-05:00,2022-04-20T12:45:00-05:00,1650466260,1650476700,174.0,0.0,0,0,1,407
0c283a6402731775,2022-04-16,2022-04-20,BOS,LAX,BOS-LAX,EWR,UA,UA,UA / UA,coach / coach,2022-04-20T15:31:00-04:00,2022-04-20T18:00:00-04:00,1650483060,1650492000,149.0,0.0,0,0,1,408
09c25d75b730f72a,2022-04-16,2022-04-20,BOS,LAX,BOS-LAX,EWR,UA,UA,UA / UA,coach / coach,2022-04-20T14:02:00-04:00,2022-04-20T17:00:00-04:00,1650477720,1650488400,178.0,0.0,0,0,1,409
3aea8aa7bbe06767,2022-04-16,2022-04-20,BOS,LAX,BOS-LAX,EWR,UA,UA,UA / UA,coach / coach,2022-04-20T07:29:00-04:00,2022-04-20T10:30:00-04:00,1650454140,1650465000,181.0,0.0,0,0,1,410
5bc9929771b06b77,2022-04-16,2022-04-20,BOS,LAX,BOS-LAX,ORD,AA,AA,AA / AA,coach / coach,2022-04-20T17:23:00-05:00,2022-04-20T20:20:00-05:00,1650493380,1650504000,177.0,0.0,0,0,1,411
7d74e8975a156da0,2022-04-16,2022-04-20,BOS,LAX,BOS-LAX,EWR,UA,UA,UA / UA,coach / coach,2022-04-20T08:57:00-04:00,2022-04-20T11:59:00-04:00,1650459420,1650470340,182.0,0.0,0,0,1,412
5f3a8ff9e025a23c,2022-04-16,2022-04-20,BOS,LAX,BOS-LAX,EWR,UA,UA,UA / UA,coach / coach,2022-04-20T12:55:00-04:00,2022-04-20T16:00:00-04:00,1650473700,1650484800,185.0,0.0,0,0,1,413
95ce3d6ff8152941,2022-04-16,2022-04-20,BOS,LAX,BOS-LAX,EWR,UA,UA,UA / UA,coach / coach,2022-04-20T10:44:00-04:00,2022-04-20T14:00:00-04:00,1650465840,1650477600,196.0,0.0,0,0,1,414
f1565ff9d939612a,2022-04-16,2022-04-20,BOS,LAX,BOS-LAX,EWR,UA,UA,UA / UA,coach / coach,2022-04-20T08:37:00-04:00,2022-04-20T11:59:00-04:00,1650458220,1650470340,202.0,0.0,0,0,1,415
3b33330f58d75e3f,2022-04-16,2022-04-20,BOS,LAX,BOS-LAX,PHL,AA,AA,AA / AA,coach / coach,2022-04-20T12:44:00-04:00,2022-04-20T15:59:00-04:00,1650473040,1650484740,195.0,0.0,0,0,1,416
c8dcd62dd2835af1,2022-04-16,2022-04-20,BOS,LAX,BOS-LAX,EWR,UA,UA,UA / UA,coach / coach,2022-04-20T16:59:00-04:00,2022-04-20T20:30:00-04:00,1650488340,1650501000,211.0,0.0,0,0,1,417
4a170fa076aaf4ac,2022-04-16,2022-04-20,BOS,LAX,BOS-LAX,EWR,UA,UA,UA / UA,coach / coach,2022-04-20T14:02:00-04:00,2022-04-20T18:00:00-04:00,1650477720,1650492000,238.0,0.0,0,0,1,418
57f141ea668214a1,2022-04-16,2022-04-20,BOS,LAX,BOS-LAX,AUS,AA,AA,AA / AA,coach / coach,2022-04-20T23:49:00-05:00,2022-04-21T06:00:00-05:00,1650516540,1650538800,371.0,371.0,1,1,1,420
b711dea8aa285829,2022-04-16,2022-04-20,BOS,LAX,BOS-LAX,DCA,DL,DL,DL / DL,coach / coach,2022-04-20T16:00:00-04:00,2022-04-20T17:25:00-04:00,1650484800,1650489900,85.0,0.0,0,0,1,423
a046b0c06299e957,2022-04-16,2022-04-20,BOS,LAX,BOS-LAX,PHL,AA,AA,AA / AA,coach / coach,2022-04-20T08:45:00-04:00,2022-04-20T10:50:00-04:00,1650458700,1650466200,125.0,0.0,0,0,1,426
d1b1e76b813b8add,2022-04-16,2022-04-20,BOS,LAX,BOS-LAX,EWR,DL,AS,DL / AS,coach / coach,2022-04-20T18:35:00-04:00,2022-04-20T20:29:00-04:00,1650494100,1650500940,114.0,0.0,0,0,1,429
1203a61711a0c4f5,2022-04-16,2022-04-20,BOS,LAX,BOS-LAX,EWR,DL,AS,DL / AS,coach / coach,2022-04-20T15:35:00-04:00,2022-04-20T18:35:00-04:00,1650483300,1650494100,180.0,0.0,0,0,1,430
d989bbbe45ee23bf,2022-04-16,2022-04-20,BOS,LAX,BOS-LAX,EWR,DL,AS,DL / AS,coach / coach,2022-04-20T15:35:00-04:00,2022-04-20T20:29:00-04:00,1650483300,1650500940,294.0,0.0,0,0,1,431
032860397d7edee7,2022-04-16,2022-04-20,BOS,LAX,BOS-LAX,SFO,AS,AS,AS / AS,coach / coach,2022-04-20T22:01:00-07:00,2022-04-21T06:00:00-07:00,1650517260,1650546000,479.0,479.0,1,1,1,438
63ba189885a122ca,2022-04-16,2022-04-20,BOS,LAX,BOS-LAX,IAD,UA,AS,UA / AS,coach / coach,2022-04-20T16:25:00-04:00,2022-04-20T17:30:00-04:00,1650486300,1650490200,65.0,0.0,0,0,1,439
945623ae29c7f24e,2022-04-16,2022-04-20,BOS,LAX,BOS-LAX,IAD,UA,AS,UA / AS,coach / coach,2022-04-20T11:45:00-04:00,2022-04-20T17:30:00-04:00,1650469500,1650490200,345.0,0.0,0,0,1,440
0df69abcee11f7ba,2022-04-16,2022-04-20,BOS,LAX,BOS-LAX,ORD,AA,AA,AA / AA,coach / coach,2022-04-20T09:16:00-05:00,2022-04-20T10:15:00-05:00,1650464160,1650467700,59.0,0.0,0,0,1,441
c03b5f9aab1a153c,2022-04-16,2022-04-20,BOS,LAX,BOS-LAX,DFW,AA,AA,AA / AA,coach / coach,2022-04-20T08:29:00-05:00,2022-04-20T09:19:00-05:00,1650461340,1650464340,50.0,0.0,0,0,1,442
4a9801f54bd2fef3,2022-04-16,2022-04-20,BOS,LAX,BOS-LAX,PHL,AA,AA,AA / AA,coach / coach,2022-04-20T07:35:00-04:00,2022-04-20T10:50:00-04:00,1650454500,1650466200,195.0,0.0,0,0,1,443
dc4a8945ede54edf,2022-04-16,2022-04-20,BOS,LAX,BOS-LAX,FLL,NK,NK,NK / NK,coach / coach,2022-04-20T20:23:00-04:00,2022-04-20T21:20:00-04:00,1650500580,1650504000,57.0,0.0,0,0,1,444
c01b09ac75f49e9f,2022-04-16,2022-04-20,BOS,LAX,BOS-LAX,EWR,UA,AS,UA / AS,coach / coach,2022-04-20T16:59:00-04:00,2022-04-20T18:35:00-04:00,1650488340,1650494100,96.0,0.0,0,0,1,445
57d923ff75eb2222,2022-04-16,2022-04-20,BOS,LAX,BOS-LAX,EWR,UA,AS,UA / AS,coach / coach,2022-04-20T14:02:00-04:00,2022-04-20T18:35:00-04:00,1650477720,1650494100,273.0,0.0,0,0,1,446
5bd923dde7ed2cc7,2022-04-16,2022-04-20,BOS,LAX,BOS-LAX,EWR,UA,AS,UA / AS,coach / coach,2022-04-20T12:55:00-04:00,2022-04-20T18:35:00-04:00,1650473700,1650494100,340.0,0.0,0,0,1,447
a694edf59e4c222c,2022-04-16,2022-04-20,BOS,LAX,BOS-LAX,EWR,UA,AS,UA / AS,coach / coach,2022-04-20T14:02:00-04:00,2022-04-20T20:29:00-04:00,1650477720,1650500940,387.0,0.0,0,1,1,448
35911bc92d387676,2022-04-16,2022-04-20,BOS,LAX,BOS-LAX,EWR,UA,AS,UA / AS,coach / coach,2022-04-20T12:55:00-04:00,2022-04-20T20:29:00-04:00,1650473700,1650500940,454.0,0.0,0,1,1,449
ba0a7b9f64af1f04,2022-04-16,2022-04-20,BOS,LAX,BOS-LAX,SLC,DL,DL,DL / DL,coach / coach,2022-04-20T09:35:00-06:00,2022-04-20T15:42:00-06:00,1650468900,1650490920,367.0,0.0,0,1,1,450
66f0a4b26ecd2ed8,2022-04-16,2022-04-20,BOS,LAX,BOS-LAX,MSP,DL,DL,DL / DL,coach / coach,2022-04-20T08:22:00-05:00,2022-04-20T09:55:00-05:00,1650460920,1650466500,93.0,0.0,0,0,1,454
7d2d0fd4c93d74ce,2022-04-16,2022-04-20,BOS,LAX,BOS-LAX,DCA,DL,AS,DL / AS,coach / coach,2022-04-20T07:59:00-04:00,2022-04-20T09:10:00-04:00,1650455940,1650460200,71.0,0.0,0,0,1,456
7756614f3034b819,2022-04-16,2022-04-20,LAX,BOS,LAX-BOS,EWR,UA,UA,UA / UA,coach / coach,2022-04-20T18:47:00-04:00,2022-04-20T20:59:00-04:00,1650494820,1650502740,132.0,0.0,0,0,1,463
24aeb5dcbc1338d0,2022-04-16,2022-04-20,LAX,BOS,LAX-BOS,EWR,UA,UA,UA / UA,coach / coach,2022-04-20T16:23:00-04:00,2022-04-20T16:58:00-04:00,1650486180,1650488280,35.0,0.0,0,0,1,464
9ea15fed9f461720,2022-04-16,2022-04-20,LAX,BOS,LAX-BOS,DEN,UA,UA,UA / UA,coach / coach,2022-04-20T22:16:00-06:00,2022-04-20T23:20:00-06:00,1650514560,1650518400,64.0,64.0,0,0,1,465
5f1053ba41c767e7,2022-04-16,2022-04-20,LAX,BOS,LAX-BOS,MSP,DL,DL,DL / DL,coach / coach,2022-04-20T06:36:00-05:00,2022-04-20T07:35:00-05:00,1650454560,1650458100,59.0,0.0,0,0,1,466
f1a8ed1c322d8771,2022-04-16,2022-04-20,LAX,BOS,LAX-BOS,EWR,UA,UA,UA / UA,coach / coach,2022-04-20T14:28:00-04:00,2022-04-20T15:30:00-04:00,1650479280,1650483000,62.0,0.0,0,0,1,467
4774b16a61bdffd5,2022-04-16,2022-04-20,LAX,BOS,LAX-BOS,SLC,DL,DL,DL / DL,coach / coach,2022-04-20T16:35:00-06:00,2022-04-20T17:46:00-06:00,1650494100,1650498360,71.0,0.0,0,0,1,468
0781900b47c8ca6d,2022-04-16,2022-04-20,LAX,BOS,LAX-BOS,EWR,UA,UA,UA / UA,coach / coach,2022-04-20T20:54:00-04:00,2022-04-20T22:08:00-04:00,1650502440,1650506880,74.0,8.0,0,0,1,469
432ea0ebca0cbcbc,2022-04-16,2022-04-20,LAX,BOS,LAX-BOS,ORD,AA,AA,AA / AA,coach / coach,2022-04-20T19:20:00-05:00,2022-04-20T20:35:00-05:00,1650500400,1650504900,75.0,0.0,0,0,1,470
90f4e30a2224ed33,2022-04-16,2022-04-20,LAX,BOS,LAX-BOS,DEN,UA,UA,UA / UA,coach / coach,2022-04-20T08:23:00-06:00,2022-04-20T09:50:00-06:00,1650464580,1650469800,87.0,0.0,0,0,1,471
eb1c5c4e976a116e,2022-04-16,2022-04-20,LAX,BOS,LAX-BOS,STL,AA,AA,AA / AA,coach / coach,2022-04-20T14:01:00-05:00,2022-04-20T15:25:00-05:00,1650481260,1650486300,84.0,0.0,0,0,1,472
6723a1276f48d5aa,2022-04-16,2022-04-20,LAX,BOS,LAX-BOS,ORD,AA,AA,AA / AA,coach / coach,2022-04-21T05:47:00-05:00,2022-04-21T07:25:00-05:00,1650538020,1650543900,98.0,13.0,0,0,1,473
c0c3452990f7115d,2022-04-16,2022-04-20,LAX,BOS,LAX-BOS,ORD,AA,AA,AA / AA,coach / coach,2022-04-20T13:49:00-05:00,2022-04-20T15:10:00-05:00,1650480540,1650485400,81.0,0.0,0,0,1,474
a349305e3995f6ee,2022-04-16,2022-04-20,LAX,BOS,LAX-BOS,DFW,AA,AA,AA / AA,coach / coach,2022-04-20T15:55:00-05:00,2022-04-20T16:59:00-05:00,1650488100,1650491940,64.0,0.0,0,0,1,475
32fcddde73b52ab9,2022-04-16,2022-04-20,LAX,BOS,LAX-BOS,EWR,UA,UA,UA / UA,coach / coach,2022-04-20T20:02:00-04:00,2022-04-20T20:59:00-04:00,1650499320,1650502740,57.0,0.0,0,0,1,476
82e269496cb1c48e,2022-04-16,2022-04-20,LAX,BOS,LAX-BOS,MSP,DL,DL,DL / DL,coach / coach,2022-04-20T13:57:00-05:00,2022-04-20T15:33:00-05:00,1650481020,1650486780,96.0,0.0,0,0,1,477
c5afd5eac407c6e8,2022-04-16,2022-04-20,LAX,BOS,LAX-BOS,SFO,UA,UA,UA / UA,coach / coach,2022-04-20T07:41:00-07:00,2022-04-20T08:25:00-07:00,1650465660,1650468300,44.0,0.0,0,0,1,478
80e8ae70988e9b33,2022-04-16,2022-04-20,LAX,BOS,LAX-BOS,EWR,UA,UA,UA / UA,coach / coach,2022-04-20T15:38:00-04:00,2022-04-20T16:58:00-04:00,1650483480,1650488280,80.0,0.0,0,0,1,479
292e6fcf6f783a52,2022-04-16,2022-04-20,LAX,BOS,LAX-BOS,DFW,AA,AA,AA / AA,coach / coach,2022-04-20T14:05:00-05:00,2022-04-20T15:25:00-05:00,1650481500,1650486300,80.0,0.0,0,0,1,480
1975d25ffa372f7e,2022-04-16,2022-04-20,LAX,BOS,LAX-BOS,DEN,UA,UA,UA / UA,coach / coach,2022-04-20T14:24:00-06:00,2022-04-20T16:11:00-06:00,1650486240,1650492660,107.0,0.0,0,0,1,481
2a4c88ae33d71db5,2022-04-16,2022-04-20,LAX,BOS,LAX-BOS,EWR,UA,UA,UA / UA,coach / coach,2022-04-20T16:23:00-04:00,2022-04-20T17:59:00-04:00,1650486180,1650491940,96.0,0.0,0,0,1,482
ec28836a3b73b713,2022-04-16,2022-04-20,LAX,BOS,LAX-BOS,IAH,UA,UA,UA / UA,coach / coach,2022-04-20T17:25:00-05:00,2022-04-20T18:35:00-05:00,1650493500,1650497700,70.0,0.0,0,0,1,483
8acac2806f1e9455,2022-04-16,2022-04-20,LAX,BOS,LAX-BOS,IAD,UA,UA,UA / UA,coach / coach,2022-04-20T20:51:00-04:00,2022-04-20T22:33:00-04:00,1650502260,1650508380,102.0,33.0,0,0,1,484
ca0e56ec4bdae8f2,2022-04-16,2022-04-20,LAX,BOS,LAX-BOS,SFO,UA,UA,UA / UA,coach / coach,2022-04-20T12:16:00-07:00,2022-04-20T13:25:00-07:00,1650482160,1650486300,69.0,0.0,0,0,1,485
7969dc59bdb3872a,2022-04-16,2022-04-20,LAX,BOS,LAX-BOS,SLC,DL,DL,DL / DL,coach / coach,2022-04-20T21:40:00-06:00,2022-04-20T23:59:00-06:00,1650512400,1650520740,139.0,119.0,0,0,1,486
a11917d60497f38e,2022-04-16,2022-04-20,LAX,BOS,LAX-BOS,ORD,AA,AA,AA / AA,coach / coach,2022-04-20T14:36:00-05:00,2022-04-20T17:05:00-05:00,1650483360,1650492300,149.0,0.0,0,0,1,487
38510b2d9e6df319,2022-04-16,2022-04-20,LAX,BOS,LAX-BOS,EWR,UA,UA,UA / UA,coach / coach,2022-04-20T20:02:00-04:00,2022-04-20T22:08:00-04:00,1650499320,1650506880,126.0,8.0,0,0,1,488
139633348fd528b4,2022-04-16,2022-04-20,LAX,BOS,LAX-BOS,DFW,AA,AA,AA / AA,coach / coach,2022-04-20T13:05:00-05:00,2022-04-20T15:25:00-05:00,1650477900,1650486300,140.0,0.0,0,0,1,489
6859f6a0f0b40bf9,2022-04-16,2022-04-20,LAX,BOS,LAX-BOS,EWR,UA,UA,UA / UA,coach / coach,2022-04-20T14:28:00-04:00,2022-04-20T16:58:00-04:00,1650479280,1650488280,150.0,0.0,0,0,1,490
98d491085d519644,2022-04-16,2022-04-20,LAX,BOS,LAX-BOS,EWR,UA,UA,UA / UA,coach / coach,2022-04-20T15:38:00-04:00,2022-04-20T17:59:00-04:00,1650483480,1650491940,141.0,0.0,0,0,1,491
bac6dad87f9e006c,2022-04-16,2022-04-20,LAX,BOS,LAX-BOS,IAH,UA,UA,UA / UA,coach / coach,2022-04-20T05:24:00-05:00,2022-04-20T07:55:00-05:00,1650450240,1650459300,151.0,36.0,0,0,1,492
c1c5a99c8f855772,2022-04-16,2022-04-20,LAX,BOS,LAX-BOS,ORD,AA,AA,AA / AA,coach / coach,2022-04-20T13:49:00-05:00,2022-04-20T17:05:00-05:00,1650480540,1650492300,196.0,0.0,0,0,1,493
1572ac58111e905c,2022-04-16,2022-04-20,LAX,BOS,LAX-BOS,DFW,AA,AA,AA / AA,coach / coach,2022-04-20T14:05:00-05:00,2022-04-20T16:59:00-05:00,1650481500,1650491940,174.0,0.0,0,0,1,494
fa576bff1137f9b0,2022-04-16,2022-04-20,LAX,BOS,LAX-BOS,MSP,DL,DL,DL / DL,coach / coach,2022-04-20T11:58:00-05:00,2022-04-20T15:33:00-05:00,1650473880,1650486780,215.0,0.0,0,0,1,495
72a51370f2eb09d3,2022-04-16,2022-04-20,LAX,BOS,LAX-BOS,DEN,UA,UA,UA / UA,coach / coach,2022-04-20T19:35:00-06:00,2022-04-20T23:20:00-06:00,1650504900,1650518400,225.0,80.0,0,0,1,496
a95370cd4f547651,2022-04-16,2022-04-20,LAX,BOS,LAX-BOS,IAD,UA,UA,UA / UA,coach / coach,2022-04-20T19:08:00-04:00,2022-04-20T22:33:00-04:00,1650496080,1650508380,205.0,33.0,0,0,1,497
7abb63b78d2d8dc9,2022-04-16,2022-04-20,LAX,BOS,LAX-BOS,DFW,AA,AA,AA / AA,coach / coach,2022-04-20T15:55:00-05:00,2022-04-20T19:10:00-05:00,1650488100,1650499800,195.0,0.0,0,0,1,498
c94d5f8e126762a2,2022-04-16,2022-04-20,LAX,BOS,LAX-BOS,DFW,AA,AA,AA / AA,coach / coach,2022-04-20T12:07:00-05:00,2022-04-20T15:25:00-05:00,1650474420,1650486300,198.0,0.0,0,0,1,499
aaf2779aa1fb8ce3,2022-04-16,2022-04-20,LAX,BOS,LAX-BOS,SLC,DL,DL,DL / DL,coach / coach,2022-04-20T14:02:00-06:00,2022-04-20T17:46:00-06:00,1650484920,1650498360,224.0,0.0,0,0,1,500
ad266b0335f0ed65,2022-04-16,2022-04-20,LAX,BOS,LAX-BOS,DFW,AA,AA,AA / AA,coach / coach,2022-04-20T13:05:00-05:00,2022-04-20T16:59:00-05:00,1650477900,1650491940,234.0,0.0,0,0,1,501
70d7b46f7fc4efeb,2022-04-16,2022-04-20,LAX,BOS,LAX-BOS,SFO,AS,AS,AS / AS,coach / coach,2022-04-20T07:40:00-07:00,2022-04-20T08:25:00-07:00,1650465600,1650468300,45.0,0.0,0,0,1,505
faeb77b5fcc5a072,2022-04-16,2022-04-20,LAX,BOS,LAX-BOS,CVG,DL,DL,DL / DL,coach / coach,2022-04-21T05:06:00-04:00,2022-04-21T06:30:00-04:00,1650531960,1650537000,84.0,54.0,0,0,1,508
8a35b55562da4b9b,2022-04-16,2022-04-20,LAX,BOS,LAX-BOS,MSP,DL,DL,DL / DL,coach / coach,2022-04-20T11:58:00-05:00,2022-04-20T13:05:00-05:00,1650473880,1650477900,67.0,0.0,0,0,1,511
e5b11927637abd6f,2022-04-16,2022-04-20,LAX,BOS,LAX-BOS,SEA,AS,AS,AS / AS,coach / coach,2022-04-20T21:17:00-07:00,2022-04-20T23:10:00-07:00,1650514620,1650521400,113.0,70.0,0,0,1,517
775032cd1fa4103f,2022-04-16,2022-04-20,LAX,BOS,LAX-BOS,SEA,AS,AS,AS / AS,coach / coach,2022-04-20T19:37:00-07:00,2022-04-20T23:10:00-07:00,1650508620,1650521400,213.0,70.0,0,0,1,518
c67cec0591fc0521,2022-04-16,2022-04-20,LAX,BOS,LAX-BOS,LAS,NK,NK,NK / NK,coach / coach,2022-04-20T23:05:00-07:00,2022-04-20T23:45:00-07:00,1650521100,1650523500,40.0,40.0,0,0,1,519
4059b12c57c1d5b9,2022-04-16,2022-04-20,LAX,BOS,LAX-BOS,LAS,NK,NK,NK / NK,coach / coach,2022-04-20T14:34:00-07:00,2022-04-20T23:45:00-07:00,1650490440,1650523500,551.0,105.0,0,1,1,520
2083a6942779e5f6,2022-04-16,2022-04-20,LAX,BOS,LAX-BOS,ORD,AA,AA,AA / AA,coach / coach,2022-04-20T12:17:00-05:00,2022-04-20T13:25:00-05:00,1650475020,1650479100,68.0,0.0,0,0,1,522
98e6fccb8f92f22f,2022-04-16,2022-04-20,LAX,BOS,LAX-BOS,SFO,AS,AS,AS / AS,coach / coach,2022-04-20T19:30:00-07:00,2022-04-20T21:25:00-07:00,1650508200,1650515100,115.0,0.0,0,0,1,530
05dc7303ba83bd29,2022-04-16,2022-04-20,LAX,BOS,LAX-BOS,FLL,NK,NK,NK / NK,coach / coach,2022-04-21T05:50:00-04:00,2022-04-21T13:15:00-04:00,1650534600,1650561300,445.0,10.0,0,1,1,532
2867fd5d1a5105da,2022-04-16,2022-04-21,BOS,LAX,BOS-LAX,MIA,AA,AA,AA / AA,coach / coach,2022-04-21T20:08:00-04:00,2022-04-21T21:03:00-04:00,1650586080,1650589380,55.0,0.0,0,0,1,542
638782022ccd6211,2022-04-16,2022-04-21,BOS,LAX,BOS-LAX,CLT,AA,AA,AA / AA,coach / coach,2022-04-21T10:10:00-04:00,2022-04-21T11:10:00-04:00,1650550200,1650553800,60.0,0.0,0,0,1,548
2ee3f09e72bf07fe,2022-04-16,2022-04-21,BOS,LAX,BOS-LAX,CLT,AA,AA,AA / AA,coach / coach,2022-04-21T19:01:00-04:00,2022-04-21T20:25:00-04:00,1650582060,1650587100,84.0,0.0,0,0,1,549
eaecabe56be21c1f,2022-04-16,2022-04-21,BOS,LAX,BOS-LAX,CLT,AA,AA,AA / AA,coach / coach,2022-04-21T16:57:00-04:00,2022-04-21T18:32:00-04:00,1650574620,1650580320,95.0,0.0,0,0,1,550
9680e55368ccf796,2022-04-16,2022-04-21,BOS,LAX,BOS-LAX,ORD,AA,AA,AA / AA,coach / coach,2022-04-21T19:33:00-05:00,2022-04-21T20:20:00-05:00,1650587580,1650590400,47.0,0.0,0,0,1,551
57fdff813ab3041b,2022-04-16,2022-04-21,BOS,LAX,BOS-LAX,EWR,UA,UA,UA / UA,coach / coach,2022-04-21T07:29:00-04:00,2022-04-21T08:30:00-04:00,1650540540,1650544200,61.0,0.0,0,0,1,552
5e1d7c787ec47158,2022-04-16,2022-04-21,BOS,LAX,BOS-LAX,IAD,UA,UA,UA / UA,coach / coach,2022-04-21T21:20:00-04:00,2022-04-21T22:35:00-04:00,1650590400,1650594900,75.0,35.0,0,0,1,553
68167133aa402212,2022-04-16,2022-04-21,BOS,LAX,BOS-LAX,EWR,UA,UA,UA / UA,coach / coach,2022-04-21T12:55:00-04:00,2022-04-21T14:00:00-04:00,1650560100,1650564000,65.0,0.0,0,0,1,554
ec21f9bba87c84d6,2022-04-16,2022-04-21,BOS,LAX,BOS-LAX,PHL,AA,AA,AA / AA,coach / coach,2022-04-21T09:46:00-04:00,2022-04-21T10:50:00-04:00,1650548760,1650552600,64.0,0.0,0,0,1,555
2ead6179935536cf,2022-04-16,2022-04-21,BOS,LAX,BOS-LAX,PHL,AA,AA,AA / AA,coach / coach,2022-04-21T12:44:00-04:00,2022-04-21T13:49:00-04:00,1650559440,1650563340,65.0,0.0,0,0,1,556
19e91f36670d2f0c,2022-04-16,2022-04-21,BOS,LAX,BOS-LAX,ORD,UA,UA,UA / UA,coach / coach,2022-04-21T20:19:00-05:00,2022-04-21T21:25:00-05:00,1650590340,1650594300,66.0,0.0,0,0,1,557
42660422b76fd4c5,2022-04-16,2022-04-21,BOS,LAX,BOS-LAX,EWR,UA,UA,UA / UA,coach / coach,2022-04-21T10:44:00-04:00,2022-04-21T11:59:00-04:00,1650552240,1650556740,75.0,0.0,0,0,1,558
05abd32e089fad71,2022-04-16,2022-04-21,BOS,LAX,BOS-LAX,DFW,AA,AA,AA / AA,coach / coach,2022-04-21T08:29:00-05:00,2022-04-21T09:19:00-05:00,1650547740,1650550740,50.0,0.0,0,0,1,559
5c64c765d8a43dc8,2022-04-16,2022-04-21,BOS,LAX,BOS-LAX,EWR,UA,UA,UA / UA,coach / coach,2022-04-21T16:59:00-04:00,2022-04-21T18:00:00-04:00,1650574740,1650578400,61.0,0.0,0,0,1,560
a871275356417a31,2022-04-16,2022-04-21,BOS,LAX,BOS-LAX,EWR,UA,UA,UA / UA,coach / coach,2022-04-21T08:57:00-04:00,2022-04-21T10:30:00-04:00,1650545820,1650551400,93.0,0.0,0,0,1,561
1d722fc912eb74e5,2022-04-16,2022-04-21,BOS,LAX,BOS-LAX,EWR,UA,UA,UA / UA,coach / coach,2022-04-21T15:31:00-04:00,2022-04-21T17:00:00-04:00,1650569460,1650574800,89.0,0.0,0,0,1,562
027d720c488b0bd5,2022-04-16,2022-04-21,BOS,LAX,BOS-LAX,SLC,DL,DL,DL / DL,coach / coach,2022-04-21T21:17:00-06:00,2022-04-21T22:47:00-06:00,1650597420,1650602820,90.0,47.0,0,0,1,563
15683dc524ddd176,2022-04-16,2022-04-21,BOS,LAX,BOS-LAX,ORD,UA,UA,UA / UA,coach / coach,2022-04-21T18:50:00-05:00,2022-04-21T20:22:00-05:00,1650585000,1650590520,92.0,0.0,0,0,1,564
60cfaa7fe41c823d,2022-04-16,2022-04-21,BOS,LAX,BOS-LAX,EWR,UA,UA,UA / UA,coach / coach,2022-04-21T19:17:00-04:00,2022-04-21T20:30:00-04:00,1650583020,1650587400,73.0,0.0,0,0,1,565
684e00dbaf49f04b,2022-04-16,2022-04-21,BOS,LAX,BOS-LAX,DTW,DL,DL,DL / DL,coach / coach,2022-04-21T19:38:00-04:00,2022-04-21T21:31:00-04:00,1650584280,1650591060,113.0,0.0,0,0,1,566
5f6ca6c4e06a9b60,2022-04-16,2022-04-21,BOS,LAX,BOS-LAX,EWR,UA,UA,UA / UA,coach / coach,2022-04-21T08:37:00-04:00,2022-04-21T10:30:00-04:00,1650544620,1650551400,113.0,0.0,0,0,1,567
c3fd4f7e820e3a6f,2022-04-16,2022-04-21,BOS,LAX,BOS-LAX,EWR,UA,UA,UA / UA,coach / coach,2022-04-21T14:02:00-04:00,2022-04-21T16:00:00-04:00,1650564120,1650571200,118.0,0.0,0,0,1,568
e9761f71dd618e4b,2022-04-16,2022-04-21,BOS,LAX,BOS-LAX,DEN,UA,UA,UA / UA,coach / coach,2022-04-21T08:52:00-06:00,2022-04-21T11:25:00-06:00,1650552720,1650561900,153.0,0.0,0,0,1,569
6ebf9d826e922e41,2022-04-16,2022-04-21,BOS,LAX,BOS-LAX,IAH,UA,UA,UA / UA,coach / coach,2022-04-21T13:11:00-05:00,2022-04-21T14:48:00-05:00,1650564660,1650570480,97.0,0.0,0,0,1,570
ef3003a52bb6298d,2022-04-16,2022-04-21,BOS,LAX,BOS-LAX,PHL,AA,AA,AA / AA,coach / coach,2022-04-21T08:45:00-04:00,2022-04-21T10:50:00-04:00,1650545100,1650552600,125.0,0.0,0,0,1,571
6d86b12536e514e1,2022-04-16,2022-04-21,BOS,LAX,BOS-LAX,DFW,AA,AA,AA / AA,coach / coach,2022-04-21T19:36:00-05:00,2022-04-21T21:35:00-05:00,1650587760,1650594900,119.0,0.0,0,0,1,572
e9077a28a8b2ec0a,2022-04-16,2022-04-21,BOS,LAX,BOS-LAX,ORD,UA,UA,UA / UA,coach / coach,2022-04-21T18:50:00-05:00,2022-04-21T21:25:00-05:00,1650585000,1650594300,155.0,0.0,0,0,1,573
3c337e8234b64eb4,2022-04-16,2022-04-21,BOS,LAX,BOS-LAX,ORD,UA,UA,UA / UA,coach / coach,2022-04-21T09:51:00-05:00,2022-04-21T12:45:00-05:00,1650552660,1650563100,174.0,0.0,0,0,1,574
5bc0b01489f10693,2022-04-16,2022-04-21,BOS,LAX,BOS-LAX,EWR,UA,UA,UA / UA,coach / coach,2022-04-21T15:31:00-04:00,2022-04-21T18:00:00-04:00,1650569460,1650578400,149.0,0.0,0,0,1,575
b20e2bc2a30d87c7,2022-04-16,2022-04-21,BOS,LAX,BOS-LAX,EWR,UA,UA,UA / UA,coach / coach,2022-04-21T07:29:00-04:00,2022-04-21T10:30:00-04:00,1650540540,1650551400,181.0,0.0,0,0,1,576
ea68cf7ea0dfc5a9,2022-04-16,2022-04-21,BOS,LAX,BOS-LAX,EWR,UA,UA,UA / UA,coach / coach,2022-04-21T14:02:00-04:00,2022-04-21T17:00:00-04:00,1650564120,1650574800,178.0,0.0,0,0,1,577
dc3229c3b25e2a78,2022-04-16,2022-04-21,BOS,LAX,BOS-LAX,ORD,AA,AA,AA / AA,coach / coach,2022-04-21T17:23:00-05:00,2022-04-21T20:20:00-05:00,1650579780,1650590400,177.0,0.0,0,0,1,578
241d02f507871243,2022-04-16,2022-04-21,BOS,LAX,BOS-LAX,EWR,UA,UA,UA / UA,coach / coach,2022-04-21T08:57:00-04:00,2022-04-21T11:59:00-04:00,1650545820,1650556740,182.0,0.0,0,0,1,579
3952162bcf790d2d,2022-04-16,2022-04-21,BOS,LAX,BOS-LAX,EWR,UA,UA,UA / UA,coach / coach,2022-04-21T12:55:00-04:00,2022-04-21T16:00:00-04:00,1650560100,1650571200,185.0,0.0,0,0,1,580
7fcfcc374472dbc2,2022-04-16,2022-04-21,BOS,LAX,BOS-LAX,DEN,UA,UA,UA / UA,coach / coach,2022-04-21T10:11:00-06:00,2022-04-21T13:37:00-06:00,1650557460,1650569820,206.0,0.0,0,0,1,581
00333ebd404def94,2022-04-16,2022-04-21,BOS,LAX,BOS-LAX,DFW,AA,AA,AA / AA,coach / coach,2022-04-21T08:29:00-05:00,2022-04-21T11:15:00-05:00,1650547740,1650557700,166.0,0.0,0,0,1,582
2bcc868ab389c734,2022-04-16,2022-04-21,BOS,LAX,BOS-LAX,EWR,UA,UA,UA / UA,coach / coach,2022-04-21T10:44:00-04:00,2022-04-21T14:00:00-04:00,1650552240,1650564000,196.0,0.0,0,0,1,583
df6dd20ce57f5d57,2022-04-16,2022-04-21,BOS,LAX,BOS-LAX,EWR,UA,UA,UA / UA,coach / coach,2022-04-21T08:37:00-04:00,2022-04-21T11:59:00-04:00,1650544620,1650556740,202.0,0.0,0,0,1,584
336809747d864ad8,2022-04-16,2022-04-21,BOS,LAX,BOS-LAX,MIA,AA,AA,AA / AA,coach / coach,2022-04-21T16:30:00-04:00,2022-04-21T18:03:00-04:00,1650573000,1650578580,93.0,0.0,0,0,1,585
54b5bcf8cf1114f6,2022-04-16,2022-04-21,BOS,LAX,BOS-LAX,DFW,AA,AA,AA / AA,coach / coach,2022-04-21T09:50:00-05:00,2022-04-21T13:20:00-05:00,1650552600,1650565200,210.0,0.0,0,0,1,586
0f15bd490fbe1e78,2022-04-16,2022-04-21,BOS,LAX,BOS-LAX,MSP,SY,SY,SY / SY,coach / coach,2022-04-21T13:33:00-05:00,2022-04-21T14:40:00-05:00,1650565980,1650570000,67.0,0.0,0,0,1,595
33871ca41a37ffb2,2022-04-16,2022-04-21,BOS,LAX,BOS-LAX,DEN,UA,UA,UA / UA,coach / coach,2022-04-21T10:11:00-06:00,2022-04-21T11:25:00-06:00,1650557460,1650561900,74.0,0.0,0,0,1,596
f71b0aee9a56672e,2022-04-16,2022-04-21,BOS,LAX,BOS-LAX,EWR,DL,AS,DL / AS,coach / coach,2022-04-21T17:24:00-04:00,2022-04-21T18:35:00-04:00,1650576240,1650580500,71.0,0.0,0,0,1,597
c55d3fd9ab82ea0a,2022-04-16,2022-04-21,BOS,LAX,BOS-LAX,EWR,DL,AS,DL / AS,coach / coach,2022-04-21T19:03:00-04:00,2022-04-21T20:29:00-04:00,1650582180,1650587340,86.0,0.0,0,0,1,599
aa43c140b97fcd98,2022-04-16,2022-04-21,BOS,LAX,BOS-LAX,EWR,DL,AS,DL / AS,coach / coach,2022-04-21T17:24:00-04:00,2022-04-21T20:29:00-04:00,1650576240,1650587340,185.0,0.0,0,0,1,600
fee2e55f87b41f6f,2022-04-16,2022-04-21,BOS,LAX,BOS-LAX,MSP,DL,DL,DL / DL,coach / coach,2022-04-21T10:28:00-05:00,2022-04-21T11:19:00-05:00,1650554880,1650557940,51.0,0.0,0,0,1,604
de490a3cfc4fab76,2022-04-16,2022-04-21,BOS,LAX,BOS-LAX,FLL,NK,NK,NK / NK,coach / coach,2022-04-21T20:23:00-04:00,2022-04-21T21:20:00-04:00,1650586980,1650590400,57.0,0.0,0,0,1,607
6da0f0f84e02e663,2022-04-16,2022-04-21,BOS,LAX,BOS-LAX,IAD,UA,AS,UA / AS,coach / coach,2022-04-21T16:25:00-04:00,2022-04-21T17:30:00-04:00,1650572700,1650576600,65.0,0.0,0,0,1,610
731cdd150a48a3ea,2022-04-16,2022-04-21,BOS,LAX,BOS-LAX,EWR,UA,AS,UA / AS,coach / coach,2022-04-21T16:59:00-04:00,2022-04-21T18:35:00-04:00,1650574740,1650580500,96.0,0.0,0,0,1,611
52558b7dcb889b68,2022-04-16,2022-04-21,BOS,LAX,BOS-LAX,DCA,DL,AS,DL / AS,coach / coach,2022-04-21T07:59:00-04:00,2022-04-21T09:10:00-04:00,1650542340,1650546600,71.0,0.0,0,0,1,613
41c656928e9eacff,2022-04-16,2022-04-21,BOS,LAX,BOS-LAX,SFO,AS,AS,AS / AS,coach / coach,2022-04-21T11:55:00-07:00,2022-04-21T13:35:00-07:00,1650567300,1650573300,100.0,0.0,0,0,1,615
942f72f7afc2f928,2022-04-16,2022-04-21,LAX,BOS,LAX-BOS,SFO,UA,UA,UA / UA,coach / coach,2022-04-21T07:41:00-07:00,2022-04-21T08:25:00-07:00,1650552060,1650554700,44.0,0.0,0,0,1,616
79ca9724680e8290,2022-04-16,2022-04-21,LAX,BOS,LAX-BOS,EWR,UA,UA,UA / UA,coach / coach,2022-04-21T15:38:00-04:00,2022-04-21T16:58:00-04:00,1650569880,1650574680,80.0,0.0,0,0,1,617
94b9556b8c07624d,2022-04-16,2022-04-21,LAX,BOS,LAX-BOS,EWR,UA,UA,UA / UA,coach / coach,2022-04-21T20:02:00-04:00,2022-04-21T22:08:00-04:00,1650585720,1650593280,126.0,8.0,0,0,1,619
d0a2013dfec5f94b,2022-04-16,2022-04-21,LAX,BOS,LAX-BOS,SFO,UA,UA,UA / UA,coach / coach,2022-04-21T09:50:00-07:00,2022-04-21T13:25:00-07:00,1650559800,1650572700,215.0,0.0,0,0,1,620
5064a6941c915db3,2022-04-16,2022-04-21,LAX,BOS,LAX-BOS,SEA,DL,DL,DL / DL,coach / coach,2022-04-21T20:19:00-07:00,2022-04-21T21:51:00-07:00,1650597540,1650603060,92.0,0.0,0,0,1,621
857ceb8e20523d76,2022-04-16,2022-04-21,LAX,BOS,LAX-BOS,SLC,DL,DL,DL / DL,coach / coach,2022-04-21T14:02:00-06:00,2022-04-21T17:46:00-06:00,1650571320,1650584760,224.0,0.0,0,0,1,622
3092ae9922b828d3,2022-04-16,2022-04-21,LAX,BOS,LAX-BOS,DTW,DL,DL,DL / DL,coach / coach,2022-04-21T13:05:00-04:00,2022-04-21T14:15:00-04:00,1650560700,1650564900,70.0,0.0,0,0,1,623
a40e5dec56d41ac8,2022-04-16,2022-04-21,LAX,BOS,LAX-BOS,EWR,UA,UA,UA / UA,coach / coach,2022-04-21T16:23:00-04:00,2022-04-21T16:58:00-04:00,1650572580,1650574680,35.0,0.0,0,0,1,625
181a61492cb11db9,2022-04-16,2022-04-21,LAX,BOS,LAX-BOS,DEN,UA,UA,UA / UA,coach / coach,2022-04-21T22:16:00-06:00,2022-04-21T23:20:00-06:00,1650600960,1650604800,64.0,64.0,0,0,1,626
ab8a35465cc249c6,2022-04-16,2022-04-21,LAX,BOS,LAX-BOS,EWR,UA,UA,UA / UA,coach / coach,2022-04-21T20:54:00-04:00,2022-04-21T22:08:00-04:00,1650588840,1650593280,74.0,8.0,0,0,1,627
de1abcdea779b401,2022-04-16,2022-04-21,LAX,BOS,LAX-BOS,EWR,UA,UA,UA / UA,coach / coach,2022-04-21T20:02:00-04:00,2022-04-21T21:09:00-04:00,1650585720,1650589740,67.0,0.0,0,0,1,628
00f0471e22b45fec,2022-04-16,2022-04-21,LAX,BOS,LAX-BOS,SFO,UA,UA,UA / UA,coach / coach,2022-04-21T12:16:00-07:00,2022-04-21T13:25:00-07:00,1650568560,1650572700,69.0,0.0,0,0,1,629
2e751ee038268940,2022-04-16,2022-04-21,LAX,BOS,LAX-BOS,PHL,AA,AA,AA / AA,coach / coach,2022-04-21T14:31:00-04:00,2022-04-21T15:30:00-04:00,1650565860,1650569400,59.0,0.0,0,0,1,631
dc163d735fa80abf,2022-04-16,2022-04-21,LAX,BOS,LAX-BOS,DFW,AA,AA,AA / AA,coach / coach,2022-04-21T13:05:00-05:00,2022-04-21T15:25:00-05:00,1650564300,1650572700,140.0,0.0,0,0,1,632
035ec3e41977403c,2022-04-16,2022-04-21,LAX,BOS,LAX-BOS,ORD,AA,AA,AA / AA,coach / coach,2022-04-21T12:17:00-05:00,2022-04-21T15:10:00-05:00,1650561420,1650571800,173.0,0.0,0,0,1,633
4051caefd9796bad,2022-04-16,2022-04-21,LAX,BOS,LAX-BOS,DFW,AA,AA,AA / AA,coach / coach,2022-04-21T12:07:00-05:00,2022-04-21T15:25:00-05:00,1650560820,1650572700,198.0,0.0,0,0,1,634
836e24b41e205c23,2022-04-16,2022-04-21,LAX,BOS,LAX-BOS,DFW,AA,AA,AA / AA,coach / coach,2022-04-21T13:05:00-05:00,2022-04-21T16:59:00-05:00,1650564300,1650578340,234.0,0.0,0,0,1,635
cd1c64c48289dfd1,2022-04-16,2022-04-21,LAX,BOS,LAX-BOS,EWR,AS,DL,AS / DL,coach / coach,2022-04-21T16:55:00-04:00,2022-04-21T18:10:00-04:00,1650574500,1650579000,75.0,0.0,0,0,1,636
9c1f164e2f7b8f1f,2022-04-16,2022-04-21,LAX,BOS,LAX-BOS,SFO,AS,AS,AS / AS,coach / coach,2022-04-21T07:40:00-07:00,2022-04-21T08:25:00-07:00,1650552000,1650554700,45.0,0.0,0,0,1,637
aa68efa1ba3166f7,2022-04-16,2022-04-21,LAX,BOS,LAX-BOS,SFO,B6,B6,B6 / B6,coach / coach,2022-04-21T08:29:00-07:00,2022-04-21T11:53:00-07:00,1650554940,1650567180,204.0,0.0,0,0,1,639
3fdadc06061e3f2d,2022-04-16,2022-04-21,LAX,BOS,LAX-BOS,LAS,B6,B6,B6 / B6,coach / coach,2022-04-21T20:46:00-07:00,2022-04-21T22:45:00-07:00,1650599160,1650606300,119.0,45.0,0,0,1,640
37884a8f75ad3e37,2022-04-16,2022-04-21,LAX,BOS,LAX-BOS,DTW,DL,DL,DL / DL,coach / coach,2022-04-21T21:47:00-04:00,2022-04-21T22:59:00-04:00,1650592020,1650596340,72.0,59.0,0,0,1,644
ac3c7a62a6acf043,2022-04-16,2022-04-21,LAX,BOS,LAX-BOS,SLC,DL,DL,DL / DL,coach / coach,2022-04-21T16:35:00-06:00,2022-04-21T17:46:00-06:00,1650580500,1650584760,71.0,0.0,0,0,1,645
d9d2ec3e02a334d3,2022-04-16,2022-04-21,LAX,BOS,LAX-BOS,MSP,DL,DL,DL / DL,coach / coach,2022-04-21T13:57:00-05:00,2022-04-21T15:33:00-05:00,1650567420,1650573180,96.0,0.0,0,0,1,646
1279e52c5b91fe23,2022-04-16,2022-04-21,LAX,BOS,LAX-BOS,EWR,UA,UA,UA / UA,coach / coach,2022-04-21T18:47:00-04:00,2022-04-21T21:09:00-04:00,1650581220,1650589740,142.0,0.0,0,0,1,651
dc7a12c712c493ff,2022-04-16,2022-04-21,LAX,BOS,LAX-BOS,CLT,AA,AA,AA / AA,coach / coach,2022-04-22T06:38:00-04:00,2022-04-22T07:56:00-04:00,1650623880,1650628560,78.0,0.0,0,0,1,652
bf48b077eaa1aa93,2022-04-16,2022-04-21,LAX,BOS,LAX-BOS,ORD,UA,UA,UA / UA,coach / coach,2022-04-22T06:03:00-05:00,2022-04-22T07:15:00-05:00,1650625380,1650629700,72.0,0.0,0,0,1,653
e42d41f5b70c1dde,2022-04-16,2022-04-21,LAX,BOS,LAX-BOS,ORD,AA,AA,AA / AA,coach / coach,2022-04-21T19:20:00-05:00,2022-04-21T20:35:00-05:00,1650586800,1650591300,75.0,0.0,0,0,1,654
661e0de8b3fb4bb9,2022-04-16,2022-04-21,LAX,BOS,LAX-BOS,DFW,AA,AA,AA / AA,coach / coach,2022-04-21T14:05:00-05:00,2022-04-21T15:25:00-05:00,1650567900,1650572700,80.0,0.0,0,0,1,655
af7bb13657dbc9b5,2022-04-16,2022-04-21,LAX,BOS,LAX-BOS,JFK,AA,AA,AA / AA,coach / coach,2022-04-22T06:30:00-04:00,2022-04-22T07:59:00-04:00,1650623400,1650628740,89.0,0.0,0,0,1,656
055cca50a850426c,2022-04-16,2022-04-21,LAX,BOS,LAX-BOS,JFK,B6,B6,B6 / B6,coach / coach,2022-04-22T06:30:00-04:00,2022-04-22T07:59:00-04:00,1650623400,1650628740,89.0,0.0,0,0,1,657
a5f034a321b43019,2022-04-16,2022-04-21,LAX,BOS,LAX-BOS,ORD,UA,UA,UA / UA,coach / coach,2022-04-22T04:52:00-05:00,2022-04-22T07:15:00-05:00,1650621120,1650629700,143.0,68.0,0,0,1,658
3a16042c02629bf9,2022-04-16,2022-04-21,LAX,BOS,LAX-BOS,ORD,AA,AA,AA / AA,coach / coach,2022-04-21T16:07:00-05:00,2022-04-21T18:45:00-05:00,1650575220,1650584700,158.0,0.0,0,0,1,659
98f37d856753fccb,2022-04-16,2022-04-21,LAX,BOS,LAX-BOS,DFW,AA,AA,AA / AA,coach / coach,2022-04-21T16:25:00-05:00,2022-04-21T19:10:00-05:00,1650576300,1650586200,165.0,0.0,0,0,1,660
f5b2f52c148986ab,2022-04-16,2022-04-21,LAX,BOS,LAX-BOS,SEA,AS,AS,AS / AS,coach / coach,2022-04-21T14:30:00-07:00,2022-04-21T15:35:00-07:00,1650576600,1650580500,65.0,0.0,0,0,1,661
81ab897b0a5b9176,2022-04-16,2022-04-21,LAX,BOS,LAX-BOS,SEA,AS,AS,AS / AS,coach / coach,2022-04-21T13:24:00-07:00,2022-04-21T15:35:00-07:00,1650572640,1650580500,131.0,0.0,0,0,1,662
6314fd3334ef80be,2022-04-16,2022-04-21,LAX,BOS,LAX-BOS,ORD,AA,AA,AA / AA,coach / coach,2022-04-22T05:47:00-05:00,2022-04-22T07:25:00-05:00,1650624420,1650630300,98.0,13.0,0,0,1,663
10275d7a211a5ac7,2022-04-16,2022-04-21,LAX,BOS,LAX-BOS,MSP,SY,SY,SY / SY,coach / coach,2022-04-21T23:11:00-05:00,2022-04-22T06:50:00-05:00,1650600660,1650628200,459.0,409.0,1,1,1,664
e924413550055149,2022-04-16,2022-04-21,LAX,BOS,LAX-BOS,JFK,B6,B6,B6 / B6,coach / coach,2022-04-21T20:30:00-04:00,2022-04-21T21:29:00-04:00,1650587400,1650590940,59.0,0.0,0,0,1,675
4f178157ce17e6a0,2022-04-16,2022-04-21,LAX,BOS,LAX-BOS,JFK,B6,B6,B6 / B6,coach / coach,2022-04-21T20:30:00-04:00,2022-04-21T21:35:00-04:00,1650587400,1650591300,65.0,0.0,0,0,1,676
1f7ee763c57ed91c,2022-04-16,2022-04-21,LAX,BOS,LAX-BOS,JFK,AA,AA,AA / AA,coach / coach,2022-04-21T19:30:00-04:00,2022-04-21T21:29:00-04:00,1650583800,1650590940,119.0,0.0,0,0,1,677
50f03a9c096c71a9,2022-04-16,2022-04-21,LAX,BOS,LAX-BOS,JFK,B6,B6,B6 / B6,coach / coach,2022-04-21T19:30:00-04:00,2022-04-21T21:35:00-04:00,1650583800,1650591300,125.0,0.0,0,0,1,678
137d2ab20df67442,2022-04-16,2022-04-21,LAX,BOS,LAX-BOS,DFW,AA,AA,AA / AA,coach / coach,2022-04-21T14:05:00-05:00,2022-04-21T16:59:00-05:00,1650567900,1650578340,174.0,0.0,0,0,1,679
b21833931edddd12,2022-04-16,2022-04-21,LAX,BOS,LAX-BOS,PHX,AA,AA,AA / AA,coach / coach,2022-04-21T18:07:00-07:00,2022-04-21T22:00:00-07:00,1650589620,1650603600,233.0,0.0,0,0,1,680
a60ca7ca97b6d095,2022-04-16,2022-04-21,LAX,BOS,LAX-BOS,DTW,DL,DL,DL / DL,coach / coach,2022-04-22T06:30:00-04:00,2022-04-22T07:30:00-04:00,1650623400,1650627000,60.0,0.0,0,0,1,682
130a839679486889,2022-04-16,2022-04-21,LAX,BOS,LAX-BOS,SLC,DL,DL,DL / DL,coach / coach,2022-04-21T23:08:00-06:00,2022-04-21T23:59:00-06:00,1650604080,1650607140,51.0,51.0,0,0,1,683
e8c0128f8154cd27,2022-04-16,2022-04-21,LAX,BOS,LAX-BOS,JFK,DL,DL,DL / DL,coach / coach,2022-04-22T06:00:00-04:00,2022-04-22T07:30:00-04:00,1650621600,1650627000,90.0,0.0,0,0,1,684
012f7f3160cbf047,2022-04-16,2022-04-21,LAX,BOS,LAX-BOS,DTW,DL,DL,DL / DL,coach / coach,2022-04-22T05:17:00-04:00,2022-04-22T07:30:00-04:00,1650619020,1650627000,133.0,43.0,0,0,1,685
ea15cc82f314caf7,2022-04-16,2022-04-21,LAX,BOS,LAX-BOS,SFO,AS,AS,AS / AS,coach / coach,2022-04-21T19:30:00-07:00,2022-04-21T21:25:00-07:00,1650594600,1650601500,115.0,0.0,0,0,1,695
f6fa1caee8a0744e,2022-04-16,2022-04-22,BOS,LAX,BOS-LAX,CLT,AA,AA,AA / AA,coach / coach,2022-04-22T15:45:00-04:00,2022-04-22T16:40:00-04:00,1650656700,1650660000,55.0,0.0,0,0,1,718
b7880e6939bf8049,2022-04-16,2022-04-22,BOS,LAX,BOS-LAX,CLT,AA,AA,AA / AA,coach / coach,2022-04-22T10:10:00-04:00,2022-04-22T11:10:00-04:00,1650636600,1650640200,60.0,0.0,0,0,1,719
b4f719dbd63ab3eb,2022-04-16,2022-04-22,BOS,LAX,BOS-LAX,CLT,AA,AA,AA / AA,coach / coach,2022-04-22T19:01:00-04:00,2022-04-22T20:25:00-04:00,1650668460,1650673500,84.0,0.0,0,0,1,720
b59865408f09b6cc,2022-04-16,2022-04-22,BOS,LAX,BOS-LAX,CLT,AA,AA,AA / AA,coach / coach,2022-04-22T16:57:00-04:00,2022-04-22T18:32:00-04:00,1650661020,1650666720,95.0,0.0,0,0,1,721
967bf7d721e97fd4,2022-04-16,2022-04-22,BOS,LAX,BOS-LAX,EWR,UA,UA,UA / UA,coach / coach,2022-04-22T07:29:00-04:00,2022-04-22T08:30:00-04:00,1650626940,1650630600,61.0,0.0,0,0,1,722
2d6499fd69e1cfed,2022-04-16,2022-04-22,BOS,LAX,BOS-LAX,DEN,UA,UA,UA / UA,coach / coach,2022-04-22T17:57:00-06:00,2022-04-22T19:12:00-06:00,1650671820,1650676320,75.0,0.0,0,0,1,723
6d186c558d8ec214,2022-04-16,2022-04-22,BOS,LAX,BOS-LAX,JFK,AA,AA,AA / AA,coach / coach,2022-04-22T16:09:00-04:00,2022-04-22T17:00:00-04:00,1650658140,1650661200,51.0,0.0,0,0,1,724
54f540017211e2ef,2022-04-16,2022-04-22,BOS,LAX,BOS-LAX,JFK,B6,B6,B6 / B6,coach / coach,2022-04-22T16:09:00-04:00,2022-04-22T17:00:00-04:00,1650658140,1650661200,51.0,0.0,0,0,1,725
016379c57618a505,2022-04-16,2022-04-22,BOS,LAX,BOS-LAX,PHL,AA,AA,AA / AA,coach / coach,2022-04-22T07:35:00-04:00,2022-04-22T08:22:00-04:00,1650627300,1650630120,47.0,0.0,0,0,1,726
45dbcbd77ad9cca9,2022-04-16,2022-04-22,BOS,LAX,BOS-LAX,ORD,AA,AA,AA / AA,coach / coach,2022-04-22T09:16:00-05:00,2022-04-22T10:15:00-05:00,1650636960,1650640500,59.0,0.0,0,0,1,727
e6cf28283ba75fd0,2022-04-16,2022-04-22,BOS,LAX,BOS-LAX,ORD,AA,AA,AA / AA,coach / coach,2022-04-22T17:23:00-05:00,2022-04-22T18:32:00-05:00,1650666180,1650670320,69.0,0.0,0,0,1,728
83e5dc8d5e6ef25c,2022-04-16,2022-04-22,BOS,LAX,BOS-LAX,DEN,UA,UA,UA / UA,coach / coach,2022-04-22T12:16:00-06:00,2022-04-22T13:35:00-06:00,1650651360,1650656100,79.0,0.0,0,0,1,729
cde67a2d27ff9a8c,2022-04-16,2022-04-22,BOS,LAX,BOS-LAX,ORD,UA,UA,UA / UA,coach / coach,2022-04-22T07:53:00-05:00,2022-04-22T08:53:00-05:00,1650631980,1650635580,60.0,0.0,0,0,1,730
0edf004b86cf80dd,2022-04-16,2022-04-22,BOS,LAX,BOS-LAX,ORD,AA,AA,AA / AA,coach / coach,2022-04-22T14:07:00-05:00,2022-04-22T15:30:00-05:00,1650654420,1650659400,83.0,0.0,0,0,1,731
9fb4584aee451e89,2022-04-16,2022-04-22,BOS,LAX,BOS-LAX,ORD,UA,UA,UA / UA,coach / coach,2022-04-22T11:32:00-05:00,2022-04-22T12:45:00-05:00,1650645120,1650649500,73.0,0.0,0,0,1,732
1f8e97c6bc5178a8,2022-04-16,2022-04-22,BOS,LAX,BOS-LAX,DEN,UA,UA,UA / UA,coach / coach,2022-04-22T08:52:00-06:00,2022-04-22T10:20:00-06:00,1650639120,1650644400,88.0,0.0,0,0,1,733
c5bbebe3274366b1,2022-04-16,2022-04-22,BOS,LAX,BOS-LAX,EWR,UA,UA,UA / UA,coach / coach,2022-04-22T12:55:00-04:00,2022-04-22T13:59:00-04:00,1650646500,1650650340,64.0,0.0,0,0,1,734
bc438a4202d0ad59,2022-04-16,2022-04-22,BOS,LAX,BOS-LAX,ORD,UA,UA,UA / UA,coach / coach,2022-04-22T20:19:00-05:00,2022-04-22T21:25:00-05:00,1650676740,1650680700,66.0,0.0,0,0,1,735
24ea5440b2c6bb0c,2022-04-16,2022-04-22,BOS,LAX,BOS-LAX,PHL,AA,AA,AA / AA,coach / coach,2022-04-22T12:44:00-04:00,2022-04-22T13:49:00-04:00,1650645840,1650649740,65.0,0.0,0,0,1,736
0f4c5c5aa39c6d55,2022-04-16,2022-04-22,BOS,LAX,BOS-LAX,EWR,UA,UA,UA / UA,coach / coach,2022-04-22T10:44:00-04:00,2022-04-22T11:59:00-04:00,1650638640,1650643140,75.0,0.0,0,0,1,737
be54fb995c38235d,2022-04-16,2022-04-22,BOS,LAX,BOS-LAX,IAD,UA,UA,UA / UA,coach / coach,2022-04-22T21:18:00-04:00,2022-04-22T22:35:00-04:00,1650676680,1650681300,77.0,35.0,0,0,1,738
49f0057e6a99ae71,2022-04-16,2022-04-22,BOS,LAX,BOS-LAX,DFW,AA,AA,AA / AA,coach / coach,2022-04-22T08:29:00-05:00,2022-04-22T09:19:00-05:00,1650634140,1650637140,50.0,0.0,0,0,1,739
89db00089dd65680,2022-04-16,2022-04-22,BOS,LAX,BOS-LAX,ORD,AA,AA,AA / AA,coach / coach,2022-04-22T15:55:00-05:00,2022-04-22T17:20:00-05:00,1650660900,1650666000,85.0,0.0,0,0,1,740
711942e212ec4cde,2022-04-16,2022-04-22,BOS,LAX,BOS-LAX,EWR,UA,UA,UA / UA,coach / coach,2022-04-22T16:59:00-04:00,2022-04-22T18:00:00-04:00,1650661140,1650664800,61.0,0.0,0,0,1,741
5d1f554affa9f53e,2022-04-16,2022-04-22,BOS,LAX,BOS-LAX,DFW,AA,AA,AA / AA,coach / coach,2022-04-22T18:10:00-05:00,2022-04-22T19:15:00-05:00,1650669000,1650672900,65.0,0.0,0,0,1,742
d28ee30699aa5aa5,2022-04-16,2022-04-22,BOS,LAX,BOS-LAX,DEN,UA,UA,UA / UA,coach / coach,2022-04-22T14:24:00-06:00,2022-04-22T16:07:00-06:00,1650659040,1650665220,103.0,0.0,0,0,1,743
8110928c38f09bda,2022-04-16,2022-04-22,BOS,LAX,BOS-LAX,EWR,UA,UA,UA / UA,coach / coach,2022-04-22T08:57:00-04:00,2022-04-22T10:30:00-04:00,1650632220,1650637800,93.0,0.0,0,0,1,744
da25f9f7c5201176,2022-04-16,2022-04-22,BOS,LAX,BOS-LAX,DFW,AA,AA,AA / AA,coach / coach,2022-04-22T15:50:00-05:00,2022-04-22T17:00:00-05:00,1650660600,1650664800,70.0,0.0,0,0,1,745
9d734cc99c409631,2022-04-16,2022-04-22,BOS,LAX,BOS-LAX,EWR,UA,UA,UA / UA,coach / coach,2022-04-22T15:31:00-04:00,2022-04-22T17:00:00-04:00,1650655860,1650661200,89.0,0.0,0,0,1,746
ba69e4faec6ce33f,2022-04-16,2022-04-22,BOS,LAX,BOS-LAX,ORD,AA,AA,AA / AA,coach / coach,2022-04-22T07:01:00-05:00,2022-04-22T08:30:00-05:00,1650628860,1650634200,89.0,0.0,0,0,1,747
9d14e2e40d8bddd8,2022-04-16,2022-04-22,BOS,LAX,BOS-LAX,ORD,UA,UA,UA / UA,coach / coach,2022-04-22T18:50:00-05:00,2022-04-22T20:22:00-05:00,1650671400,1650676920,92.0,0.0,0,0,1,748
b34d080057c58a7b,2022-04-16,2022-04-22,BOS,LAX,BOS-LAX,DFW,AA,AA,AA / AA,coach / coach,2022-04-22T11:09:00-05:00,2022-04-22T12:22:00-05:00,1650643740,1650648120,73.0,0.0,0,0,1,749
452199a231efcd2a,2022-04-16,2022-04-22,BOS,LAX,BOS-LAX,DTW,DL,DL,DL / DL,coach / coach,2022-04-22T15:00:00-04:00,2022-04-22T16:57:00-04:00,1650654000,1650661020,117.0,0.0,0,0,1,750
ead52c76ee081ee5,2022-04-16,2022-04-22,BOS,LAX,BOS-LAX,DTW,DL,DL,DL / DL,coach / coach,2022-04-22T19:38:00-04:00,2022-04-22T21:31:00-04:00,1650670680,1650677460,113.0,0.0,0,0,1,751
ad79d47ca41ed30b,2022-04-16,2022-04-22,BOS,LAX,BOS-LAX,EWR,UA,UA,UA / UA,coach / coach,2022-04-22T08:37:00-04:00,2022-04-22T10:30:00-04:00,1650631020,1650637800,113.0,0.0,0,0,1,752
a09cc997b2a5034e,2022-04-16,2022-04-22,BOS,LAX,BOS-LAX,DFW,AA,AA,AA / AA,coach / coach,2022-04-22T09:50:00-05:00,2022-04-22T11:15:00-05:00,1650639000,1650644100,85.0,0.0,0,0,1,753
a5af4750bcbd734d,2022-04-16,2022-04-22,BOS,LAX,BOS-LAX,EWR,UA,UA,UA / UA,coach / coach,2022-04-22T14:02:00-04:00,2022-04-22T16:00:00-04:00,1650650520,1650657600,118.0,0.0,0,0,1,754
9f32ccad6b467606,2022-04-16,2022-04-22,BOS,LAX,BOS-LAX,ORD,AA,AA,AA / AA,coach / coach,2022-04-22T08:01:00-05:00,2022-04-22T10:15:00-05:00,1650632460,1650640500,134.0,0.0,0,0,1,755
2e4b63f38ffa9c75,2022-04-16,2022-04-22,BOS,LAX,BOS-LAX,ATL,DL,DL,DL / DL,coach / coach,2022-04-22T19:30:00-04:00,2022-04-22T21:32:00-04:00,1650670200,1650677520,122.0,0.0,0,0,1,756
3c804bf71ae6f128,2022-04-16,2022-04-22,BOS,LAX,BOS-LAX,MSP,DL,DL,DL / DL,coach / coach,2022-04-22T10:28:00-05:00,2022-04-22T13:13:00-05:00,1650641280,1650651180,165.0,0.0,0,0,1,757
6a81a1796bb061be,2022-04-16,2022-04-22,BOS,LAX,BOS-LAX,ORD,UA,UA,UA / UA,coach / coach,2022-04-22T18:50:00-05:00,2022-04-22T21:25:00-05:00,1650671400,1650680700,155.0,0.0,0,0,1,758
49cf0006e9531227,2022-04-16,2022-04-22,BOS,LAX,BOS-LAX,MSP,DL,DL,DL / DL,coach / coach,2022-04-22T08:22:00-05:00,2022-04-22T11:19:00-05:00,1650633720,1650644340,177.0,0.0,0,0,1,759
20909a3bd2e33a9d,2022-04-16,2022-04-22,BOS,LAX,BOS-LAX,ORD,UA,UA,UA / UA,coach / coach,2022-04-22T09:59:00-05:00,2022-04-22T11:03:00-05:00,1650639540,1650643380,64.0,0.0,0,0,1,764
cd68536a9032d12d,2022-04-16,2022-04-22,BOS,LAX,BOS-LAX,IAH,UA,UA,UA / UA,coach / coach,2022-04-22T18:47:00-05:00,2022-04-22T19:46:00-05:00,1650671220,1650674760,59.0,0.0,0,0,1,765
f3d2dd5f1e1c48b2,2022-04-16,2022-04-22,BOS,LAX,BOS-LAX,MSP,SY,SY,SY / SY,coach / coach,2022-04-22T13:38:00-05:00,2022-04-22T14:40:00-05:00,1650652680,1650656400,62.0,0.0,0,0,1,766
f21e44a0103f7766,2022-04-16,2022-04-22,BOS,LAX,BOS-LAX,FLL,NK,NK,NK / NK,coach / coach,2022-04-22T20:23:00-04:00,2022-04-22T21:20:00-04:00,1650673380,1650676800,57.0,0.0,0,0,1,769
137802c9d4cf3101,2022-04-16,2022-04-22,BOS,LAX,BOS-LAX,ORD,AA,AA,AA / AA,coach / coach,2022-04-22T12:21:00-05:00,2022-04-22T13:25:00-05:00,1650648060,1650651900,64.0,0.0,0,0,1,773
1148f2b17f5d38fd,2022-04-16,2022-04-22,BOS,LAX,BOS-LAX,EWR,DL,AS,DL / AS,coach / coach,2022-04-22T17:24:00-04:00,2022-04-22T18:35:00-04:00,1650662640,1650666900,71.0,0.0,0,0,1,774
932effdc3fd143db,2022-04-16,2022-04-22,BOS,LAX,BOS-LAX,PDX,AS,AS,AS / AS,coach / coach,2022-04-22T23:21:00-07:00,2022-04-23T06:15:00-07:00,1650694860,1650719700,414.0,399.0,1,1,1,775
8e4412240b02b08d,2022-04-16,2022-04-22,LAX,BOS,LAX-BOS,ORD,AA,AA,AA / AA,coach / coach,2022-04-22T13:49:00-05:00,2022-04-22T17:05:00-05:00,1650653340,1650665100,196.0,0.0,0,0,1,777
bbe1ed5eea9de172,2022-04-16,2022-04-22,LAX,BOS,LAX-BOS,SEA,DL,DL,DL / DL,coach / coach,2022-04-22T13:52:00-07:00,2022-04-22T15:35:00-07:00,1650660720,1650666900,103.0,0.0,0,0,1,779
278f41078f3b613b,2022-04-16,2022-04-22,LAX,BOS,LAX-BOS,DEN,UA,UA,UA / UA,coach / coach,2022-04-22T22:09:00-06:00,2022-04-22T23:20:00-06:00,1650686940,1650691200,71.0,71.0,0,0,1,780
deb15c94840f1e03,2022-04-16,2022-04-22,LAX,BOS,LAX-BOS,ORD,UA,UA,UA / UA,coach / coach,2022-04-23T06:03:00-05:00,2022-04-23T07:15:00-05:00,1650711780,1650716100,72.0,0.0,0,0,1,781
24349e012f386beb,2022-04-16,2022-04-22,LAX,BOS,LAX-BOS,ORD,AA,AA,AA / AA,coach / coach,2022-04-22T13:49:00-05:00,2022-04-22T15:10:00-05:00,1650653340,1650658200,81.0,0.0,0,0,1,782
7816099d7264cd15,2022-04-16,2022-04-22,LAX,BOS,LAX-BOS,ORD,UA,UA,UA / UA,coach / coach,2022-04-23T04:52:00-05:00,2022-04-23T07:15:00-05:00,1650707520,1650716100,143.0,68.0,0,0,1,783
abb8e2c692abf450,2022-04-16,2022-04-22,LAX,BOS,LAX-BOS,DEN,UA,UA,UA / UA,coach / coach,2022-04-22T19:35:00-06:00,2022-04-22T23:20:00-06:00,1650677700,1650691200,225.0,80.0,0,0,1,784
ef4772b417698c88,2022-04-16,2022-04-22,LAX,BOS,LAX-BOS,EWR,UA,UA,UA / UA,coach / coach,2022-04-22T16:23:00-04:00,2022-04-22T22:08:00-04:00,1650658980,1650679680,345.0,8.0,0,0,1,786
869ab0353880992d,2022-04-16,2022-04-22,LAX,BOS,LAX-BOS,MSP,SY,SY,SY / SY,coach / coach,2022-04-22T23:11:00-05:00,2022-04-23T06:50:00-05:00,1650687060,1650714600,459.0,409.0,1,1,1,787
1f6dc40b77e085fe,2022-04-16,2022-04-22,LAX,BOS,LAX-BOS,EWR,UA,UA,UA / UA,coach / coach,2022-04-22T16:23:00-04:00,2022-04-22T16:58:00-04:00,1650658980,1650661080,35.0,0.0,0,0,1,788
1e1c7f29477dab76,2022-04-16,2022-04-22,LAX,BOS,LAX-BOS,EWR,UA,UA,UA / UA,coach / coach,2022-04-22T16:23:00-04:00,2022-04-22T18:00:00-04:00,1650658980,1650664800,97.0,0.0,0,0,1,789
bff1d0ebad24dc28,2022-04-16,2022-04-22,LAX,BOS,LAX-BOS,EWR,UA,UA,UA / UA,coach / coach,2022-04-22T18:47:00-04:00,2022-04-22T22:08:00-04:00,1650667620,1650679680,201.0,8.0,0,0,1,790
6feb3c921103f422,2022-04-16,2022-04-22,LAX,BOS,LAX-BOS,ATL,NK,NK,NK / NK,coach / coach,2022-04-23T00:46:00-04:00,2022-04-23T06:35:00-04:00,1650689160,1650710100,349.0,314.0,0,0,1,791
37cda24a3e4ff1d5,2022-04-16,2022-04-22,LAX,BOS,LAX-BOS,EWR,UA,UA,UA / UA,coach / coach,2022-04-22T18:47:00-04:00,2022-04-22T21:10:00-04:00,1650667620,1650676200,143.0,0.0,0,0,1,796
d822d63fed935c1d,2022-04-16,2022-04-22,LAX,BOS,LAX-BOS,ORD,AA,AA,AA / AA,coach / coach,2022-04-22T16:07:00-05:00,2022-04-22T17:05:00-05:00,1650661620,1650665100,58.0,0.0,0,0,1,797
7818f36c67cb8fbc,2022-04-16,2022-04-22,LAX,BOS,LAX-BOS,EWR,UA,UA,UA / UA,coach / coach,2022-04-22T14:28:00-04:00,2022-04-22T15:30:00-04:00,1650652080,1650655800,62.0,0.0,0,0,1,798
17eebbb09b3d7cce,2022-04-16,2022-04-22,LAX,BOS,LAX-BOS,ORD,UA,UA,UA / UA,coach / coach,2022-04-22T20:14:00-05:00,2022-04-22T21:29:00-05:00,1650676440,1650680940,75.0,0.0,0,0,1,799
7bc5d2659abdb7cb,2022-04-16,2022-04-22,LAX,BOS,LAX-BOS,EWR,UA,UA,UA / UA,coach / coach,2022-04-22T20:54:00-04:00,2022-04-22T22:08:00-04:00,1650675240,1650679680,74.0,8.0,0,0,1,800
9c410727f9d25f5f,2022-04-16,2022-04-22,LAX,BOS,LAX-BOS,ORD,AA,AA,AA / AA,coach / coach,2022-04-22T19:20:00-05:00,2022-04-22T20:35:00-05:00,1650673200,1650677700,75.0,0.0,0,0,1,801
1eb03d0d8686c1bf,2022-04-16,2022-04-22,LAX,BOS,LAX-BOS,DEN,UA,UA,UA / UA,coach / coach,2022-04-22T08:23:00-06:00,2022-04-22T10:00:00-06:00,1650637380,1650643200,97.0,0.0,0,0,1,802
7be21fef8ced8171,2022-04-16,2022-04-22,LAX,BOS,LAX-BOS,JFK,AA,AA,AA / AA,coach / coach,2022-04-22T19:30:00-04:00,2022-04-22T21:29:00-04:00,1650670200,1650677340,119.0,0.0,0,0,1,803
66ca833eb216b7ed,2022-04-16,2022-04-22,LAX,BOS,LAX-BOS,EWR,UA,UA,UA / UA,coach / coach,2022-04-22T19:57:00-04:00,2022-04-22T22:08:00-04:00,1650671820,1650679680,131.0,8.0,0,0,1,804
7ae953d087f34041,2022-04-16,2022-04-22,LAX,BOS,LAX-BOS,MSP,DL,DL,DL / DL,coach / coach,2022-04-22T06:36:00-05:00,2022-04-22T07:35:00-05:00,1650627360,1650630900,59.0,0.0,0,0,1,807
ab2e340d073b20fa,2022-04-16,2022-04-22,LAX,BOS,LAX-BOS,MSP,DL,DL,DL / DL,coach / coach,2022-04-22T11:58:00-05:00,2022-04-22T13:05:00-05:00,1650646680,1650650700,67.0,0.0,0,0,1,808
8220f6abb25c49af,2022-04-16,2022-04-22,LAX,BOS,LAX-BOS,CVG,DL,DL,DL / DL,coach / coach,2022-04-23T05:06:00-04:00,2022-04-23T06:30:00-04:00,1650704760,1650709800,84.0,54.0,0,0,1,809
52c7dbed2b88d53d,2022-04-16,2022-04-22,LAX,BOS,LAX-BOS,MSP,DL,DL,DL / DL,coach / coach,2022-04-22T13:57:00-05:00,2022-04-22T15:33:00-05:00,1650653820,1650659580,96.0,0.0,0,0,1,810
b6817010e1eb7b56,2022-04-16,2022-04-22,LAX,BOS,LAX-BOS,SEA,DL,DL,DL / DL,coach / coach,2022-04-22T20:19:00-07:00,2022-04-22T21:51:00-07:00,1650683940,1650689460,92.0,0.0,0,0,1,811
a75b40a1aa318105,2022-04-16,2022-04-22,LAX,BOS,LAX-BOS,MSP,DL,DL,DL / DL,coach / coach,2022-04-22T11:58:00-05:00,2022-04-22T15:33:00-05:00,1650646680,1650659580,215.0,0.0,0,0,1,812
48b25b99585a8036,2022-04-16,2022-04-22,LAX,BOS,LAX-BOS,EWR,AS,UA,AS / UA,coach / coach,2022-04-22T18:40:00-04:00,2022-04-22T21:10:00-04:00,1650667200,1650676200,150.0,0.0,0,0,1,814
1f6e0b1cecc91901,2022-04-16,2022-04-22,LAX,BOS,LAX-BOS,EWR,AS,UA,AS / UA,coach / coach,2022-04-22T18:40:00-04:00,2022-04-22T22:08:00-04:00,1650667200,1650679680,208.0,8.0,0,0,1,815
1a35fffb9d4528bf,2022-04-16,2022-04-22,LAX,BOS,LAX-BOS,SEA,AS,AS,AS / AS,coach / coach,2022-04-22T14:30:00-07:00,2022-04-22T15:35:00-07:00,1650663000,1650666900,65.0,0.0,0,0,1,816
a6daeaa07fb22cf6,2022-04-16,2022-04-22,LAX,BOS,LAX-BOS,EWR,AS,DL,AS / DL,coach / coach,2022-04-22T16:55:00-04:00,2022-04-22T18:10:00-04:00,1650660900,1650665400,75.0,0.0,0,0,1,817
4eb3210cbe2b884c,2022-04-16,2022-04-22,LAX,BOS,LAX-BOS,PHL,AA,AA,AA / AA,coach / coach,2022-04-22T23:13:00-04:00,2022-04-23T06:07:00-04:00,1650683580,1650708420,414.0,407.0,1,1,1,818
9bf79b6f9bbb26b8,2022-04-16,2022-04-22,LAX,BOS,LAX-BOS,SLC,B6,B6,B6 / B6,coach / coach,2022-04-22T17:29:00-06:00,2022-04-22T23:20:00-06:00,1650670140,1650691200,351.0,80.0,0,0,1,823
2ef51021699f4672,2022-04-16,2022-04-22,LAX,BOS,LAX-BOS,ORD,AA,AA,AA / AA,coach / coach,2022-04-23T05:47:00-05:00,2022-04-23T07:25:00-05:00,1650710820,1650716700,98.0,13.0,0,0,1,828
0e8a0900df4608ed,2022-04-16,2022-04-22,LAX,BOS,LAX-BOS,IND,DL,DL,DL / DL,coach / coach,2022-04-23T05:15:00-04:00,2022-04-23T08:55:00-04:00,1650705300,1650718500,220.0,45.0,0,0,1,829
d0c3bbeef42de9bd,2022-04-16,2022-04-22,LAX,BOS,LAX-BOS,SEA,AS,AS,AS / AS,coach / coach,2022-04-22T23:54:00-07:00,2022-04-23T07:05:00-07:00,1650696840,1650722700,431.0,366.0,1,1,1,830
d8119e3684b62c99,2022-04-16,2022-04-22,LAX,BOS,LAX-BOS,PDX,AS,AS,AS / AS,coach / coach,2022-04-22T08:30:00-07:00,2022-04-22T09:55:00-07:00,1650641400,1650646500,85.0,0.0,0,0,1,838
88ee8d5eafff3ac3,2022-04-16,2022-04-22,LAX,BOS,LAX-BOS,SEA,AS,AS,AS / AS,coach / coach,2022-04-22T21:17:00-07:00,2022-04-22T23:10:00-07:00,1650687420,1650694200,113.0,70.0,0,0,1,839
3eed9152c6d12f42,2022-04-16,2022-04-22,LAX,BOS,LAX-BOS,JFK,AA,AA,AA / AA,coach / coach,2022-04-22T20:00:00-04:00,2022-04-22T21:29:00-04:00,1650672000,1650677340,89.0,0.0,0,0,1,840
5438d89728ba002c,2022-04-16,2022-04-23,BOS,LAX,BOS-LAX,ORD,AA,AA,AA / AA,coach / coach,2022-04-23T08:01:00-05:00,2022-04-23T10:15:00-05:00,1650718860,1650726900,134.0,0.0,0,0,1,850
beff32c8254a88ac,2022-04-16,2022-04-23,BOS,LAX,BOS-LAX,ORD,AA,AA,AA / AA,coach / coach,2022-04-23T07:01:00-05:00,2022-04-23T10:15:00-05:00,1650715260,1650726900,194.0,0.0,0,0,1,851
a331ad14b965b67a,2022-04-16,2022-04-23,BOS,LAX,BOS-LAX,FLL,NK,NK,NK / NK,coach / coach,2022-04-23T16:12:00-04:00,2022-04-23T21:20:00-04:00,1650744720,1650763200,308.0,0.0,0,0,1,852
3ecc40ba6093f38d,2022-04-16,2022-04-23,BOS,LAX,BOS-LAX,ORD,AA,AA,AA / AA,coach / coach,2022-04-23T09:16:00-05:00,2022-04-23T10:15:00-05:00,1650723360,1650726900,59.0,0.0,0,0,1,853
c4347e576b521b1b,2022-04-16,2022-04-23,BOS,LAX,BOS-LAX,ORD,UA,UA,UA / UA,coach / coach,2022-04-23T20:19:00-05:00,2022-04-23T21:25:00-05:00,1650763140,1650767100,66.0,0.0,0,0,1,856
94efecadb59b6ff9,2022-04-16,2022-04-23,BOS,LAX,BOS-LAX,ORD,UA,UA,UA / UA,coach / coach,2022-04-23T18:29:00-05:00,2022-04-23T21:25:00-05:00,1650756540,1650767100,176.0,0.0,0,0,1,858
a9a1e7798e0f433e,2022-04-16,2022-04-23,BOS,LAX,BOS-LAX,ORD,UA,UA,UA / UA,coach / coach,2022-04-23T07:53:00-05:00,2022-04-23T15:44:00-05:00,1650718380,1650746640,471.0,0.0,0,1,1,859
720df748f8344f6f,2022-04-16,2022-04-23,BOS,LAX,BOS-LAX,ORD,UA,UA,UA / UA,coach / coach,2022-04-23T11:32:00-05:00,2022-04-23T15:44:00-05:00,1650731520,1650746640,252.0,0.0,0,0,1,860
016d39671f2222e7,2022-04-16,2022-04-23,BOS,LAX,BOS-LAX,ORD,UA,UA,UA / UA,coach / coach,2022-04-23T09:51:00-05:00,2022-04-23T15:44:00-05:00,1650725460,1650746640,353.0,0.0,0,0,1,861
2b327093bb3e1e51,2022-04-16,2022-04-23,BOS,LAX,BOS-LAX,ORD,UA,UA,UA / UA,coach / coach,2022-04-23T11:32:00-05:00,2022-04-23T18:29:00-05:00,1650731520,1650756540,417.0,0.0,0,1,1,862
336b123522161706,2022-04-16,2022-04-23,BOS,LAX,BOS-LAX,ORD,AA,AA,AA / AA,coach / coach,2022-04-23T19:33:00-05:00,2022-04-23T20:20:00-05:00,1650760380,1650763200,47.0,0.0,0,0,1,863
ab9ae194bdcdd6ae,2022-04-16,2022-04-23,BOS,LAX,BOS-LAX,ORD,AA,AA,AA / AA,coach / coach,2022-04-23T11:09:00-05:00,2022-04-23T13:25:00-05:00,1650730140,1650738300,136.0,0.0,0,0,1,864
918dd79ea281ea4f,2022-04-16,2022-04-23,BOS,LAX,BOS-LAX,DFW,AA,AA,AA / AA,coach / coach,2022-04-23T19:36:00-05:00,2022-04-23T21:35:00-05:00,1650760560,1650767700,119.0,0.0,0,0,1,865
2c689c12676b0fe0,2022-04-16,2022-04-23,BOS,LAX,BOS-LAX,JFK,B6,B6,B6 / B6,coach / coach,2022-04-23T12:30:00-04:00,2022-04-23T15:30:00-04:00,1650731400,1650742200,180.0,0.0,0,0,1,866
e8d3162f33dc945b,2022-04-16,2022-04-23,BOS,LAX,BOS-LAX,ORD,AA,AA,AA / AA,coach / coach,2022-04-23T14:07:00-05:00,2022-04-23T18:00:00-05:00,1650740820,1650754800,233.0,0.0,0,0,1,867
5dcf17409f08a240,2022-04-16,2022-04-23,BOS,LAX,BOS-LAX,JFK,B6,B6,B6 / B6,coach / coach,2022-04-23T12:30:00-04:00,2022-04-23T16:15:00-04:00,1650731400,1650744900,225.0,0.0,0,0,1,868
3daa5caefcf9c456,2022-04-16,2022-04-23,BOS,LAX,BOS-LAX,MSP,SY,SY,SY / SY,coach / coach,2022-04-23T13:38:00-05:00,2022-04-23T14:35:00-05:00,1650739080,1650742500,57.0,0.0,0,0,1,869
a9031e6cc28e0548,2022-04-16,2022-04-23,BOS,LAX,BOS-LAX,DTW,DL,DL,DL / DL,coach / coach,2022-04-23T19:29:00-04:00,2022-04-23T21:31:00-04:00,1650756540,1650763860,122.0,0.0,0,0,1,870
65f85863a76033e9,2022-04-16,2022-04-23,BOS,LAX,BOS-LAX,ORD,UA,UA,UA / UA,coach / coach,2022-04-23T14:45:00-05:00,2022-04-23T15:44:00-05:00,1650743100,1650746640,59.0,0.0,0,0,1,871
f412a7fcc064c958,2022-04-16,2022-04-23,BOS,LAX,BOS-LAX,ORD,UA,UA,UA / UA,coach / coach,2022-04-23T18:29:00-05:00,2022-04-23T19:35:00-05:00,1650756540,1650760500,66.0,0.0,0,0,1,872
2b24fc82b0b2a404,2022-04-16,2022-04-23,BOS,LAX,BOS-LAX,ORD,UA,UA,UA / UA,coach / coach,2022-04-23T11:32:00-05:00,2022-04-23T12:45:00-05:00,1650731520,1650735900,73.0,0.0,0,0,1,873
de30345a5062eafc,2022-04-16,2022-04-23,BOS,LAX,BOS-LAX,ORD,UA,UA,UA / UA,coach / coach,2022-04-23T09:51:00-05:00,2022-04-23T11:03:00-05:00,1650725460,1650729780,72.0,0.0,0,0,1,874
2246566e3c40f642,2022-04-16,2022-04-23,BOS,LAX,BOS-LAX,ORD,UA,UA,UA / UA,coach / coach,2022-04-23T09:51:00-05:00,2022-04-23T12:45:00-05:00,1650725460,1650735900,174.0,0.0,0,0,1,875
bb13d5a1d65a35dc,2022-04-16,2022-04-23,BOS,LAX,BOS-LAX,MSP,SY,SY,SY / SY,coach / coach,2022-04-23T13:38:00-05:00,2022-04-23T19:10:00-05:00,1650739080,1650759000,332.0,0.0,0,0,1,876
359e67265593d83c,2022-04-16,2022-04-23,BOS,LAX,BOS-LAX,ORD,AA,AA,AA / AA,coach / coach,2022-04-23T17:23:00-05:00,2022-04-23T18:00:00-05:00,1650752580,1650754800,37.0,0.0,0,0,1,885
7b70cd854835146d,2022-04-16,2022-04-23,BOS,LAX,BOS-LAX,ORD,AA,AA,AA / AA,coach / coach,2022-04-23T14:07:00-05:00,2022-04-23T15:30:00-05:00,1650740820,1650745800,83.0,0.0,0,0,1,886
c4d754e07dc586c5,2022-04-16,2022-04-23,BOS,LAX,BOS-LAX,DFW,AA,AA,AA / AA,coach / coach,2022-04-23T18:10:00-05:00,2022-04-23T19:15:00-05:00,1650755400,1650759300,65.0,0.0,0,0,1,887
282b61a76e4d3aaf,2022-04-16,2022-04-23,BOS,LAX,BOS-LAX,PDX,AS,AS,AS / AS,coach / coach,2022-04-23T23:21:00-07:00,2022-04-24T06:15:00-07:00,1650781260,1650806100,414.0,399.0,1,1,1,888
b11de625b03856cb,2022-04-16,2022-04-23,BOS,LAX,BOS-LAX,EWR,UA,AS,UA / AS,coach / coach,2022-04-23T18:32:00-04:00,2022-04-23T20:29:00-04:00,1650753120,1650760140,117.0,0.0,0,0,1,896
21b891f8a0bb57fa,2022-04-16,2022-04-23,LAX,BOS,LAX-BOS,STL,AA,AA,AA / AA,coach / coach,2022-04-23T14:44:00-05:00,2022-04-23T15:25:00-05:00,1650743040,1650745500,41.0,0.0,0,0,1,903
923bc9a6e2d842a5,2022-04-16,2022-04-23,LAX,BOS,LAX-BOS,DEN,UA,UA,UA / UA,coach / coach,2022-04-23T22:09:00-06:00,2022-04-23T23:20:00-06:00,1650773340,1650777600,71.0,71.0,0,0,1,904
63a3a821d45b2280,2022-04-16,2022-04-23,LAX,BOS,LAX-BOS,SLC,DL,DL,DL / DL,coach / coach,2022-04-23T16:35:00-06:00,2022-04-23T17:46:00-06:00,1650753300,1650757560,71.0,0.0,0,0,1,905
9752dd1e01c76930,2022-04-16,2022-04-23,LAX,BOS,LAX-BOS,SLC,DL,DL,DL / DL,coach / coach,2022-04-23T08:52:00-06:00,2022-04-23T09:57:00-06:00,1650725520,1650729420,65.0,0.0,0,0,1,906
a31a9cd48e4104ff,2022-04-16,2022-04-23,LAX,BOS,LAX-BOS,CVG,DL,DL,DL / DL,coach / coach,2022-04-24T05:06:00-04:00,2022-04-24T06:30:00-04:00,1650791160,1650796200,84.0,54.0,0,0,1,907
c439879426fddeda,2022-04-16,2022-04-23,LAX,BOS,LAX-BOS,PDX,AS,AS,AS / AS,coach / coach,2022-04-23T08:30:00-07:00,2022-04-23T12:00:00-07:00,1650727800,1650740400,210.0,0.0,0,0,1,908
64aeae85079d56e4,2022-04-16,2022-04-23,LAX,BOS,LAX-BOS,SLC,DL,DL,DL / DL,coach / coach,2022-04-23T09:57:00-06:00,2022-04-23T17:46:00-06:00,1650729420,1650757560,469.0,0.0,0,1,1,910
647a0f19a6976f07,2022-04-16,2022-04-23,LAX,BOS,LAX-BOS,DEN,UA,UA,UA / UA,coach / coach,2022-04-23T08:23:00-06:00,2022-04-23T09:40:00-06:00,1650723780,1650728400,77.0,0.0,0,0,1,913
b6a43f1fe41f577e,2022-04-16,2022-04-23,LAX,BOS,LAX-BOS,MSP,SY,SY,SY / SY,coach / coach,2022-04-23T23:11:00-05:00,2022-04-24T06:50:00-05:00,1650773460,1650801000,459.0,409.0,1,1,1,915
0c6ff8f3eb9263ab,2022-04-16,2022-04-23,LAX,BOS,LAX-BOS,SLC,DL,DL,DL / DL,coach / coach,2022-04-23T23:08:00-06:00,2022-04-23T23:59:00-06:00,1650776880,1650779940,51.0,51.0,0,0,1,918
aeaf736795854ae0,2022-04-16,2022-04-23,LAX,BOS,LAX-BOS,ORD,UA,UA,UA / UA,coach / coach,2022-04-24T04:52:00-05:00,2022-04-24T07:15:00-05:00,1650793920,1650802500,143.0,68.0,0,0,1,919
940ac2695486b11c,2022-04-16,2022-04-23,LAX,BOS,LAX-BOS,ORD,UA,UA,UA / UA,coach / coach,2022-04-24T06:03:00-05:00,2022-04-24T07:15:00-05:00,1650798180,1650802500,72.0,0.0,0,0,1,920
ad343b44e77d3290,2022-04-16,2022-04-23,LAX,BOS,LAX-BOS,SFO,UA,UA,UA / UA,coach / coach,2022-04-23T09:48:00-07:00,2022-04-23T13:15:00-07:00,1650732480,1650744900,207.0,0.0,0,0,1,922
e588663712344214,2022-04-16,2022-04-23,LAX,BOS,LAX-BOS,SEA,AS,AS,AS / AS,coach / coach,2022-04-23T08:59:00-07:00,2022-04-23T10:31:00-07:00,1650729540,1650735060,92.0,0.0,0,0,1,926
a4d043296b0f73f5,2022-04-16,2022-04-23,LAX,BOS,LAX-BOS,PDX,AS,AS,AS / AS,coach / coach,2022-04-23T19:10:00-07:00,2022-04-23T21:58:00-07:00,1650766200,1650776280,168.0,0.0,0,0,1,927
d9b88f2c87b4152b,2022-04-16,2022-04-23,LAX,BOS,LAX-BOS,DEN,UA,UA,UA / UA,coach / coach,2022-04-23T14:35:00-06:00,2022-04-23T16:06:00-06:00,1650746100,1650751560,91.0,0.0,0,0,1,928
99fc2369c3dbeb35,2022-04-16,2022-04-23,LAX,BOS,LAX-BOS,DEN,UA,UA,UA / UA,coach / coach,2022-04-23T14:35:00-06:00,2022-04-23T17:44:00-06:00,1650746100,1650757440,189.0,0.0,0,0,1,929
20f78071f35add1f,2022-04-16,2022-04-24,BOS,LAX,BOS-LAX,DEN,UA,UA,UA / UA,coach / coach,2022-04-24T09:00:00-06:00,2022-04-24T10:20:00-06:00,1650812400,1650817200,80.0,0.0,0,0,1,941
15143fefcc584b1c,2022-04-16,2022-04-24,BOS,LAX,BOS-LAX,DEN,UA,UA,UA / UA,coach / coach,2022-04-24T09:00:00-06:00,2022-04-24T11:25:00-06:00,1650812400,1650821100,145.0,0.0,0,0,1,942
a366dbafc70ff646,2022-04-16,2022-04-24,BOS,LAX,BOS-LAX,DFW,AA,AA,AA / AA,coach / coach,2022-04-24T08:29:00-05:00,2022-04-24T09:19:00-05:00,1650806940,1650809940,50.0,0.0,0,0,1,944
8323c91c426869d7,2022-04-16,2022-04-24,BOS,LAX,BOS-LAX,DTW,DL,DL,DL / DL,coach / coach,2022-04-24T07:45:00-04:00,2022-04-24T08:59:00-04:00,1650800700,1650805140,74.0,0.0,0,0,1,947
693b2218a11d9497,2022-04-16,2022-04-24,BOS,LAX,BOS-LAX,MSP,DL,DL,DL / DL,coach / coach,2022-04-24T08:22:00-05:00,2022-04-24T11:19:00-05:00,1650806520,1650817140,177.0,0.0,0,0,1,948
51da477928fab3c0,2022-04-16,2022-04-24,BOS,LAX,BOS-LAX,FLL,NK,NK,NK / NK,coach / coach,2022-04-24T20:23:00-04:00,2022-04-24T21:20:00-04:00,1650846180,1650849600,57.0,0.0,0,0,1,954
f872bfa728acc2e1,2022-04-16,2022-04-24,BOS,LAX,BOS-LAX,JFK,AA,AA,AA / AA,coach / coach,2022-04-24T18:00:00-04:00,2022-04-24T21:40:00-04:00,1650837600,1650850800,220.0,0.0,0,0,1,958
81f19ceb7f6a7844,2022-04-16,2022-04-24,BOS,LAX,BOS-LAX,MSP,DL,DL,DL / DL,coach / coach,2022-04-24T14:44:00-05:00,2022-04-24T15:15:00-05:00,1650829440,1650831300,31.0,0.0,0,0,1,962
164fb4d34ca0e6dd,2022-04-16,2022-04-24,BOS,LAX,BOS-LAX,MSP,DL,DL,DL / DL,coach / coach,2022-04-24T17:00:00-05:00,2022-04-24T18:02:00-05:00,1650837600,1650841320,62.0,0.0,0,0,1,963
cda4d39609d7f551,2022-04-16,2022-04-24,BOS,LAX,BOS-LAX,ORD,AA,AA,AA / AA,coach / coach,2022-04-24T11:09:00-05:00,2022-04-24T13:25:00-05:00,1650816540,1650824700,136.0,0.0,0,0,1,967
c986a1fe10b45035,2022-04-16,2022-04-24,BOS,LAX,BOS-LAX,AUS,AA,AA,AA / AA,coach / coach,2022-04-24T23:49:00-05:00,2022-04-25T06:00:00-05:00,1650862140,1650884400,371.0,371.0,1,1,1,968
85fbf3992fc697c3,2022-04-16,2022-04-24,BOS,LAX,BOS-LAX,JFK,AA,AA,AA / AA,coach / coach,2022-04-24T10:30:00-04:00,2022-04-24T11:29:00-04:00,1650810600,1650814140,59.0,0.0,0,0,1,969
46db1b11c0bd5315,2022-04-16,2022-04-24,BOS,LAX,BOS-LAX,JFK,B6,B6,B6 / B6,coach / coach,2022-04-24T10:30:00-04:00,2022-04-24T11:29:00-04:00,1650810600,1650814140,59.0,0.0,0,0,1,970
7685580f3f77daeb,2022-04-16,2022-04-24,BOS,LAX,BOS-LAX,MIA,AA,AA,AA / AA,coach / coach,2022-04-24T18:50:00-04:00,2022-04-24T19:35:00-04:00,1650840600,1650843300,45.0,0.0,0,0,1,971
efbc6df217059311,2022-04-16,2022-04-24,BOS,LAX,BOS-LAX,PDX,AS,AS,AS / AS,coach / coach,2022-04-24T10:51:00-07:00,2022-04-24T18:10:00-07:00,1650822660,1650849000,439.0,0.0,0,1,1,972
d302e3a7dedc288c,2022-04-16,2022-04-24,BOS,LAX,BOS-LAX,MSP,DL,DL,DL / DL,coach / coach,2022-04-24T08:22:00-05:00,2022-04-24T13:13:00-05:00,1650806520,1650823980,291.0,0.0,0,0,1,973
c0609fc23c9cd90e,2022-04-16,2022-04-24,BOS,LAX,BOS-LAX,MSP,DL,DL,DL / DL,coach / coach,2022-04-24T08:22:00-05:00,2022-04-24T15:15:00-05:00,1650806520,1650831300,413.0,0.0,0,1,1,974
f33ccbc54687eb2e,2022-04-16,2022-04-24,BOS,LAX,BOS-LAX,EWR,DL,AS,DL / AS,coach / coach,2022-04-24T17:24:00-04:00,2022-04-24T20:29:00-04:00,1650835440,1650846540,185.0,0.0,0,0,1,975
ae8f3c16e71ad97b,2022-04-16,2022-04-24,BOS,LAX,BOS-LAX,EWR,DL,AS,DL / AS,coach / coach,2022-04-24T15:35:00-04:00,2022-04-24T20:29:00-04:00,1650828900,1650846540,294.0,0.0,0,0,1,976
97a2cd12a34b223f,2022-04-16,2022-04-24,BOS,LAX,BOS-LAX,EWR,UA,AS,UA / AS,coach / coach,2022-04-24T14:02:00-04:00,2022-04-24T20:29:00-04:00,1650823320,1650846540,387.0,0.0,0,1,1,977
04db5155ac6e006a,2022-04-16,2022-04-24,BOS,LAX,BOS-LAX,PDX,AS,AS,AS / AS,coach / coach,2022-04-24T23:21:00-07:00,2022-04-25T06:15:00-07:00,1650867660,1650892500,414.0,399.0,1,1,1,978
29807eafc5d7df73,2022-04-16,2022-04-24,BOS,LAX,BOS-LAX,DCA,DL,AS,DL / AS,coach / coach,2022-04-24T08:03:00-04:00,2022-04-24T09:10:00-04:00,1650801780,1650805800,67.0,0.0,0,0,1,980
bd1905eaf3857d2a,2022-04-16,2022-04-24,BOS,LAX,BOS-LAX,IAD,UA,UA,UA / UA,coach / coach,2022-04-24T21:20:00-04:00,2022-04-24T22:35:00-04:00,1650849600,1650854100,75.0,35.0,0,0,1,981
d29d5824e8a63b4a,2022-04-16,2022-04-24,BOS,LAX,BOS-LAX,EWR,DL,AS,DL / AS,coach / coach,2022-04-24T17:24:00-04:00,2022-04-24T18:35:00-04:00,1650835440,1650839700,71.0,0.0,0,0,1,982
1068852bec0fd537,2022-04-16,2022-04-24,BOS,LAX,BOS-LAX,EWR,DL,AS,DL / AS,coach / coach,2022-04-24T15:35:00-04:00,2022-04-24T18:35:00-04:00,1650828900,1650839700,180.0,0.0,0,0,1,983
7d824132dc54762b,2022-04-16,2022-04-24,BOS,LAX,BOS-LAX,EWR,UA,AS,UA / AS,coach / coach,2022-04-24T14:02:00-04:00,2022-04-24T18:35:00-04:00,1650823320,1650839700,273.0,0.0,0,0,1,989
22ebfbf7e18da710,2022-04-16,2022-04-24,BOS,LAX,BOS-LAX,EWR,DL,AS,DL / AS,coach / coach,2022-04-24T19:03:00-04:00,2022-04-24T20:29:00-04:00,1650841380,1650846540,86.0,0.0,0,0,1,993
c7ef57316a0f4f19,2022-04-16,2022-04-24,BOS,LAX,BOS-LAX,IAD,UA,AS,UA / AS,coach / coach,2022-04-24T16:25:00-04:00,2022-04-24T17:30:00-04:00,1650831900,1650835800,65.0,0.0,0,0,1,995
62f0ceb326089b73,2022-04-16,2022-04-24,BOS,LAX,BOS-LAX,PDX,AS,AS,AS / AS,coach / coach,2022-04-24T10:51:00-07:00,2022-04-24T13:20:00-07:00,1650822660,1650831600,149.0,0.0,0,0,1,996
6a8ffee41f8b6923,2022-04-16,2022-04-24,BOS,LAX,BOS-LAX,PDX,AS,AS,AS / AS,coach / coach,2022-04-24T10:51:00-07:00,2022-04-24T15:05:00-07:00,1650822660,1650837900,254.0,0.0,0,0,1,997
a16a23923c5335d5,2022-04-16,2022-04-24,LAX,BOS,LAX-BOS,ATL,NK,NK,NK / NK,coach / coach,2022-04-25T00:46:00-04:00,2022-04-25T06:35:00-04:00,1650861960,1650882900,349.0,314.0,0,0,1,1001
4e9d6f04a1d30648,2022-04-16,2022-04-24,LAX,BOS,LAX-BOS,MSP,SY,SY,SY / SY,coach / coach,2022-04-25T05:32:00-05:00,2022-04-25T06:50:00-05:00,1650882720,1650887400,78.0,28.0,0,0,1,1002
94f1ea795ef298be,2022-04-16,2022-04-24,LAX,BOS,LAX-BOS,DEN,UA,UA,UA / UA,coach / coach,2022-04-24T22:16:00-06:00,2022-04-24T23:20:00-06:00,1650860160,1650864000,64.0,64.0,0,0,1,1004
42f79b55143eef37,2022-04-16,2022-04-24,LAX,BOS,LAX-BOS,DEN,UA,UA,UA / UA,coach / coach,2022-04-24T19:40:00-06:00,2022-04-24T23:20:00-06:00,1650850800,1650864000,220.0,80.0,0,0,1,1005
26e804af44cb93d7,2022-04-16,2022-04-24,LAX,BOS,LAX-BOS,ORD,UA,UA,UA / UA,coach / coach,2022-04-25T06:03:00-05:00,2022-04-25T14:00:00-05:00,1650884580,1650913200,477.0,0.0,0,1,1,1007
341fbcf05d6bebfb,2022-04-16,2022-04-24,LAX,BOS,LAX-BOS,IND,DL,DL,DL / DL,coach / coach,2022-04-25T05:15:00-04:00,2022-04-25T12:42:00-04:00,1650878100,1650904920,447.0,45.0,0,1,1,1010
1755212d0fdc8a0a,2022-04-16,2022-04-24,LAX,BOS,LAX-BOS,ORD,UA,UA,UA / UA,coach / coach,2022-04-25T06:03:00-05:00,2022-04-25T07:15:00-05:00,1650884580,1650888900,72.0,0.0,0,0,1,1012
9709e3a5aca9b843,2022-04-16,2022-04-24,LAX,BOS,LAX-BOS,ORD,UA,UA,UA / UA,coach / coach,2022-04-25T04:52:00-05:00,2022-04-25T07:15:00-05:00,1650880320,1650888900,143.0,68.0,0,0,1,1013
8c8a74c12d467885,2022-04-16,2022-04-24,LAX,BOS,LAX-BOS,DEN,UA,UA,UA / UA,coach / coach,2022-04-24T10:07:00-06:00,2022-04-24T16:07:00-06:00,1650816420,1650838020,360.0,0.0,0,1,1,1014
5a0e26ba7336b13f,2022-04-16,2022-04-24,LAX,BOS,LAX-BOS,DEN,UA,UA,UA / UA,coach / coach,2022-04-24T10:07:00-06:00,2022-04-24T17:44:00-06:00,1650816420,1650843840,457.0,0.0,0,1,1,1015
35e6e93f01a6ae12,2022-04-16,2022-04-24,LAX,BOS,LAX-BOS,DEN,UA,UA,UA / UA,coach / coach,2022-04-24T08:23:00-06:00,2022-04-24T16:07:00-06:00,1650810180,1650838020,464.0,0.0,0,1,1,1016
674eb979d84731f3,2022-04-16,2022-04-24,LAX,BOS,LAX-BOS,SLC,DL,DL,DL / DL,coach / coach,2022-04-24T16:35:00-06:00,2022-04-24T23:59:00-06:00,1650839700,1650866340,444.0,119.0,0,1,1,1017
8f5b7f6d0aa0d78f,2022-04-16,2022-04-24,LAX,BOS,LAX-BOS,SEA,DL,DL,DL / DL,coach / coach,2022-04-24T13:52:00-07:00,2022-04-24T21:51:00-07:00,1650833520,1650862260,479.0,0.0,0,1,1,1019
589fed883e0512ff,2022-04-16,2022-04-24,LAX,BOS,LAX-BOS,CLT,AA,AA,AA / AA,coach / coach,2022-04-25T06:38:00-04:00,2022-04-25T07:56:00-04:00,1650883080,1650887760,78.0,0.0,0,0,1,1020
98ccbe95a5309fe4,2022-04-16,2022-04-24,LAX,BOS,LAX-BOS,ORD,AA,AA,AA / AA,coach / coach,2022-04-25T05:47:00-05:00,2022-04-25T07:25:00-05:00,1650883620,1650889500,98.0,13.0,0,0,1,1024
06dcf17d6037585b,2022-04-16,2022-04-24,LAX,BOS,LAX-BOS,PHL,AA,AA,AA / AA,coach / coach,2022-04-25T06:13:00-04:00,2022-04-25T08:45:00-04:00,1650881580,1650890700,152.0,0.0,0,0,1,1025
99877303704da3b1,2022-04-16,2022-04-24,LAX,BOS,LAX-BOS,PHL,AA,AA,AA / AA,coach / coach,2022-04-25T06:13:00-04:00,2022-04-25T09:40:00-04:00,1650881580,1650894000,207.0,0.0,0,0,1,1026
85ba4d1fcd5ed996,2022-04-16,2022-04-24,LAX,BOS,LAX-BOS,MSP,DL,DL,DL / DL,coach / coach,2022-04-24T11:58:00-05:00,2022-04-24T13:05:00-05:00,1650819480,1650823500,67.0,0.0,0,0,1,1027
00eb6a918c006d80,2022-04-16,2022-04-24,LAX,BOS,LAX-BOS,SLC,DL,DL,DL / DL,coach / coach,2022-04-24T16:35:00-06:00,2022-04-24T17:46:00-06:00,1650839700,1650843960,71.0,0.0,0,0,1,1028
1cceba2a4df53be0,2022-04-16,2022-04-24,LAX,BOS,LAX-BOS,MSP,DL,DL,DL / DL,coach / coach,2022-04-24T13:57:00-05:00,2022-04-24T15:33:00-05:00,1650826620,1650832380,96.0,0.0,0,0,1,1029
1ae9f789f5f82566,2022-04-16,2022-04-24,LAX,BOS,LAX-BOS,MSP,DL,DL,DL / DL,coach / coach,2022-04-24T11:58:00-05:00,2022-04-24T15:33:00-05:00,1650819480,1650832380,215.0,0.0,0,0,1,1030
b347c1ae2a637fc1,2022-04-16,2022-04-24,LAX,BOS,LAX-BOS,SLC,DL,DL,DL / DL,coach / coach,2022-04-24T14:02:00-06:00,2022-04-24T17:46:00-06:00,1650830520,1650843960,224.0,0.0,0,0,1,1031
081f8fd746de8c1f,2022-04-16,2022-04-24,LAX,BOS,LAX-BOS,SEA,DL,DL,DL / DL,coach / coach,2022-04-24T12:42:00-07:00,2022-04-24T15:35:00-07:00,1650829320,1650839700,173.0,0.0,0,0,1,1032
9a56b4f43dc94b3d,2022-04-16,2022-04-24,LAX,BOS,LAX-BOS,MSP,DL,DL,DL / DL,coach / coach,2022-04-24T13:57:00-05:00,2022-04-24T19:58:00-05:00,1650826620,1650848280,361.0,0.0,0,1,1,1033
8c3e88466361a847,2022-04-16,2022-04-24,LAX,BOS,LAX-BOS,MSP,DL,DL,DL / DL,coach / coach,2022-04-24T11:58:00-05:00,2022-04-24T19:58:00-05:00,1650819480,1650848280,480.0,0.0,0,1,1,1034
9259af4386a2ce8e,2022-04-16,2022-04-24,LAX,BOS,LAX-BOS,DEN,UA,UA,UA / UA,coach / coach,2022-04-24T12:15:00-06:00,2022-04-24T16:07:00-06:00,1650824100,1650838020,232.0,0.0,0,0,1,1035
0b870f8e73a40e54,2022-04-16,2022-04-24,LAX,BOS,LAX-BOS,DEN,UA,UA,UA / UA,coach / coach,2022-04-24T12:15:00-06:00,2022-04-24T17:44:00-06:00,1650824100,1650843840,329.0,0.0,0,0,1,1036
b9266d3580f969be,2022-04-16,2022-04-24,LAX,BOS,LAX-BOS,SEA,AS,AS,AS / AS,coach / coach,2022-04-24T08:59:00-07:00,2022-04-24T15:35:00-07:00,1650815940,1650839700,396.0,0.0,0,1,1,1037
92113166e09f2a99,2022-04-16,2022-04-24,LAX,BOS,LAX-BOS,IND,DL,DL,DL / DL,coach / coach,2022-04-25T05:15:00-04:00,2022-04-25T06:45:00-04:00,1650878100,1650883500,90.0,45.0,0,0,1,1038
9bf8cce4b74d8606,2022-04-16,2022-04-24,LAX,BOS,LAX-BOS,PDX,AS,AS,AS / AS,coach / coach,2022-04-24T19:05:00-07:00,2022-04-24T21:58:00-07:00,1650852300,1650862680,173.0,0.0,0,0,1,1041
ba00b91b9c3cbe5a,2022-04-16,2022-04-24,LAX,BOS,LAX-BOS,STL,AA,AA,AA / AA,coach / coach,2022-04-24T14:01:00-05:00,2022-04-24T15:25:00-05:00,1650826860,1650831900,84.0,0.0,0,0,1,1042
027417e481a31f4e,2022-04-16,2022-04-24,LAX,BOS,LAX-BOS,DFW,AA,AA,AA / AA,coach / coach,2022-04-24T15:55:00-05:00,2022-04-24T19:10:00-05:00,1650833700,1650845400,195.0,0.0,0,0,1,1043
548b793d9d32231e,2022-04-16,2022-04-24,LAX,BOS,LAX-BOS,DEN,UA,UA,UA / UA,coach / coach,2022-04-24T14:34:00-06:00,2022-04-24T16:07:00-06:00,1650832440,1650838020,93.0,0.0,0,0,1,1045
2fa1f7ddd6d70a93,2022-04-16,2022-04-24,LAX,BOS,LAX-BOS,DEN,UA,UA,UA / UA,coach / coach,2022-04-24T14:34:00-06:00,2022-04-24T17:44:00-06:00,1650832440,1650843840,190.0,0.0,0,0,1,1046
36685a60cef41610,2022-04-16,2022-04-24,LAX,BOS,LAX-BOS,DTW,DL,DL,DL / DL,coach / coach,2022-04-25T05:17:00-04:00,2022-04-25T10:00:00-04:00,1650878220,1650895200,283.0,43.0,0,0,1,1047
f1a8a423b9fd2917,2022-04-16,2022-04-24,LAX,BOS,LAX-BOS,EWR,AS,DL,AS / DL,coach / coach,2022-04-25T07:00:00-04:00,2022-04-25T09:00:00-04:00,1650884400,1650891600,120.0,0.0,0,0,1,1048
ee5925136c6dbd0d,2022-04-16,2022-04-24,LAX,BOS,LAX-BOS,SFO,DL,AS,DL / AS,coach / coach,2022-04-24T18:54:00-07:00,2022-04-24T21:25:00-07:00,1650851640,1650860700,151.0,0.0,0,0,1,1049
b3732644cd0ed1be,2022-04-16,2022-04-24,LAX,BOS,LAX-BOS,SFO,AS,AS,AS / AS,coach / coach,2022-04-24T19:30:00-07:00,2022-04-24T21:25:00-07:00,1650853800,1650860700,115.0,0.0,0,0,1,1053
07cc2d81d1b3b909,2022-04-16,2022-04-24,LAX,BOS,LAX-BOS,PDX,AS,AS,AS / AS,coach / coach,2022-04-24T08:30:00-07:00,2022-04-24T09:55:00-07:00,1650814200,1650819300,85.0,0.0,0,0,1,1058
595f2e4fa2ef395b,2022-04-16,2022-04-24,LAX,BOS,LAX-BOS,EWR,AS,DL,AS / DL,coach / coach,2022-04-24T18:40:00-04:00,2022-04-24T19:48:00-04:00,1650840000,1650844080,68.0,0.0,0,0,1,1063
4a78698fe2415416,2022-04-16,2022-04-24,LAX,BOS,LAX-BOS,SEA,AA,AA,AA / AA,coach / first,2022-04-24T10:09:00-07:00,2022-04-24T15:35:00-07:00,1650820140,1650839700,326.0,0.0,0,0,1,1068
61b1792626f50a23,2022-04-16,2022-04-25,BOS,LAX,BOS-LAX,FLL,NK,NK,NK / NK,coach / coach,2022-04-25T20:23:00-04:00,2022-04-25T21:20:00-04:00,1650932580,1650936000,57.0,0.0,0,0,1,1069
2728b252f84d64d9,2022-04-16,2022-04-25,BOS,LAX,BOS-LAX,JFK,DL,DL,DL / DL,coach / coach,2022-04-25T14:21:00-04:00,2022-04-25T21:27:00-04:00,1650910860,1650936420,426.0,0.0,0,1,1,1070
5354ed91c3fd8ff0,2022-04-16,2022-04-25,BOS,LAX,BOS-LAX,AUS,DL,DL,DL / DL,coach / coach,2022-04-25T22:33:00-05:00,2022-04-26T06:20:00-05:00,1650943980,1650972000,467.0,447.0,1,1,1,1078
feaecafe7dd97211,2022-04-16,2022-04-25,BOS,LAX,BOS-LAX,CLT,AA,AA,AA / AA,coach / coach,2022-04-25T16:57:00-04:00,2022-04-25T18:32:00-04:00,1650920220,1650925920,95.0,0.0,0,0,1,1079
7c7e96970cf40729,2022-04-16,2022-04-25,BOS,LAX,BOS-LAX,CLT,AA,AA,AA / AA,coach / coach,2022-04-25T15:45:00-04:00,2022-04-25T18:32:00-04:00,1650915900,1650925920,167.0,0.0,0,0,1,1080
b587bddac609eb5e,2022-04-16,2022-04-25,BOS,LAX,BOS-LAX,MSP,DL,DL,DL / DL,coach / coach,2022-04-25T14:44:00-05:00,2022-04-25T15:15:00-05:00,1650915840,1650917700,31.0,0.0,0,0,1,1081
a4e22a46c193d518,2022-04-16,2022-04-25,BOS,LAX,BOS-LAX,MSP,DL,DL,DL / DL,coach / coach,2022-04-25T17:00:00-05:00,2022-04-25T18:02:00-05:00,1650924000,1650927720,62.0,0.0,0,0,1,1082
926060edcbc68696,2022-04-16,2022-04-25,BOS,LAX,BOS-LAX,EWR,UA,UA,UA / UA,coach / coach,2022-04-25T07:29:00-04:00,2022-04-25T08:30:00-04:00,1650886140,1650889800,61.0,0.0,0,0,1,1083
0d46dcd85344d2e0,2022-04-16,2022-04-25,BOS,LAX,BOS-LAX,DEN,UA,UA,UA / UA,coach / coach,2022-04-25T08:52:00-06:00,2022-04-25T10:20:00-06:00,1650898320,1650903600,88.0,0.0,0,0,1,1084
5edf70b9d373a43e,2022-04-16,2022-04-25,BOS,LAX,BOS-LAX,ORD,UA,UA,UA / UA,coach / coach,2022-04-25T20:19:00-05:00,2022-04-25T21:25:00-05:00,1650935940,1650939900,66.0,0.0,0,0,1,1085
649273d3a93ea978,2022-04-16,2022-04-25,BOS,LAX,BOS-LAX,JFK,B6,B6,B6 / B6,coach / coach,2022-04-25T11:44:00-04:00,2022-04-25T13:00:00-04:00,1650901440,1650906000,76.0,0.0,0,0,1,1086
137662aa3cb950ef,2022-04-16,2022-04-25,BOS,LAX,BOS-LAX,ORD,UA,UA,UA / UA,coach / coach,2022-04-25T18:50:00-05:00,2022-04-25T20:22:00-05:00,1650930600,1650936120,92.0,0.0,0,0,1,1087
b2c41a5863b62c3a,2022-04-16,2022-04-25,BOS,LAX,BOS-LAX,DTW,DL,DL,DL / DL,coach / coach,2022-04-25T19:38:00-04:00,2022-04-25T21:31:00-04:00,1650929880,1650936660,113.0,0.0,0,0,1,1088
603a5f5de6985d9d,2022-04-16,2022-04-25,BOS,LAX,BOS-LAX,DEN,UA,UA,UA / UA,coach / coach,2022-04-25T08:52:00-06:00,2022-04-25T11:25:00-06:00,1650898320,1650907500,153.0,0.0,0,0,1,1089
776928ad0f824c4f,2022-04-16,2022-04-25,BOS,LAX,BOS-LAX,JFK,B6,B6,B6 / B6,coach / coach,2022-04-25T10:30:00-04:00,2022-04-25T13:00:00-04:00,1650897000,1650906000,150.0,0.0,0,0,1,1090
d27d340cabf279cd,2022-04-16,2022-04-25,BOS,LAX,BOS-LAX,MSP,DL,DL,DL / DL,coach / coach,2022-04-25T10:28:00-05:00,2022-04-25T13:13:00-05:00,1650900480,1650910380,165.0,0.0,0,0,1,1091
57de75e1e67c7273,2022-04-16,2022-04-25,BOS,LAX,BOS-LAX,ORD,UA,UA,UA / UA,coach / coach,2022-04-25T18:50:00-05:00,2022-04-25T21:25:00-05:00,1650930600,1650939900,155.0,0.0,0,0,1,1092
6115689214047e8e,2022-04-16,2022-04-25,BOS,LAX,BOS-LAX,MSP,DL,DL,DL / DL,coach / coach,2022-04-25T08:22:00-05:00,2022-04-25T11:19:00-05:00,1650892920,1650903540,177.0,0.0,0,0,1,1093
ea298c79beeee3ff,2022-04-16,2022-04-25,BOS,LAX,BOS-LAX,JFK,AA,AA,AA / AA,coach / coach,2022-04-25T18:00:00-04:00,2022-04-25T20:45:00-04:00,1650924000,1650933900,165.0,0.0,0,0,1,1094
0f299e56e23bbae4,2022-04-16,2022-04-25,BOS,LAX,BOS-LAX,JFK,B6,B6,B6 / B6,coach / coach,2022-04-25T18:00:00-04:00,2022-04-25T20:45:00-04:00,1650924000,1650933900,165.0,0.0,0,0,1,1095
e992fe8126cf9b03,2022-04-16,2022-04-25,BOS,LAX,BOS-LAX,DTW,DL,DL,DL / DL,coach / coach,2022-04-25T15:00:00-04:00,2022-04-25T18:13:00-04:00,1650913200,1650924780,193.0,0.0,0,0,1,1096
2237e881be92aad9,2022-04-16,2022-04-25,BOS,LAX,BOS-LAX,JFK,DL,DL,DL / DL,coach / coach,2022-04-25T18:45:00-04:00,2022-04-25T21:27:00-04:00,1650926700,1650936420,162.0,0.0,0,0,1,1097
4c31ac638d98a2b2,2022-04-16,2022-04-25,BOS,LAX,BOS-LAX,MSP,DL,DL,DL / DL,coach / coach,2022-04-25T14:44:00-05:00,2022-04-25T18:02:00-05:00,1650915840,1650927720,198.0,0.0,0,0,1,1098
4a764b4117fb2f34,2022-04-16,2022-04-25,BOS,LAX,BOS-LAX,DFW,AA,AA,AA / AA,coach / coach,2022-04-25T08:29:00-05:00,2022-04-25T11:15:00-05:00,1650893340,1650903300,166.0,0.0,0,0,1,1099
42fc2a118ba30fbd,2022-04-16,2022-04-25,BOS,LAX,BOS-LAX,JFK,DL,DL,DL / DL,coach / coach,2022-04-25T15:22:00-04:00,2022-04-25T18:49:00-04:00,1650914520,1650926940,207.0,0.0,0,0,1,1100
ead3d9b4b3c4a81d,2022-04-16,2022-04-25,BOS,LAX,BOS-LAX,CLT,AA,AA,AA / AA,coach / coach,2022-04-25T15:45:00-04:00,2022-04-25T16:40:00-04:00,1650915900,1650919200,55.0,0.0,0,0,1,1105
7c4f3c31f8b62b25,2022-04-16,2022-04-25,BOS,LAX,BOS-LAX,CLT,AA,AA,AA / AA,coach / coach,2022-04-25T13:22:00-04:00,2022-04-25T16:40:00-04:00,1650907320,1650919200,198.0,0.0,0,0,1,1106
ce0c5e27ba6d0a59,2022-04-16,2022-04-25,BOS,LAX,BOS-LAX,JFK,AA,AA,AA / AA,coach / coach,2022-04-25T16:09:00-04:00,2022-04-25T17:00:00-04:00,1650917340,1650920400,51.0,0.0,0,0,1,1107
602f72f7b998d0a5,2022-04-16,2022-04-25,BOS,LAX,BOS-LAX,DFW,AA,AA,AA / AA,coach / coach,2022-04-25T08:29:00-05:00,2022-04-25T09:19:00-05:00,1650893340,1650896340,50.0,0.0,0,0,1,1108
1ad86d64c18115e4,2022-04-16,2022-04-25,BOS,LAX,BOS-LAX,AUS,AA,AA,AA / AA,coach / coach,2022-04-25T23:49:00-05:00,2022-04-26T06:00:00-05:00,1650948540,1650970800,371.0,371.0,1,1,1,1112
0a7930954d8a2aed,2022-04-16,2022-04-25,BOS,LAX,BOS-LAX,IAD,UA,UA,UA / UA,coach / coach,2022-04-25T21:20:00-04:00,2022-04-25T22:35:00-04:00,1650936000,1650940500,75.0,35.0,0,0,1,1115
9f5177e64b33fbba,2022-04-16,2022-04-25,BOS,LAX,BOS-LAX,EWR,DL,AS,DL / AS,coach / coach,2022-04-25T17:24:00-04:00,2022-04-25T18:35:00-04:00,1650921840,1650926100,71.0,0.0,0,0,1,1116
c97ca76364a4998e,2022-04-16,2022-04-25,BOS,LAX,BOS-LAX,EWR,DL,AS,DL / AS,coach / coach,2022-04-25T19:03:00-04:00,2022-04-25T20:29:00-04:00,1650927780,1650932940,86.0,0.0,0,0,1,1117
136d85b1eed0b4f3,2022-04-16,2022-04-25,BOS,LAX,BOS-LAX,EWR,DL,AS,DL / AS,coach / coach,2022-04-25T15:35:00-04:00,2022-04-25T18:35:00-04:00,1650915300,1650926100,180.0,0.0,0,0,1,1118
d67f8bfd1448912b,2022-04-16,2022-04-25,BOS,LAX,BOS-LAX,EWR,DL,AS,DL / AS,coach / coach,2022-04-25T17:24:00-04:00,2022-04-25T20:29:00-04:00,1650921840,1650932940,185.0,0.0,0,0,1,1119
f7c6fb7486279c06,2022-04-16,2022-04-25,BOS,LAX,BOS-LAX,MSP,DL,DL,DL / DL,coach / coach,2022-04-25T08:22:00-05:00,2022-04-25T09:55:00-05:00,1650892920,1650898500,93.0,0.0,0,0,1,1120
59a1766e42afa539,2022-04-16,2022-04-25,BOS,LAX,BOS-LAX,SLC,DL,DL,DL / DL,coach / coach,2022-04-25T09:35:00-06:00,2022-04-25T11:34:00-06:00,1650900900,1650908040,119.0,0.0,0,0,1,1121
2502dd25a9e26e9c,2022-04-16,2022-04-25,BOS,LAX,BOS-LAX,EWR,DL,AS,DL / AS,coach / coach,2022-04-25T15:35:00-04:00,2022-04-25T20:29:00-04:00,1650915300,1650932940,294.0,0.0,0,0,1,1122
c5df34277253fb2d,2022-04-16,2022-04-25,BOS,LAX,BOS-LAX,PHL,AA,AA,AA / AA,coach / coach,2022-04-25T12:44:00-04:00,2022-04-25T13:49:00-04:00,1650905040,1650908940,65.0,0.0,0,0,1,1130
f5b2c45a14499058,2022-04-16,2022-04-25,BOS,LAX,BOS-LAX,JFK,AA,AA,AA / AA,coach / coach,2022-04-25T10:30:00-04:00,2022-04-25T11:29:00-04:00,1650897000,1650900540,59.0,0.0,0,0,1,1131
1396a80181d9c161,2022-04-16,2022-04-25,BOS,LAX,BOS-LAX,ORD,AA,AA,AA / AA,coach / coach,2022-04-25T11:09:00-05:00,2022-04-25T13:25:00-05:00,1650902940,1650911100,136.0,0.0,0,0,1,1132
d07d786743157604,2022-04-16,2022-04-25,BOS,LAX,BOS-LAX,JFK,AA,AA,AA / AA,coach / coach,2022-04-25T18:00:00-04:00,2022-04-25T21:40:00-04:00,1650924000,1650937200,220.0,0.0,0,0,1,1134
2d7aa05a50ac0c66,2022-04-16,2022-04-25,BOS,LAX,BOS-LAX,ORD,UA,UA,UA / UA,coach / coach,2022-04-25T11:32:00-05:00,2022-04-25T15:44:00-05:00,1650904320,1650919440,252.0,0.0,0,0,1,1136
2529ce2adfa78a52,2022-04-16,2022-04-25,BOS,LAX,BOS-LAX,ORD,UA,UA,UA / UA,coach / coach,2022-04-25T11:32:00-05:00,2022-04-25T12:45:00-05:00,1650904320,1650908700,73.0,0.0,0,0,1,1137
1ffb343b39d65f3a,2022-04-16,2022-04-25,BOS,LAX,BOS-LAX,EWR,UA,UA,UA / UA,coach / coach,2022-04-25T12:55:00-04:00,2022-04-25T14:00:00-04:00,1650905700,1650909600,65.0,0.0,0,0,1,1138
0bf1c92e9beb33dd,2022-04-16,2022-04-25,BOS,LAX,BOS-LAX,MSP,SY,SY,SY / SY,coach / coach,2022-04-25T13:38:00-05:00,2022-04-25T14:35:00-05:00,1650911880,1650915300,57.0,0.0,0,0,1,1139
262ea535fa16d7ad,2022-04-16,2022-04-25,BOS,LAX,BOS-LAX,EWR,UA,AS,UA / AS,coach / coach,2022-04-25T16:59:00-04:00,2022-04-25T18:35:00-04:00,1650920340,1650926100,96.0,0.0,0,0,1,1140
f1779902bf0e0b94,2022-04-16,2022-04-25,BOS,LAX,BOS-LAX,EWR,UA,AS,UA / AS,coach / coach,2022-04-25T15:31:00-04:00,2022-04-25T18:35:00-04:00,1650915060,1650926100,184.0,0.0,0,0,1,1141
76b070c150817133,2022-04-16,2022-04-25,BOS,LAX,BOS-LAX,EWR,UA,AS,UA / AS,coach / coach,2022-04-25T16:59:00-04:00,2022-04-25T20:29:00-04:00,1650920340,1650932940,210.0,0.0,0,0,1,1142
35346c5d0078b789,2022-04-16,2022-04-25,BOS,LAX,BOS-LAX,EWR,UA,AS,UA / AS,coach / coach,2022-04-25T14:02:00-04:00,2022-04-25T18:35:00-04:00,1650909720,1650926100,273.0,0.0,0,0,1,1143
b75f1fa3cf5cec66,2022-04-16,2022-04-25,BOS,LAX,BOS-LAX,EWR,UA,AS,UA / AS,coach / coach,2022-04-25T15:31:00-04:00,2022-04-25T20:29:00-04:00,1650915060,1650932940,298.0,0.0,0,0,1,1144
370280abfd7ada82,2022-04-16,2022-04-25,BOS,LAX,BOS-LAX,PDX,AS,AS,AS / AS,coach / coach,2022-04-25T10:51:00-07:00,2022-04-25T15:05:00-07:00,1650909060,1650924300,254.0,0.0,0,0,1,1145
199db1c55fec72ba,2022-04-16,2022-04-25,BOS,LAX,BOS-LAX,DCA,DL,AS,DL / AS,coach / coach,2022-04-25T07:59:00-04:00,2022-04-25T09:10:00-04:00,1650887940,1650892200,71.0,0.0,0,0,1,1146
93c12bfa0e088338,2022-04-16,2022-04-25,BOS,LAX,BOS-LAX,PDX,AS,AS,AS / AS,coach / coach,2022-04-25T10:51:00-07:00,2022-04-25T13:20:00-07:00,1650909060,1650918000,149.0,0.0,0,0,1,1148
e3b2b67c034d6a35,2022-04-16,2022-04-25,LAX,BOS,LAX-BOS,MCI,DL,DL,DL / DL,coach / coach,2022-04-26T00:36:00-05:00,2022-04-26T07:25:00-05:00,1650951360,1650975900,409.0,324.0,0,1,1,1149
562943383e3cb3ed,2022-04-16,2022-04-25,LAX,BOS,LAX-BOS,PHL,AA,AA,AA / AA,coach / coach,2022-04-26T06:13:00-04:00,2022-04-26T09:40:00-04:00,1650967980,1650980400,207.0,0.0,0,0,1,1150
5222de5b05883fa6,2022-04-16,2022-04-25,LAX,BOS,LAX-BOS,FLL,NK,NK,NK / NK,coach / coach,2022-04-26T05:50:00-04:00,2022-04-26T13:15:00-04:00,1650966600,1650993300,445.0,10.0,0,1,1,1151
8652fa7d79a35373,2022-04-16,2022-04-25,LAX,BOS,LAX-BOS,ORD,UA,UA,UA / UA,coach / coach,2022-04-26T04:52:00-05:00,2022-04-26T07:15:00-05:00,1650966720,1650975300,143.0,68.0,0,0,1,1154
efa25b34ea06b411,2022-04-16,2022-04-25,LAX,BOS,LAX-BOS,SEA,DL,DL,DL / DL,coach / coach,2022-04-25T20:19:00-07:00,2022-04-25T21:51:00-07:00,1650943140,1650948660,92.0,0.0,0,0,1,1155
087b30c6bd6c5db9,2022-04-16,2022-04-25,LAX,BOS,LAX-BOS,CLT,AA,AA,AA / AA,coach / coach,2022-04-26T06:38:00-04:00,2022-04-26T07:56:00-04:00,1650969480,1650974160,78.0,0.0,0,0,1,1158
c2a5396a67b8b1b7,2022-04-16,2022-04-25,LAX,BOS,LAX-BOS,DEN,UA,UA,UA / UA,coach / coach,2022-04-25T22:16:00-06:00,2022-04-25T23:20:00-06:00,1650946560,1650950400,64.0,64.0,0,0,1,1161
5f3d7790f36a789d,2022-04-16,2022-04-25,LAX,BOS,LAX-BOS,IAD,UA,UA,UA / UA,coach / coach,2022-04-26T07:29:00-04:00,2022-04-26T08:37:00-04:00,1650972540,1650976620,68.0,0.0,0,0,1,1162
fc43874cc69dbc1e,2022-04-16,2022-04-25,LAX,BOS,LAX-BOS,PHL,AA,AA,AA / AA,coach / coach,2022-04-26T06:13:00-04:00,2022-04-26T08:45:00-04:00,1650967980,1650977100,152.0,0.0,0,0,1,1163
c21afc5326eb3769,2022-04-16,2022-04-25,LAX,BOS,LAX-BOS,ATL,NK,NK,NK / NK,coach / coach,2022-04-26T00:46:00-04:00,2022-04-26T06:35:00-04:00,1650948360,1650969300,349.0,314.0,0,0,1,1164
d004d2dfb0b37be2,2022-04-16,2022-04-25,LAX,BOS,LAX-BOS,PHL,AA,AA,AA / AA,coach / coach,2022-04-25T23:13:00-04:00,2022-04-26T06:07:00-04:00,1650942780,1650967620,414.0,407.0,1,1,1,1165
0c759f8cd06dfdb5,2022-04-16,2022-04-25,LAX,BOS,LAX-BOS,ORD,AA,AA,AA / AA,coach / coach,2022-04-26T05:47:00-05:00,2022-04-26T07:25:00-05:00,1650970020,1650975900,98.0,13.0,0,0,1,1168
690ff44179caf834,2022-04-16,2022-04-25,LAX,BOS,LAX-BOS,DEN,UA,UA,UA / UA,coach / coach,2022-04-25T10:07:00-06:00,2022-04-25T17:44:00-06:00,1650902820,1650930240,457.0,0.0,0,1,1,1169
e1ddae162f837a6b,2022-04-16,2022-04-25,LAX,BOS,LAX-BOS,DEN,UA,UA,UA / UA,coach / coach,2022-04-25T12:15:00-06:00,2022-04-25T17:44:00-06:00,1650910500,1650930240,329.0,0.0,0,0,1,1170
4e0d990b45e17ddc,2022-04-16,2022-04-25,LAX,BOS,LAX-BOS,SFO,B6,B6,B6 / B6,coach / coach,2022-04-25T19:10:00-07:00,2022-04-25T23:59:00-07:00,1650939000,1650956340,289.0,119.0,0,0,1,1172
5c473ebb86b88038,2022-04-16,2022-04-25,LAX,BOS,LAX-BOS,IAD,UA,UA,UA / UA,coach / coach,2022-04-25T20:51:00-04:00,2022-04-25T22:33:00-04:00,1650934260,1650940380,102.0,33.0,0,0,1,1174
a40390a08299ff95,2022-04-16,2022-04-25,LAX,BOS,LAX-BOS,IAD,UA,UA,UA / UA,coach / coach,2022-04-25T19:08:00-04:00,2022-04-25T22:33:00-04:00,1650928080,1650940380,205.0,33.0,0,0,1,1175
d1a1c11ec0aaf57e,2022-04-16,2022-04-25,LAX,BOS,LAX-BOS,IAD,AS,UA,AS / UA,coach / coach,2022-04-26T06:00:00-04:00,2022-04-26T08:37:00-04:00,1650967200,1650976620,157.0,0.0,0,0,1,1176
40812f6f19b8afcf,2022-04-16,2022-04-25,LAX,BOS,LAX-BOS,SFO,DL,AS,DL / AS,coach / coach,2022-04-25T18:54:00-07:00,2022-04-25T21:25:00-07:00,1650938040,1650947100,151.0,0.0,0,0,1,1177
b65ac9b1a2f78984,2022-04-16,2022-04-25,LAX,BOS,LAX-BOS,IAD,AS,UA,AS / UA,coach / coach,2022-04-26T06:00:00-04:00,2022-04-26T12:45:00-04:00,1650967200,1650991500,405.0,0.0,0,1,1,1178
e9e2b6d4c434399f,2022-04-16,2022-04-25,LAX,BOS,LAX-BOS,SFO,AS,AS,AS / AS,coach / coach,2022-04-25T19:30:00-07:00,2022-04-25T21:25:00-07:00,1650940200,1650947100,115.0,0.0,0,0,1,1181
62153d815ba1c20f,2022-04-16,2022-04-25,LAX,BOS,LAX-BOS,PHL,AA,AA,AA / AA,coach / coach,2022-04-25T19:50:00-04:00,2022-04-25T20:32:00-04:00,1650930600,1650933120,42.0,0.0,0,0,1,1182
0b1a04a6943147c0,2022-04-16,2022-04-25,LAX,BOS,LAX-BOS,JFK,B6,B6,B6 / B6,coach / coach,2022-04-26T06:30:00-04:00,2022-04-26T07:59:00-04:00,1650969000,1650974340,89.0,0.0,0,0,1,1183
abf295d3bb41eab4,2022-04-16,2022-04-25,LAX,BOS,LAX-BOS,ORD,AA,AA,AA / AA,coach / coach,2022-04-25T14:36:00-05:00,2022-04-25T17:05:00-05:00,1650915360,1650924300,149.0,0.0,0,0,1,1184
9061aa4d6c9f3352,2022-04-16,2022-04-25,LAX,BOS,LAX-BOS,JFK,B6,B6,B6 / B6,coach / coach,2022-04-26T08:30:00-04:00,2022-04-26T12:29:00-04:00,1650976200,1650990540,239.0,0.0,0,0,1,1185
ec3b75e1461be336,2022-04-16,2022-04-25,LAX,BOS,LAX-BOS,DTW,DL,DL,DL / DL,coach / coach,2022-04-25T21:47:00-04:00,2022-04-25T22:59:00-04:00,1650937620,1650941940,72.0,59.0,0,0,1,1187
24ad0259b0987c95,2022-04-16,2022-04-25,LAX,BOS,LAX-BOS,JFK,DL,DL,DL / DL,coach / coach,2022-04-26T06:00:00-04:00,2022-04-26T07:30:00-04:00,1650967200,1650972600,90.0,0.0,0,0,1,1188
0096e1ffa64321d2,2022-04-16,2022-04-25,LAX,BOS,LAX-BOS,JFK,DL,DL,DL / DL,coach / coach,2022-04-26T07:53:00-04:00,2022-04-26T09:45:00-04:00,1650973980,1650980700,112.0,0.0,0,0,1,1189
d20394ad62a4a5d4,2022-04-16,2022-04-25,LAX,BOS,LAX-BOS,JFK,DL,DL,DL / DL,coach / coach,2022-04-26T06:00:00-04:00,2022-04-26T09:45:00-04:00,1650967200,1650980700,225.0,0.0,0,0,1,1190
d330f7d0c263324e,2022-04-16,2022-04-25,LAX,BOS,LAX-BOS,IND,DL,DL,DL / DL,coach / coach,2022-04-26T05:15:00-04:00,2022-04-26T06:45:00-04:00,1650964500,1650969900,90.0,45.0,0,0,1,1191
ab6bbe00f7b14d3f,2022-04-16,2022-04-25,LAX,BOS,LAX-BOS,IND,DL,DL,DL / DL,coach / coach,2022-04-26T05:15:00-04:00,2022-04-26T12:42:00-04:00,1650964500,1650991320,447.0,45.0,0,1,1,1192
cc66c88c50b37766,2022-04-16,2022-04-25,LAX,BOS,LAX-BOS,SLC,B6,B6,B6 / B6,coach / coach,2022-04-25T17:29:00-06:00,2022-04-25T23:20:00-06:00,1650929340,1650950400,351.0,80.0,0,0,1,1195
b9e37209b59dbad6,2022-04-16,2022-04-25,LAX,BOS,LAX-BOS,PHL,AA,AA,AA / AA,coach / coach,2022-04-25T14:31:00-04:00,2022-04-25T15:30:00-04:00,1650911460,1650915000,59.0,0.0,0,0,1,1206
589d1ec589588190,2022-04-16,2022-04-25,LAX,BOS,LAX-BOS,ORD,AA,AA,AA / AA,coach / coach,2022-04-25T12:17:00-05:00,2022-04-25T13:25:00-05:00,1650907020,1650911100,68.0,0.0,0,0,1,1207
b7e50e1b25ab5bc9,2022-04-16,2022-04-25,LAX,BOS,LAX-BOS,FLL,B6,B6,B6 / B6,coach / coach,2022-04-25T16:07:00-04:00,2022-04-25T19:06:00-04:00,1650917220,1650927960,179.0,0.0,0,0,1,1208
9427e03bf2059016,2022-04-16,2022-04-25,LAX,BOS,LAX-BOS,DEN,UA,UA,UA / UA,coach / coach,2022-04-25T08:23:00-06:00,2022-04-25T09:50:00-06:00,1650896580,1650901800,87.0,0.0,0,0,1,1209
a1d2dabc90f5a134,2022-04-16,2022-04-25,LAX,BOS,LAX-BOS,JFK,DL,DL,DL / DL,coach / coach,2022-04-25T16:09:00-04:00,2022-04-25T17:50:00-04:00,1650917340,1650923400,101.0,0.0,0,0,1,1210
5b19cb0691a58ae4,2022-04-16,2022-04-25,LAX,BOS,LAX-BOS,JFK,DL,DL,DL / DL,coach / coach,2022-04-25T14:23:00-04:00,2022-04-25T17:50:00-04:00,1650910980,1650923400,207.0,0.0,0,0,1,1211
ee27bd91ef81423f,2022-04-16,2022-04-25,LAX,BOS,LAX-BOS,JFK,B6,B6,B6 / B6,coach / coach,2022-04-25T09:36:00-04:00,2022-04-25T15:35:00-04:00,1650893760,1650915300,359.0,0.0,0,0,1,1212
6204d1664d819753,2022-04-16,2022-04-25,LAX,BOS,LAX-BOS,EWR,AS,DL,AS / DL,coach / coach,2022-04-25T18:40:00-04:00,2022-04-25T19:48:00-04:00,1650926400,1650930480,68.0,0.0,0,0,1,1213
8608cd2dad79ba05,2022-04-16,2022-04-25,LAX,BOS,LAX-BOS,SEA,AS,AS,AS / AS,coach / coach,2022-04-25T14:30:00-07:00,2022-04-25T15:35:00-07:00,1650922200,1650926100,65.0,0.0,0,0,1,1214
13bde48147c1032c,2022-04-16,2022-04-25,LAX,BOS,LAX-BOS,SEA,AS,AS,AS / AS,coach / coach,2022-04-25T13:24:00-07:00,2022-04-25T15:35:00-07:00,1650918240,1650926100,131.0,0.0,0,0,1,1215
8d10854fe1b31caa,2022-04-16,2022-04-25,LAX,BOS,LAX-BOS,EWR,B6,B6,B6 / B6,coach / coach,2022-04-26T05:15:00-04:00,2022-04-26T07:15:00-04:00,1650964500,1650971700,120.0,45.0,0,0,1,1216
da19dc8e3217c729,2022-04-16,2022-04-25,LAX,BOS,LAX-BOS,SFO,B6,B6,B6 / B6,coach / coach,2022-04-25T08:29:00-07:00,2022-04-25T11:53:00-07:00,1650900540,1650912780,204.0,0.0,0,0,1,1222
e9040fe8059df668,2022-04-16,2022-04-25,LAX,BOS,LAX-BOS,PDX,AS,AS,AS / AS,coach / coach,2022-04-25T08:30:00-07:00,2022-04-25T09:55:00-07:00,1650900600,1650905700,85.0,0.0,0,0,1,1226
937e580cb4b89780,2022-04-16,2022-04-26,BOS,LAX,BOS-LAX,FLL,NK,NK,NK / NK,coach / coach,2022-04-26T20:23:00-04:00,2022-04-26T21:20:00-04:00,1651018980,1651022400,57.0,0.0,0,0,1,1229
53ea8317e8b765bf,2022-04-16,2022-04-26,BOS,LAX,BOS-LAX,CLT,AA,AA,AA / AA,coach / coach,2022-04-26T15:45:00-04:00,2022-04-26T16:40:00-04:00,1651002300,1651005600,55.0,0.0,0,0,1,1251
b37331c4daa4939b,2022-04-16,2022-04-26,BOS,LAX,BOS-LAX,CLT,AA,AA,AA / AA,coach / coach,2022-04-26T10:10:00-04:00,2022-04-26T11:10:00-04:00,1650982200,1650985800,60.0,0.0,0,0,1,1252
310069fd51858718,2022-04-16,2022-04-26,BOS,LAX,BOS-LAX,CLT,AA,AA,AA / AA,coach / coach,2022-04-26T19:01:00-04:00,2022-04-26T20:25:00-04:00,1651014060,1651019100,84.0,0.0,0,0,1,1253
385abbf8471eebaa,2022-04-16,2022-04-26,BOS,LAX,BOS-LAX,CLT,AA,AA,AA / AA,coach / coach,2022-04-26T16:57:00-04:00,2022-04-26T18:32:00-04:00,1651006620,1651012320,95.0,0.0,0,0,1,1254
3c91b625dbcb6bf3,2022-04-16,2022-04-26,BOS,LAX,BOS-LAX,CLT,AA,AA,AA / AA,coach / coach,2022-04-26T08:02:00-04:00,2022-04-26T09:33:00-04:00,1650974520,1650979980,91.0,0.0,0,0,1,1255
c11820633493551c,2022-04-16,2022-04-26,BOS,LAX,BOS-LAX,CLT,AA,AA,AA / AA,coach / coach,2022-04-26T09:36:00-04:00,2022-04-26T11:10:00-04:00,1650980160,1650985800,94.0,0.0,0,0,1,1256
5f66a4579c0f42bb,2022-04-16,2022-04-26,BOS,LAX,BOS-LAX,MSP,DL,DL,DL / DL,coach / coach,2022-04-26T10:28:00-05:00,2022-04-26T11:19:00-05:00,1650986880,1650989940,51.0,0.0,0,0,1,1257
843b7c1cd7912f26,2022-04-16,2022-04-26,BOS,LAX,BOS-LAX,IAD,UA,UA,UA / UA,coach / coach,2022-04-26T16:25:00-04:00,2022-04-26T17:30:00-04:00,1651004700,1651008600,65.0,0.0,0,0,1,1258
80764ea180fd2c8c,2022-04-16,2022-04-26,BOS,LAX,BOS-LAX,EWR,UA,UA,UA / UA,coach / coach,2022-04-26T07:29:00-04:00,2022-04-26T08:30:00-04:00,1650972540,1650976200,61.0,0.0,0,0,1,1259
894ed14702aa0e55,2022-04-16,2022-04-26,BOS,LAX,BOS-LAX,JFK,B6,B6,B6 / B6,coach / coach,2022-04-26T16:09:00-04:00,2022-04-26T17:00:00-04:00,1651003740,1651006800,51.0,0.0,0,0,1,1260
6a28d68f284adb49,2022-04-16,2022-04-26,BOS,LAX,BOS-LAX,JFK,AA,AA,AA / AA,coach / coach,2022-04-26T16:09:00-04:00,2022-04-26T17:00:00-04:00,1651003740,1651006800,51.0,0.0,0,0,1,1261
acd0aa6e7643144a,2022-04-16,2022-04-26,BOS,LAX,BOS-LAX,DCA,AA,AA,AA / AA,coach / coach,2022-04-26T16:11:00-04:00,2022-04-26T17:00:00-04:00,1651003860,1651006800,49.0,0.0,0,0,1,1262
d0635f9d3c018cc2,2022-04-16,2022-04-26,BOS,LAX,BOS-LAX,MSP,DL,DL,DL / DL,coach / coach,2022-04-26T14:44:00-05:00,2022-04-26T16:00:00-05:00,1651002240,1651006800,76.0,0.0,0,0,1,1263
5def8fe69aa1d04d,2022-04-16,2022-04-26,BOS,LAX,BOS-LAX,ORD,AA,AA,AA / AA,coach / coach,2022-04-26T09:16:00-05:00,2022-04-26T10:15:00-05:00,1650982560,1650986100,59.0,0.0,0,0,1,1264
f11694b3b4d6a747,2022-04-16,2022-04-26,BOS,LAX,BOS-LAX,PHL,AA,AA,AA / AA,coach / coach,2022-04-26T07:35:00-04:00,2022-04-26T08:22:00-04:00,1650972900,1650975720,47.0,0.0,0,0,1,1265
70747221fb32b8d9,2022-04-16,2022-04-26,BOS,LAX,BOS-LAX,ORD,AA,AA,AA / AA,coach / coach,2022-04-26T17:23:00-05:00,2022-04-26T18:32:00-05:00,1651011780,1651015920,69.0,0.0,0,0,1,1266
ff15cbda269c956a,2022-04-16,2022-04-26,BOS,LAX,BOS-LAX,ORD,AA,AA,AA / AA,coach / coach,2022-04-26T12:21:00-05:00,2022-04-26T13:25:00-05:00,1650993660,1650997500,64.0,0.0,0,0,1,1267
9dc083002f3a7409,2022-04-16,2022-04-26,BOS,LAX,BOS-LAX,IAD,UA,UA,UA / UA,coach / coach,2022-04-26T21:20:00-04:00,2022-04-26T22:35:00-04:00,1651022400,1651026900,75.0,35.0,0,0,1,1268
6df0d97d1de34f1d,2022-04-16,2022-04-26,BOS,LAX,BOS-LAX,ORD,UA,UA,UA / UA,coach / coach,2022-04-26T11:32:00-05:00,2022-04-26T12:45:00-05:00,1650990720,1650995100,73.0,0.0,0,0,1,1269
fddaca630b743b46,2022-04-16,2022-04-26,BOS,LAX,BOS-LAX,MSP,DL,DL,DL / DL,coach / coach,2022-04-26T20:23:00-05:00,2022-04-26T21:43:00-05:00,1651022580,1651027380,80.0,0.0,0,0,1,1270
0f861bfad32ab9ae,2022-04-16,2022-04-26,BOS,LAX,BOS-LAX,ORD,UA,UA,UA / UA,coach / coach,2022-04-26T09:51:00-05:00,2022-04-26T11:03:00-05:00,1650984660,1650988980,72.0,0.0,0,0,1,1271
dbe4b31a797ea4ab,2022-04-16,2022-04-26,BOS,LAX,BOS-LAX,EWR,UA,UA,UA / UA,coach / coach,2022-04-26T12:55:00-04:00,2022-04-26T14:00:00-04:00,1650992100,1650996000,65.0,0.0,0,0,1,1272
f58f8f4ce968daf0,2022-04-16,2022-04-26,BOS,LAX,BOS-LAX,PHL,AA,AA,AA / AA,coach / coach,2022-04-26T12:44:00-04:00,2022-04-26T13:49:00-04:00,1650991440,1650995340,65.0,0.0,0,0,1,1273
9de5f293e408ed2e,2022-04-16,2022-04-26,BOS,LAX,BOS-LAX,JFK,B6,B6,B6 / B6,coach / coach,2022-04-26T11:44:00-04:00,2022-04-26T13:00:00-04:00,1650987840,1650992400,76.0,0.0,0,0,1,1274
18a273bf9de205fe,2022-04-16,2022-04-26,BOS,LAX,BOS-LAX,DFW,AA,AA,AA / AA,coach / coach,2022-04-26T08:29:00-05:00,2022-04-26T09:19:00-05:00,1650979740,1650982740,50.0,0.0,0,0,1,1275
3dae63505735a733,2022-04-16,2022-04-26,BOS,LAX,BOS-LAX,ORD,UA,UA,UA / UA,coach / coach,2022-04-26T20:24:00-05:00,2022-04-26T21:25:00-05:00,1651022640,1651026300,61.0,0.0,0,0,1,1276
8a088e2ced8c058e,2022-04-16,2022-04-26,BOS,LAX,BOS-LAX,JFK,AA,AA,AA / AA,coach / coach,2022-04-26T10:30:00-04:00,2022-04-26T11:29:00-04:00,1650983400,1650986940,59.0,0.0,0,0,1,1277
031652bf896122f7,2022-04-16,2022-04-26,BOS,LAX,BOS-LAX,JFK,B6,B6,B6 / B6,coach / coach,2022-04-26T10:30:00-04:00,2022-04-26T11:29:00-04:00,1650983400,1650986940,59.0,0.0,0,0,1,1278
576f9a9389789ff6,2022-04-16,2022-04-26,BOS,LAX,BOS-LAX,DFW,AA,AA,AA / AA,coach / coach,2022-04-26T18:10:00-05:00,2022-04-26T19:15:00-05:00,1651014600,1651018500,65.0,0.0,0,0,1,1279
8e4fbb5c4d238a18,2022-04-16,2022-04-26,BOS,LAX,BOS-LAX,MSP,DL,DL,DL / DL,coach / coach,2022-04-26T08:22:00-05:00,2022-04-26T09:55:00-05:00,1650979320,1650984900,93.0,0.0,0,0,1,1280
2b9c51b29fdb2c24,2022-04-16,2022-04-26,BOS,LAX,BOS-LAX,JFK,DL,DL,DL / DL,coach / coach,2022-04-26T12:44:00-04:00,2022-04-26T14:00:00-04:00,1650991440,1650996000,76.0,0.0,0,0,1,1281
ff02bd6900fd771f,2022-04-16,2022-04-26,BOS,LAX,BOS-LAX,PHL,AA,AA,AA / AA,coach / coach,2022-04-26T17:38:00-04:00,2022-04-26T18:54:00-04:00,1651009080,1651013640,76.0,0.0,0,0,1,1282
fcac2062014d0ece,2022-04-16,2022-04-26,BOS,LAX,BOS-LAX,EWR,UA,UA,UA / UA,coach / coach,2022-04-26T15:31:00-04:00,2022-04-26T17:00:00-04:00,1651001460,1651006800,89.0,0.0,0,0,1,1283
cf27d7a588e25969,2022-04-16,2022-04-26,BOS,LAX,BOS-LAX,ORD,UA,UA,UA / UA,coach / coach,2022-04-26T18:50:00-05:00,2022-04-26T20:22:00-05:00,1651017000,1651022520,92.0,0.0,0,0,1,1284
2d9413986e3b6d4e,2022-04-16,2022-04-26,BOS,LAX,BOS-LAX,IAH,UA,UA,UA / UA,coach / coach,2022-04-26T18:47:00-05:00,2022-04-26T19:46:00-05:00,1651016820,1651020360,59.0,0.0,0,0,1,1285
1cc51089b7a68266,2022-04-16,2022-04-26,BOS,LAX,BOS-LAX,DFW,AA,AA,AA / AA,coach / coach,2022-04-26T11:09:00-05:00,2022-04-26T12:22:00-05:00,1650989340,1650993720,73.0,0.0,0,0,1,1286
21be089b9ab0baa2,2022-04-16,2022-04-26,BOS,LAX,BOS-LAX,JFK,B6,B6,B6 / B6,coach / coach,2022-04-26T16:09:00-04:00,2022-04-26T17:29:00-04:00,1651003740,1651008540,80.0,0.0,0,0,1,1287
6bda31aef0bebbf6,2022-04-16,2022-04-26,BOS,LAX,BOS-LAX,PHL,AA,AA,AA / AA,coach / coach,2022-04-26T14:33:00-04:00,2022-04-26T15:59:00-04:00,1650997980,1651003140,86.0,0.0,0,0,1,1288
a6943661487d2477,2022-04-16,2022-04-26,BOS,LAX,BOS-LAX,DTW,DL,DL,DL / DL,coach / coach,2022-04-26T19:38:00-04:00,2022-04-26T21:31:00-04:00,1651016280,1651023060,113.0,0.0,0,0,1,1289
81cf7c8ec36aa4f6,2022-04-16,2022-04-26,BOS,LAX,BOS-LAX,JFK,DL,DL,DL / DL,coach / coach,2022-04-26T14:21:00-04:00,2022-04-26T15:45:00-04:00,1650997260,1651002300,84.0,0.0,0,0,1,1290
8246f3cbecdf4dce,2022-04-16,2022-04-26,BOS,LAX,BOS-LAX,SLC,DL,DL,DL / DL,coach / coach,2022-04-26T09:35:00-06:00,2022-04-26T11:34:00-06:00,1650987300,1650994440,119.0,0.0,0,0,1,1291
38fc6626d8e15c4e,2022-04-16,2022-04-26,BOS,LAX,BOS-LAX,JFK,DL,DL,DL / DL,coach / coach,2022-04-26T15:22:00-04:00,2022-04-26T17:10:00-04:00,1651000920,1651007400,108.0,0.0,0,0,1,1292
1cb6d1c84343d69c,2022-04-16,2022-04-26,BOS,LAX,BOS-LAX,ORD,AA,AA,AA / AA,coach / coach,2022-04-26T08:01:00-05:00,2022-04-26T10:15:00-05:00,1650978060,1650986100,134.0,0.0,0,0,1,1293
06122c52cc2807cb,2022-04-16,2022-04-26,BOS,LAX,BOS-LAX,ORD,UA,UA,UA / UA,coach / coach,2022-04-26T18:50:00-05:00,2022-04-26T21:25:00-05:00,1651017000,1651026300,155.0,0.0,0,0,1,1294
52cd965b603627d2,2022-04-16,2022-04-26,BOS,LAX,BOS-LAX,JFK,DL,DL,DL / DL,coach / coach,2022-04-26T18:45:00-04:00,2022-04-26T21:27:00-04:00,1651013100,1651022820,162.0,0.0,0,0,1,1295
745942ff479254f0,2022-04-16,2022-04-26,BOS,LAX,BOS-LAX,SFO,AS,AS,AS / AS,coach / coach,2022-04-26T11:55:00-07:00,2022-04-26T13:35:00-07:00,1650999300,1651005300,100.0,0.0,0,0,1,1300
42dbf6139f6862a0,2022-04-16,2022-04-26,BOS,LAX,BOS-LAX,EWR,DL,AS,DL / AS,coach / coach,2022-04-26T18:35:00-04:00,2022-04-26T20:29:00-04:00,1651012500,1651019340,114.0,0.0,0,0,1,1303
ede2a1a3c0c118cb,2022-04-16,2022-04-26,BOS,LAX,BOS-LAX,IAD,UA,UA,UA / UA,coach / coach,2022-04-26T11:45:00-04:00,2022-04-26T12:30:00-04:00,1650987900,1650990600,45.0,0.0,0,0,1,1308
e1731e8e9dc781f0,2022-04-16,2022-04-26,BOS,LAX,BOS-LAX,DCA,DL,AS,DL / AS,coach / coach,2022-04-26T07:59:00-04:00,2022-04-26T09:10:00-04:00,1650974340,1650978600,71.0,0.0,0,0,1,1309
abd65d0c7d6eb366,2022-04-16,2022-04-26,LAX,BOS,LAX-BOS,SEA,DL,DL,DL / DL,coach / coach,2022-04-26T20:36:00-07:00,2022-04-26T21:51:00-07:00,1651030560,1651035060,75.0,0.0,0,0,1,1310
866a49efc7eb1412,2022-04-16,2022-04-26,LAX,BOS,LAX-BOS,LAS,NK,NK,NK / NK,coach / coach,2022-04-26T23:05:00-07:00,2022-04-26T23:45:00-07:00,1651039500,1651041900,40.0,40.0,0,0,1,1312
6ccd7d5b7c06fdc8,2022-04-16,2022-04-26,LAX,BOS,LAX-BOS,LAS,NK,NK,NK / NK,coach / coach,2022-04-26T14:34:00-07:00,2022-04-26T23:45:00-07:00,1651008840,1651041900,551.0,105.0,0,1,1,1313
0702e438aa6706bf,2022-04-16,2022-04-26,LAX,BOS,LAX-BOS,ORD,AA,AA,AA / AA,coach / coach,2022-04-27T05:47:00-05:00,2022-04-27T07:25:00-05:00,1651056420,1651062300,98.0,13.0,0,0,1,1314
4b56d56d1ca5f934,2022-04-16,2022-04-26,LAX,BOS,LAX-BOS,DEN,UA,UA,UA / UA,coach / coach,2022-04-26T22:16:00-06:00,2022-04-26T23:20:00-06:00,1651032960,1651036800,64.0,64.0,0,0,1,1316
8d0b6df3e1b3c8bc,2022-04-16,2022-04-26,LAX,BOS,LAX-BOS,IAD,UA,UA,UA / UA,coach / coach,2022-04-27T07:29:00-04:00,2022-04-27T08:37:00-04:00,1651058940,1651063020,68.0,0.0,0,0,1,1317
259c803c996332a5,2022-04-16,2022-04-26,LAX,BOS,LAX-BOS,DEN,UA,UA,UA / UA,coach / coach,2022-04-26T08:23:00-06:00,2022-04-26T09:50:00-06:00,1650982980,1650988200,87.0,0.0,0,0,1,1318
a5b9a15c62e3f045,2022-04-16,2022-04-26,LAX,BOS,LAX-BOS,IAD,UA,UA,UA / UA,coach / coach,2022-04-26T20:51:00-04:00,2022-04-26T22:33:00-04:00,1651020660,1651026780,102.0,33.0,0,0,1,1319
d5d5ea2e541fed33,2022-04-16,2022-04-26,LAX,BOS,LAX-BOS,ORD,UA,UA,UA / UA,coach / coach,2022-04-27T04:52:00-05:00,2022-04-27T07:15:00-05:00,1651053120,1651061700,143.0,68.0,0,0,1,1320
a0de4be6eded9580,2022-04-16,2022-04-26,LAX,BOS,LAX-BOS,IAD,UA,UA,UA / UA,coach / coach,2022-04-27T05:29:00-04:00,2022-04-27T08:37:00-04:00,1651051740,1651063020,188.0,31.0,0,0,1,1321
b80dc07de3839fa1,2022-04-16,2022-04-26,LAX,BOS,LAX-BOS,DEN,UA,UA,UA / UA,coach / coach,2022-04-26T19:35:00-06:00,2022-04-26T23:20:00-06:00,1651023300,1651036800,225.0,80.0,0,0,1,1322
b784b02fced0ee37,2022-04-16,2022-04-26,LAX,BOS,LAX-BOS,IAD,UA,UA,UA / UA,coach / coach,2022-04-26T19:08:00-04:00,2022-04-26T22:33:00-04:00,1651014480,1651026780,205.0,33.0,0,0,1,1323
ef2f5948678648d0,2022-04-16,2022-04-26,LAX,BOS,LAX-BOS,DEN,UA,UA,UA / UA,coach / coach,2022-04-26T10:07:00-06:00,2022-04-26T16:11:00-06:00,1650989220,1651011060,364.0,0.0,0,1,1,1324
b115d9ece5b5fcb8,2022-04-16,2022-04-26,LAX,BOS,LAX-BOS,MCI,DL,DL,DL / DL,coach / coach,2022-04-27T00:36:00-05:00,2022-04-27T07:25:00-05:00,1651037760,1651062300,409.0,324.0,0,1,1,1325
2d44f70f1d038050,2022-04-16,2022-04-26,LAX,BOS,LAX-BOS,FLL,NK,NK,NK / NK,coach / coach,2022-04-27T05:50:00-04:00,2022-04-27T13:15:00-04:00,1651053000,1651079700,445.0,10.0,0,1,1,1329
cdcc2159d504f7cd,2022-04-16,2022-04-26,LAX,BOS,LAX-BOS,ORD,UA,UA,UA / UA,coach / coach,2022-04-26T12:49:00-05:00,2022-04-26T14:00:00-05:00,1650995340,1650999600,71.0,0.0,0,0,1,1331
27bc247c6869844e,2022-04-16,2022-04-26,LAX,BOS,LAX-BOS,DEN,UA,UA,UA / UA,coach / coach,2022-04-26T14:24:00-06:00,2022-04-26T16:11:00-06:00,1651004640,1651011060,107.0,0.0,0,0,1,1332
72eb30729730a956,2022-04-16,2022-04-26,LAX,BOS,LAX-BOS,SEA,AS,AS,AS / AS,coach / coach,2022-04-26T14:30:00-07:00,2022-04-26T15:35:00-07:00,1651008600,1651012500,65.0,0.0,0,0,1,1335
ef039cb3b8b0556d,2022-04-16,2022-04-26,LAX,BOS,LAX-BOS,SEA,AS,AS,AS / AS,coach / coach,2022-04-26T21:42:00-07:00,2022-04-26T23:10:00-07:00,1651034520,1651039800,88.0,70.0,0,0,1,1336
c0db3a79004a7955,2022-04-16,2022-04-26,LAX,BOS,LAX-BOS,SEA,AS,AS,AS / AS,coach / coach,2022-04-26T13:24:00-07:00,2022-04-26T15:35:00-07:00,1651004640,1651012500,131.0,0.0,0,0,1,1337
f677137a65ac1cd5,2022-04-16,2022-04-26,LAX,BOS,LAX-BOS,SEA,AS,AS,AS / AS,coach / coach,2022-04-26T19:37:00-07:00,2022-04-26T23:10:00-07:00,1651027020,1651039800,213.0,70.0,0,0,1,1338
4df01697364f7c0f,2022-04-16,2022-04-26,LAX,BOS,LAX-BOS,STL,AA,AA,AA / AA,coach / coach,2022-04-26T14:44:00-05:00,2022-04-26T15:25:00-05:00,1651002240,1651004700,41.0,0.0,0,0,1,1341
38585d1dce319591,2022-04-16,2022-04-26,LAX,BOS,LAX-BOS,ORD,AA,AA,AA / AA,coach / coach,2022-04-26T16:07:00-05:00,2022-04-26T18:45:00-05:00,1651007220,1651016700,158.0,0.0,0,0,1,1342
bed47b2dce1ee90e,2022-04-16,2022-04-26,LAX,BOS,LAX-BOS,FLL,B6,B6,B6 / B6,coach / coach,2022-04-26T18:48:00-04:00,2022-04-26T20:50:00-04:00,1651013280,1651020600,122.0,0.0,0,0,1,1344
6a2c45114887bf30,2022-04-16,2022-04-26,LAX,BOS,LAX-BOS,SFO,AS,DL,AS / DL,coach / coach,2022-04-26T12:54:00-07:00,2022-04-26T15:00:00-07:00,1651002840,1651010400,126.0,0.0,0,0,1,1349
9a100e28dab98aab,2022-04-16,2022-04-26,LAX,BOS,LAX-BOS,JFK,DL,DL,DL / DL,coach / coach,2022-04-27T07:53:00-04:00,2022-04-27T14:55:00-04:00,1651060380,1651085700,422.0,0.0,0,1,1,1355
395d7b34e2172c8f,2022-04-16,2022-04-26,LAX,BOS,LAX-BOS,DTW,DL,DL,DL / DL,coach / coach,2022-04-26T21:47:00-04:00,2022-04-26T22:59:00-04:00,1651024020,1651028340,72.0,59.0,0,0,1,1356
9bbf87190815967e,2022-04-16,2022-04-26,LAX,BOS,LAX-BOS,JFK,DL,DL,DL / DL,coach / coach,2022-04-27T07:53:00-04:00,2022-04-27T09:45:00-04:00,1651060380,1651067100,112.0,0.0,0,0,1,1358
5c0e1b023357b0e9,2022-04-16,2022-04-26,LAX,BOS,LAX-BOS,DTW,DL,DL,DL / DL,coach / coach,2022-04-26T19:34:00-04:00,2022-04-26T22:59:00-04:00,1651016040,1651028340,205.0,59.0,0,0,1,1359
cd75567daa845734,2022-04-16,2022-04-26,LAX,BOS,LAX-BOS,SLC,DL,DL,DL / DL,coach / coach,2022-04-26T14:12:00-06:00,2022-04-26T17:46:00-06:00,1651003920,1651016760,214.0,0.0,0,0,1,1360
6845f960565ffe41,2022-04-16,2022-04-26,LAX,BOS,LAX-BOS,CLT,AA,AA,AA / AA,coach / coach,2022-04-26T19:32:00-04:00,2022-04-26T20:25:00-04:00,1651015920,1651019100,53.0,0.0,0,0,1,1366
ede1b991fd55815a,2022-04-16,2022-04-26,LAX,BOS,LAX-BOS,PHX,AA,AA,AA / AA,coach / coach,2022-04-26T07:51:00-07:00,2022-04-26T08:34:00-07:00,1650984660,1650987240,43.0,0.0,0,0,1,1367
9c19c74ed7e65bf9,2022-04-16,2022-04-26,LAX,BOS,LAX-BOS,DCA,AA,AA,AA / AA,coach / coach,2022-04-26T21:00:00-04:00,2022-04-26T22:00:00-04:00,1651021200,1651024800,60.0,0.0,0,0,1,1368
f58a1cbc70f8f4bf,2022-04-16,2022-04-26,LAX,BOS,LAX-BOS,ORD,AA,AA,AA / AA,coach / coach,2022-04-26T12:17:00-05:00,2022-04-26T13:25:00-05:00,1650993420,1650997500,68.0,0.0,0,0,1,1369
d9d59030d2779813,2022-04-16,2022-04-26,LAX,BOS,LAX-BOS,ORD,AA,AA,AA / AA,coach / coach,2022-04-26T19:20:00-05:00,2022-04-26T20:35:00-05:00,1651018800,1651023300,75.0,0.0,0,0,1,1370
b4813bf17451e7f2,2022-04-16,2022-04-26,LAX,BOS,LAX-BOS,DFW,AA,AA,AA / AA,coach / coach,2022-04-26T11:05:00-05:00,2022-04-26T12:24:00-05:00,1650989100,1650993840,79.0,0.0,0,0,1,1371
ba73f54618cc4fd1,2022-04-16,2022-04-26,LAX,BOS,LAX-BOS,DFW,AA,AA,AA / AA,coach / coach,2022-04-26T17:38:00-05:00,2022-04-26T19:10:00-05:00,1651012680,1651018200,92.0,0.0,0,0,1,1372
1df9977200e14ff2,2022-04-16,2022-04-26,LAX,BOS,LAX-BOS,EWR,AS,DL,AS / DL,coach / coach,2022-04-27T07:00:00-04:00,2022-04-27T09:00:00-04:00,1651057200,1651064400,120.0,0.0,0,0,1,1373
cbbdd3cff5d0b01e,2022-04-16,2022-04-26,LAX,BOS,LAX-BOS,SFO,DL,AS,DL / AS,coach / coach,2022-04-26T07:33:00-07:00,2022-04-26T08:25:00-07:00,1650983580,1650986700,52.0,0.0,0,0,1,1374
30080a0c1880d648,2022-04-16,2022-04-26,LAX,BOS,LAX-BOS,PDX,AS,AS,AS / AS,coach / coach,2022-04-26T09:30:00-07:00,2022-04-26T10:25:00-07:00,1650990600,1650993900,55.0,0.0,0,0,1,1375
e3ba26e5fedd1e2d,2022-04-16,2022-04-26,LAX,BOS,LAX-BOS,PDX,AS,AS,AS / AS,coach / coach,2022-04-26T08:30:00-07:00,2022-04-26T10:25:00-07:00,1650987000,1650993900,115.0,0.0,0,0,1,1376
17840c3467e3bd92,2022-04-16,2022-04-26,LAX,BOS,LAX-BOS,IAD,AS,UA,AS / UA,coach / coach,2022-04-26T16:14:00-04:00,2022-04-26T17:12:00-04:00,1651004040,1651007520,58.0,0.0,0,0,1,1381
64e44fa03e75153e,2022-04-16,2022-04-26,LAX,BOS,LAX-BOS,DTW,DL,DL,DL / DL,coach / coach,2022-04-27T06:30:00-04:00,2022-04-27T07:30:00-04:00,1651055400,1651059000,60.0,0.0,0,0,1,1384
418ca91afa924d68,2022-04-16,2022-04-26,LAX,BOS,LAX-BOS,MSP,DL,DL,DL / DL,coach / coach,2022-04-26T13:57:00-05:00,2022-04-26T15:33:00-05:00,1650999420,1651005180,96.0,0.0,0,0,1,1385
e04cddc33b798159,2022-04-16,2022-04-26,LAX,BOS,LAX-BOS,JFK,DL,DL,DL / DL,coach / coach,2022-04-26T16:09:00-04:00,2022-04-26T17:50:00-04:00,1651003740,1651009800,101.0,0.0,0,0,1,1386
af8cb5e3cd9ffe45,2022-04-16,2022-04-26,LAX,BOS,LAX-BOS,MSP,DL,DL,DL / DL,coach / coach,2022-04-26T11:58:00-05:00,2022-04-26T15:33:00-05:00,1650992280,1651005180,215.0,0.0,0,0,1,1387
1dce5c648eee93db,2022-04-16,2022-04-26,LAX,BOS,LAX-BOS,JFK,DL,DL,DL / DL,coach / coach,2022-04-26T14:23:00-04:00,2022-04-26T17:50:00-04:00,1650997380,1651009800,207.0,0.0,0,0,1,1388
b5bd1af5f3dffd9d,2022-04-16,2022-04-26,LAX,BOS,LAX-BOS,IAD,AS,UA,AS / UA,coach / coach,2022-04-27T06:00:00-04:00,2022-04-27T08:37:00-04:00,1651053600,1651063020,157.0,0.0,0,0,1,1389
233d493c74e105fe,2022-04-16,2022-04-26,LAX,BOS,LAX-BOS,MSP,DL,DL,DL / DL,coach / coach,2022-04-26T06:36:00-05:00,2022-04-26T07:35:00-05:00,1650972960,1650976500,59.0,0.0,0,0,1,1390
7b15129f3cbd5e00,2022-04-16,2022-04-26,LAX,BOS,LAX-BOS,ATL,DL,DL,DL / DL,coach / coach,2022-04-26T08:00:00-04:00,2022-04-26T09:59:00-04:00,1650974400,1650981540,119.0,0.0,0,0,1,1391
