legId,searchDate,flightDate,startingAirport,destinationAirport,fareBasisCode,travelDuration,elapsedDays,isBasicEconomy,isRefundable,isNonStop,baseFare,totalFare,seatsRemaining,totalTravelDistance,segmentsDepartureTimeEpochSeconds,segmentsDepartureTimeRaw,segmentsArrivalTimeEpochSeconds,segmentsArrivalTimeRaw,segmentsArrivalAirportCode,segmentsDepartureAirportCode,segmentsAirlineName,segmentsAirlineCode,segmentsEquipmentDescription,segmentsDurationInSeconds,segmentsDistance,segmentsCabinCode
a3bf6aac3e22276a3fe22cf236121111,2022-04-16,2022-04-17,BOS,LAX,G0AZZNN1,PT8H18M,0,False,False,False,267.91,311.60,2,2643,1650227700||1650252900,2022-04-17T16:35:00.000-04:00||2022-04-17T20:35:00.000-07:00,1650249000||1650257580,2022-04-17T19:30:00.000-07:00||2022-04-17T21:53:00.000-07:00,PHX||ONT,BOS||PHX,American Airlines||American Airlines,AA||AA,||Canadair Regional Jet 900,21300||4680,2296||347,coach||coach
d0e4131db8cd6c4166485300b73755f5,2022-04-16,2022-04-17,BOS,LAX,LA0NA0BC,PT8H57M,0,True,False,False,267.91,311.60,9,2674,1650231900||1650257940,2022-04-17T17:45:00.000-04:00||2022-04-17T22:59:00.000-06:00,1650251820||1650264120,2022-04-17T21:17:00.000-06:00||2022-04-17T23:42:00.000-07:00,SLC||ONT,BOS||SLC,Delta||Delta,DL||DL,Boeing 737-800||Boeing 737-800,19920||6180,2100||574,coach||coach
880d856835bf139ed78c92bda89fca2a,2022-04-16,2022-04-17,BOS,LAX,WAA0PFEN,PT9H9M,1,False,False,False,267.91,311.60,3,3049,1650233760||1650261720,2022-04-17T18:16:00.000-04:00||2022-04-17T23:02:00.000-07:00,1650258000||1650266700,2022-04-17T22:00:00.000-07:00||2022-04-18T00:25:00.000-07:00,SFO||ONT,BOS||SFO,United||United,UA||UA,Boeing 737 MAX 9||Boeing 737-800,24240||4980,2698||351,coach||coach
e7277d288a41825696e972fc4c5e4e84,2022-04-16,2022-04-17,BOS,LAX,LA0NA0BC,PT9H10M,0,True,False,False,267.91,311.60,9,2674,1650189900||1650216600,2022-04-17T06:05:00.000-04:00||2022-04-17T11:30:00.000-06:00,1650209700||1650222900,2022-04-17T09:35:00.000-06:00||2022-04-17T12:15:00.000-07:00,SLC||ONT,BOS||SLC,Delta||Delta,DL||DL,Boeing 737-900||Boeing 737-800,19800||6300,2100||574,coach||coach
f9ed706fc3fde426f5a95f4f82530ae6,2022-04-16,2022-04-17,BOS,LAX,VH0ABEL1,PT6H18M,0,False,False,True,315.35,353.60,7,2606,1650189720,2022-04-17T06:02:00.000-04:00,1650212400,2022-04-17T09:20:00.000-07:00,LAX,BOS,JetBlue Airways,B6,Airbus A319-321,22680,2606,coach
7e85b88ccf4840736e02157679ec6664,2022-04-16,2022-04-17,BOS,LAX,VAA0PFEN,PT6H23M,0,False,False,True,315.35,353.60,2,2606,1650231840,2022-04-17T17:44:00.000-04:00,1650254820,2022-04-17T21:07:00.000-07:00,LAX,BOS,United,UA,Boeing 737-800,22980,2606,coach
1f1f3fadfaa1352c09dc717ab1fc3c7e,2022-04-16,2022-04-17,BOS,LAX,VH0ABEL1,PT6H25M,0,False,False,True,315.35,353.60,7,2606,1650229200,2022-04-17T17:00:00.000-04:00,1650252300,2022-04-17T20:25:00.000-07:00,LAX,BOS,JetBlue Airways,B6,Airbus A319-321,23100,2606,coach
4813a50818f19a29ebd9c80bb8312e0a,2022-04-16,2022-04-17,BOS,LAX,VAA0PFEN,PT6H27M,0,False,False,True,315.35,353.60,9,2606,1650189300,2022-04-17T05:55:00.000-04:00,1650212520,2022-04-17T09:22:00.000-07:00,LAX,BOS,United,UA,Boeing 737 MAX 9,23220,2606,coach
4ae2a3e4dd849f46caf38b523d49f22e,2022-04-16,2022-04-17,BOS,LAX,VH0ABEL1,PT6H28M,0,False,False,True,315.35,353.60,7,2606,1650237540,2022-04-17T19:19:00.000-04:00,1650260820,2022-04-17T22:47:00.000-07:00,LAX,BOS,JetBlue Airways,B6,Airbus A319-321,23280,2606,coach
5a618be679cd5254e4263949d12be3d7,2022-04-16,2022-04-17,BOS,LAX,L0AZZNN1,PT6H35M,0,False,False,True,315.35,353.60,2,2606,1650232800,2022-04-17T18:00:00.000-04:00,1650256500,2022-04-17T21:35:00.000-07:00,LAX,BOS,American Airlines,AA,AIRBUS INDUSTRIE A321 SHARKLETS,23700,2606,coach
98018d5dbaca94f695d0b98ccbe3b68a,2022-04-16,2022-04-17,BOS,LAX,Q0AZZNN1,PT6H35M,0,False,False,True,315.35,353.60,2,2606,1650232800,2022-04-17T18:00:00.000-04:00,1650256500,2022-04-17T21:35:00.000-07:00,LAX,BOS,JetBlue Airways,B6,AIRBUS INDUSTRIE A321 SHARKLETS,23700,2606,coach
164b4d655009c9919ac8c06d462b10d8,2022-04-16,2022-04-17,BOS,LAX,L0AZZNN1,PT7H59M,0,False,False,False,315.35,362.60,2,2666,1650227700||1650251160,2022-04-17T16:35:00.000-04:00||2022-04-17T20:06:00.000-07:00,1650249000||1650256440,2022-04-17T19:30:00.000-07:00||2022-04-17T21:34:00.000-07:00,PHX||LAX,BOS||PHX,American Airlines||American Airlines,AA||AA,||Airbus A320,21300||5280,2296||370,coach||coach
64c5d83ac0b67f5e21d9b06a6bbe4d2a,2022-04-16,2022-04-17,BOS,LAX,L0AZZNN1,PT8H18M,0,False,False,False,315.35,362.60,4,2607,1650231180||1650244800,2022-04-17T17:33:00.000-04:00||2022-04-17T20:20:00.000-05:00,1650241980||1650261060,2022-04-17T19:33:00.000-05:00||2022-04-17T22:51:00.000-07:00,ORD||LAX,BOS||ORD,American Airlines||American Airlines,AA||AA,Embraer 175||Boeing 737-800,10800||16260,862||1745,coach||coach
0bb7ceab1a05552528f33c5546929dee,2022-04-16,2022-04-17,BOS,LAX,L0AZZNN1,PT8H28M,0,False,False,False,315.35,362.60,3,2607,1650223800||1650238320,2022-04-17T15:30:00.000-04:00||2022-04-17T18:32:00.000-05:00,1650234180||1650254280,2022-04-17T17:23:00.000-05:00||2022-04-17T20:58:00.000-07:00,ORD||LAX,BOS||ORD,American Airlines||American Airlines,AA||AA,Embraer 175||Boeing 737-800,10380||15960,862||1745,coach||coach
7177baf0926c8685a031760988047ed4,2022-04-16,2022-04-17,BOS,LAX,L0AZZNN1,PT8H32M,0,False,False,False,315.35,362.60,2,2607,1650205320||1650219900,2022-04-17T10:22:00.000-04:00||2022-04-17T13:25:00.000-05:00,1650216060||1650236040,2022-04-17T12:21:00.000-05:00||2022-04-17T15:54:00.000-07:00,ORD||LAX,BOS||ORD,American Airlines||American Airlines,AA||AA,Airbus A319||Boeing 737-800,10740||16140,862||1745,coach||coach
f595a0a4d86a1403ccd21d85163bbac8,2022-04-16,2022-04-17,BOS,LAX,KA0NA0MQ,PT9H1M,0,False,False,False,315.35,362.60,6,2690,1650231900||1650257220,2022-04-17T17:45:00.000-04:00||2022-04-17T22:47:00.000-06:00,1650251820||1650264360,2022-04-17T21:17:00.000-06:00||2022-04-17T23:46:00.000-07:00,SLC||LAX,BOS||SLC,Delta||Delta,DL||DL,Boeing 737-800||Boeing 737-900,19920||7140,2100||590,coach||coach
678145386c4af62fd92221f9bfc50a4e,2022-04-16,2022-04-17,BOS,LAX,KA0NA0MQ,PT9H30M,0,False,False,False,315.35,362.60,5,2690,1650189900||1650216840,2022-04-17T06:05:00.000-04:00||2022-04-17T11:34:00.000-06:00,1650209700||1650224100,2022-04-17T09:35:00.000-06:00||2022-04-17T12:35:00.000-07:00,SLC||LAX,BOS||SLC,Delta||Delta,DL||DL,Boeing 737-900||Boeing 737-900,19800||7260,2100||590,coach||coach
5cbc64aa3e88ebd5d1bfa295242c871a,2022-04-16,2022-04-17,BOS,LAX,L0AZZNN1,PT9H45M,0,False,False,False,315.35,362.60,4,2607,1650200940||1650219900,2022-04-17T09:09:00.000-04:00||2022-04-17T13:25:00.000-05:00,1650211740||1650236040,2022-04-17T11:09:00.000-05:00||2022-04-17T15:54:00.000-07:00,ORD||LAX,BOS||ORD,American Airlines||American Airlines,AA||AA,Boeing 737-800||Boeing 737-800,10800||16140,862||1745,coach||coach
12f2c5df7638617ea53f4cd425da3ef6,2022-04-16,2022-04-17,BOS,LAX,L0AZZNN1,PT10H21M,0,False,False,False,315.35,362.60,3,2607,1650223800||1650244800,2022-04-17T15:30:00.000-04:00||2022-04-17T20:20:00.000-05:00,1650234180||1650261060,2022-04-17T17:23:00.000-05:00||2022-04-17T22:51:00.000-07:00,ORD||LAX,BOS||ORD,American Airlines||American Airlines,AA||AA,Embraer 175||Boeing 737-800,10380||16260,862||1745,coach||coach
67a10a16168c3233ce9decc2c4aa9458,2022-04-16,2022-04-17,BOS,LAX,L0AZZNN1,PT10H30M,0,False,False,False,315.35,362.60,2,2607,1650205320||1650227400,2022-04-17T10:22:00.000-04:00||2022-04-17T15:30:00.000-05:00,1650216060||1650243120,2022-04-17T12:21:00.000-05:00||2022-04-17T17:52:00.000-07:00,ORD||LAX,BOS||ORD,American Airlines||American Airlines,AA||AA,Airbus A319||Boeing 737-800,10740||15720,862||1745,coach||coach
60edba67a618fac1d6e52eb175c4a951,2022-04-16,2022-04-17,BOS,LAX,L0AZZNN1,PT10H50M,0,False,False,False,315.35,362.60,1,2627,1650214800||1650237120,2022-04-17T13:00:00.000-04:00||2022-04-17T19:12:00.000-04:00,1650224400||1650253800,2022-04-17T15:40:00.000-04:00||2022-04-17T20:50:00.000-07:00,IND||LAX,BOS||IND,American Airlines||American Airlines,AA||AA,Embraer 175||Airbus A319,9600||16680,816||1811,coach||coach
dae979477a0276700aaf976ff09a5b64,2022-04-16,2022-04-17,BOS,LAX,L0AZZNN1,PT8H40M,0,False,False,False,339.53,388.60,1,2771,1650190920||1650210300,2022-04-17T06:22:00.000-04:00||2022-04-17T10:45:00.000-05:00,1650207000||1650222120,2022-04-17T09:50:00.000-05:00||2022-04-17T12:02:00.000-07:00,DFW||ONT,BOS||DFW,American Airlines||American Airlines,AA||AA,Boeing 737-800||Airbus A321,16080||11820,1556||1215,coach||coach
7e364b34fd4d25101b3cb4904a21c92d,2022-04-16,2022-04-17,BOS,LAX,H0AJZNN1,PT6H29M,0,False,False,True,352.56,393.60,1,2606,1650238500,2022-04-17T19:35:00.000-04:00,1650261840,2022-04-17T23:04:00.000-07:00,LAX,BOS,JetBlue Airways,B6,AIRBUS INDUSTRIE A321 SHARKLETS,23340,2606,coach
755c0fb7d6c3009a42613176b26529dc,2022-04-16,2022-04-17,BOS,LAX,M0AJZNN1,PT6H29M,0,False,False,True,352.56,393.60,1,2606,1650238500,2022-04-17T19:35:00.000-04:00,1650261840,2022-04-17T23:04:00.000-07:00,LAX,BOS,American Airlines,AA,AIRBUS INDUSTRIE A321 SHARKLETS,23340,2606,coach
a4aaed0a8d2b6a59b2fbc0b4fb3b9567,2022-04-16,2022-04-17,BOS,LAX,M0AJZNN1,PT8H31M,0,False,False,False,352.56,402.60,1,2607,1650212460||1650227400,2022-04-17T12:21:00.000-04:00||2022-04-17T15:30:00.000-05:00,1650222420||1650243120,2022-04-17T14:07:00.000-05:00||2022-04-17T17:52:00.000-07:00,ORD||LAX,BOS||ORD,American Airlines||American Airlines,AA||AA,Embraer 175||Boeing 737-800,9960||15720,862||1745,coach||coach
10642c3445a72b5e5f4de15475b97d18,2022-04-16,2022-04-17,BOS,LAX,M0AJZNN1,PT8H47M,0,False,False,False,352.56,402.60,1,2607,1650218400||1650234000,2022-04-17T14:00:00.000-04:00||2022-04-17T17:20:00.000-05:00,1650228900||1650250020,2022-04-17T15:55:00.000-05:00||2022-04-17T19:47:00.000-07:00,ORD||LAX,BOS||ORD,American Airlines||American Airlines,AA||AA,Embraer 175||Boeing 737-800,10500||16020,862||1745,coach||coach
e2d13ee55fc701cd0c2754b4943df8d5,2022-04-16,2022-04-17,BOS,LAX,M0AJZNN1,PT10H26M,0,False,False,False,352.56,402.60,1,2607,1650212460||1650234000,2022-04-17T12:21:00.000-04:00||2022-04-17T17:20:00.000-05:00,1650222420||1650250020,2022-04-17T14:07:00.000-05:00||2022-04-17T19:47:00.000-07:00,ORD||LAX,BOS||ORD,American Airlines||American Airlines,AA||AA,Embraer 175||Boeing 737-800,9960||16020,862||1745,coach||coach
1bbf10da4474695cf853c15dc9f5175c,2022-04-16,2022-04-17,BOS,LAX,KH0ABEY5,PT6H18M,0,False,False,True,372.56,415.10,1,2606,1650189720,2022-04-17T06:02:00.000-04:00,1650212400,2022-04-17T09:20:00.000-07:00,LAX,BOS,American Airlines,AA,Airbus A321,22680,2606,coach
b07f71029dac5944783813c19e92ad67,2022-04-16,2022-04-17,BOS,LAX,KH0ABEY5,PT6H25M,0,False,False,True,372.56,415.10,1,2606,1650229200,2022-04-17T17:00:00.000-04:00,1650252300,2022-04-17T20:25:00.000-07:00,LAX,BOS,American Airlines,AA,Airbus A321,23100,2606,coach
e4a408c4fb03bb1ef6eb25071e869c0e,2022-04-16,2022-04-17,BOS,LAX,KH0ABEY5,PT6H28M,0,False,False,True,372.56,415.10,5,2606,1650237540,2022-04-17T19:19:00.000-04:00,1650260820,2022-04-17T22:47:00.000-07:00,LAX,BOS,American Airlines,AA,Airbus A321,23280,2606,coach
4742707d5d9c58d0870b2a8335964421,2022-04-16,2022-04-17,BOS,LAX,QA0OA0MQ,PT6H26M,0,False,False,True,385.12,428.60,2,2606,1650196740,2022-04-17T07:59:00.000-04:00,1650219900,2022-04-17T11:25:00.000-07:00,LAX,BOS,Delta,DL,Boeing 757-200,23160,2606,coach
4b8ee4e5f138184f016cc27a1f35573e,2022-04-16,2022-04-17,BOS,LAX,HA0NA0MC,PT10H5M,0,False,False,False,384.19,436.60,3,2866,1650214800||1650234120,2022-04-17T13:00:00.000-04:00||2022-04-17T18:22:00.000-04:00,1650225120||1650251100,2022-04-17T15:52:00.000-04:00||2022-04-17T20:05:00.000-07:00,ATL||ONT,BOS||ATL,Delta||Delta,DL||DL,Airbus A321||Airbus A321,10320||16980,947||1919,coach||coach
3fdd9ed705d11bb7a04c56ce6cacaa74,2022-04-16,2022-04-17,BOS,LAX,QA0OA0MQ,PT8H50M,0,False,False,False,385.12,437.60,2,2656,1650189600||1650207300,2022-04-17T06:00:00.000-04:00||2022-04-17T09:55:00.000-05:00,1650201720||1650221400,2022-04-17T08:22:00.000-05:00||2022-04-17T11:50:00.000-07:00,MSP||LAX,BOS||MSP,Delta||Delta,DL||DL,Airbus A321||Airbus A321,12120||14100,1122||1534,coach||coach
575a49b528ca28456141ffb204997cbc,2022-04-16,2022-04-17,BOS,LAX,K0DACAY,PT8H19M,0,False,False,False,412.09,466.60,9,2656,1650209400||1650224700,2022-04-17T11:30:00.000-04:00||2022-04-17T14:45:00.000-05:00,1650220680||1650239340,2022-04-17T13:38:00.000-05:00||2022-04-17T16:49:00.000-07:00,MSP||LAX,BOS||MSP,Sun Country Airlines||Sun Country Airlines,SY||SY,Boeing 737-800||Boeing 737-800,11280||14640,1122||1534,coach||coach
a046cada26f57e3e053db27f0ada8179,2022-04-16,2022-04-17,BOS,LAX,HA0QA0MQ,PT6H21M,0,False,False,True,450.23,498.60,1,2606,1650206040,2022-04-17T10:34:00.000-04:00,1650228900,2022-04-17T13:55:00.000-07:00,LAX,BOS,Delta,DL,Boeing 757-200,22860,2606,coach
fca67d09ebd14b33e2ec00fccacd2715,2022-04-16,2022-04-17,BOS,LAX,HA0QA0MQ,PT6H26M,0,False,False,True,450.23,498.60,4,2606,1650237600,2022-04-17T19:20:00.000-04:00,1650260760,2022-04-17T22:46:00.000-07:00,LAX,BOS,Delta,DL,Boeing 757-200,23160,2606,coach
068de0f220fef610b3cde22496eddd7a,2022-04-16,2022-04-17,BOS,LAX,HA0QA0MQ,PT8H19M,0,False,False,False,450.23,507.60,2,2656,1650220860||1650236520,2022-04-17T14:41:00.000-04:00||2022-04-17T18:02:00.000-05:00,1650232800||1650250800,2022-04-17T17:00:00.000-05:00||2022-04-17T20:00:00.000-07:00,MSP||LAX,BOS||MSP,Delta||Delta,DL||DL,Airbus A321||Boeing 757-200,11940||14280,1122||1534,coach||coach
f73935b21dda38ced97b92b7bcef6736,2022-04-16,2022-04-17,BOS,LAX,HA0QA0MQ,PT10H33M,0,False,False,False,450.23,507.60,1,2656,1650212820||1650236520,2022-04-17T12:27:00.000-04:00||2022-04-17T18:02:00.000-05:00,1650224640||1650250800,2022-04-17T14:44:00.000-05:00||2022-04-17T20:00:00.000-07:00,MSP||LAX,BOS||MSP,Delta||Delta,DL||DL,Airbus A320||Boeing 757-200,11820||14280,1122||1534,coach||coach
6d49d45e7d6228283207e0af27b6b35d,2022-04-16,2022-04-17,BOS,LAX,LH0OAVMN,PT15H27M,1,False,False,False,462.32,526.19,6,3037,1650236100||1650286800,2022-04-17T18:55:00.000-04:00||2022-04-18T06:00:00.000-07:00,1650260880||1650291720,2022-04-17T22:48:00.000-07:00||2022-04-18T07:22:00.000-07:00,SFO||LAX,BOS||SFO,Alaska Airlines||Delta,AS||DL,Boeing 737-900||Embraer 175 (Enhanced Winglets),24780||4920,2698||339,coach||coach
702f8e059e39621c0f740a41f89ab63b,2022-04-16,2022-04-17,BOS,LAX,LH0OAVMN,PT15H35M,1,False,False,False,462.32,526.19,7,3037,1650236100||1650286800,2022-04-17T18:55:00.000-04:00||2022-04-18T06:00:00.000-07:00,1650260880||1650292200,2022-04-17T22:48:00.000-07:00||2022-04-18T07:30:00.000-07:00,SFO||LAX,BOS||SFO,Alaska Airlines||Alaska Airlines,AS||AS,Boeing 737-900||Embraer 175,24780||5400,2698||339,coach||coach
0fa6f16e8c3067938e372375ee68b8e9,2022-04-16,2022-04-17,BOS,LAX,HA0OA0MQ,PT10H8M,0,False,False,False,480.00,539.60,1,2643,1650219000||1650232800,2022-04-17T14:10:00.000-04:00||2022-04-17T18:00:00.000-04:00,1650224100||1650255480,2022-04-17T15:35:00.000-04:00||2022-04-17T21:18:00.000-07:00,EWR||LAX,BOS||EWR,Delta||Alaska Airlines,DL||AS,Embraer 175||Boeing 737-900,5100||22680,185||2458,coach||coach
95590aa4e5765399150b3287bdc19541,2022-04-16,2022-04-17,BOS,LAX,HA0OA0MQ,PT12H34M,0,False,False,False,480.00,545.20,1,2643,1650219000||1650241740,2022-04-17T14:10:00.000-04:00||2022-04-17T20:29:00.000-04:00,1650224100||1650264240,2022-04-17T15:35:00.000-04:00||2022-04-17T23:44:00.000-07:00,EWR||LAX,BOS||EWR,Delta||Alaska Airlines,DL||AS,Embraer 175||Boeing 737-900,5100||22500,185||2458,coach||coach
f4fe8c61ae8edd218a521aa2a9aaa000,2022-04-16,2022-04-17,BOS,LAX,MA0OA0MQ,PT7H41M,0,False,False,False,524.65,587.60,2,2656,1650212820||1650226500,2022-04-17T12:27:00.000-04:00||2022-04-17T15:15:00.000-05:00,1650224640||1650240480,2022-04-17T14:44:00.000-05:00||2022-04-17T17:08:00.000-07:00,MSP||LAX,BOS||MSP,Delta||Delta,DL||DL,Airbus A320||Airbus A321,11820||13980,1122||1534,coach||coach
bebc1d53c5184d40aa5868019c65c631,2022-04-16,2022-04-17,BOS,LAX,MA0OA0MQ,PT9H14M,0,False,False,False,563.72,629.60,3,2643,1650231000||1650241740,2022-04-17T17:30:00.000-04:00||2022-04-17T20:29:00.000-04:00,1650236580||1650264240,2022-04-17T19:03:00.000-04:00||2022-04-17T23:44:00.000-07:00,EWR||LAX,BOS||EWR,Delta||Alaska Airlines,DL||AS,Embraer 175||Boeing 737-900,5580||22500,185||2458,coach||coach
12b26656a29a5b4d30ebc70544fc1d1e,2022-04-16,2022-04-17,BOS,LAX,Y0N,PT8H49M,0,False,False,False,881.86,971.60,1,2701,1650190500||1650201300,2022-04-17T06:15:00.000-04:00||2022-04-17T09:15:00.000-04:00,1650196980||1650222240,2022-04-17T08:03:00.000-04:00||2022-04-17T12:04:00.000-07:00,DCA||LAX,BOS||DCA,Delta||Alaska Airlines,DL||AS,Embraer 175||Boeing 737-800,6480||20940,406||2295,coach||coach
d547f66c28e9d9e7e09eb6e988ba2c5c,2022-04-16,2022-04-17,BOS,LAX,Y0N,PT6H21M,0,False,False,True,915.35,998.60,9,2606,1650223200,2022-04-17T15:20:00.000-04:00,1650246060,2022-04-17T18:41:00.000-07:00,LAX,BOS,Delta,DL,Boeing 757-200,22860,2606,coach
1be6c43f1c33ca26d311802fa9f476a0,2022-04-16,2022-04-17,BOS,LAX,I0ATZNJC,PT6H38M,0,False,False,True,983.26,1071.61,4,2606,1650190800,2022-04-17T06:20:00.000-04:00,1650214680,2022-04-17T09:58:00.000-07:00,LAX,BOS,American Airlines,AA,AIRBUS INDUSTRIE A321 SHARKLETS,23880,2606,business
804c18b7885d5c6f6ec7fc3c6a21da74,2022-04-16,2022-04-17,BOS,LAX,DH0ANE,PT6H23M,0,False,False,True,1024.19,1115.60,3,2606,1650205800,2022-04-17T10:30:00.000-04:00,1650228780,2022-04-17T13:53:00.000-07:00,LAX,BOS,JetBlue Airways,B6,Airbus A319-321,22980,2606,business
8632da7ae776337f7f5e1b4ea83e3866,2022-04-16,2022-04-17,BOS,LAX,RH0ANE,PT6H23M,0,False,False,True,1293.95,1405.60,3,2606,1650205800,2022-04-17T10:30:00.000-04:00,1650228780,2022-04-17T13:53:00.000-07:00,LAX,BOS,American Airlines,AA,Airbus A321,22980,2606,first
be7d525886bd35bb5db70a651bfc164b,2022-04-16,2022-04-17,BOS,LAX,A0ATZNFC,PT6H32M,0,False,False,True,2456.74,2655.60,2,2606,1650198300,2022-04-17T08:25:00.000-04:00,1650221820,2022-04-17T11:57:00.000-07:00,LAX,BOS,American Airlines,AA,AIRBUS INDUSTRIE A321 SHARKLETS,23520,2606,first
013eef54d9f045be7b5d522a6b79886d,2022-04-16,2022-04-17,LAX,BOS,H0DACAY,PT13H47M,1,False,False,False,202.78,247.19,9,2656,1650242700||1650282600,2022-04-17T17:45:00.000-07:00||2022-04-18T06:50:00.000-05:00,1650255300||1650292320,2022-04-17T23:15:00.000-05:00||2022-04-18T10:32:00.000-04:00,MSP||BOS,LAX||MSP,Sun Country Airlines||Sun Country Airlines,SY||SY,Boeing 737-800||Boeing 737-800,12600||9720,1534||1122,coach||coach
c8bb1d46f43bbb61361a617d456d360d,2022-04-16,2022-04-17,LAX,BOS,G0AZZNN1,PT6H58M,0,False,False,False,267.91,311.60,3,2643,1650202380||1650209640,2022-04-17T06:33:00.000-07:00||2022-04-17T08:34:00.000-07:00,1650207000||1650227460,2022-04-17T07:50:00.000-07:00||2022-04-17T16:31:00.000-04:00,PHX||BOS,ONT||PHX,American Airlines||American Airlines,AA||AA,Canadair Regional Jet 900||,4620||17820,347||2296,coach||coach
6b4ac449d0f31b38a361d7c2ed21d734,2022-04-16,2022-04-17,LAX,BOS,WAA0PFEN,PT7H12M,0,False,False,False,267.91,311.60,9,2590,1650227220||1650239040,2022-04-17T13:27:00.000-07:00||2022-04-17T17:44:00.000-06:00,1650235140||1650253140,2022-04-17T16:39:00.000-06:00||2022-04-17T23:39:00.000-04:00,DEN||BOS,ONT||DEN,United||United,UA||UA,Boeing 737-800||Boeing 737-800,7920||14100,827||1763,coach||coach
d5b666226e1234637146732c71b86119,2022-04-16,2022-04-17,LAX,BOS,G0AZZNN1,PT7H24M,0,False,False,False,267.91,311.60,5,2643,1650215760||1650224760,2022-04-17T10:16:00.000-07:00||2022-04-17T12:46:00.000-07:00,1650219900||1650242400,2022-04-17T11:25:00.000-07:00||2022-04-17T20:40:00.000-04:00,PHX||BOS,ONT||PHX,American Airlines||American Airlines,AA||AA,Airbus A319||Airbus A321,4140||17640,347||2296,coach||coach
e03ef400e118f879ca7541cb43d4fb23,2022-04-16,2022-04-17,LAX,BOS,LA0NA0BC,PT7H25M,1,True,False,False,267.91,311.60,9,2866,1650260100||1650277800,2022-04-17T22:35:00.000-07:00||2022-04-18T06:30:00.000-04:00,1650274440||1650286800,2022-04-18T05:34:00.000-04:00||2022-04-18T09:00:00.000-04:00,ATL||BOS,ONT||ATL,Delta||Delta,DL||DL,Airbus A321||Airbus A321,14340||9000,1919||947,coach||coach
30b14d4ced77347865c989cdd9a9f89c,2022-04-16,2022-04-17,LAX,BOS,G0AZZNN1,PT7H39M,0,False,False,False,267.91,311.60,1,2771,1650218460||1650232740,2022-04-17T11:01:00.000-07:00||2022-04-17T16:59:00.000-05:00,1650228900||1650246000,2022-04-17T15:55:00.000-05:00||2022-04-17T21:40:00.000-04:00,DFW||BOS,ONT||DFW,American Airlines||American Airlines,AA||AA,Airbus A321||Airbus A321,10440||13260,1215||1556,coach||coach
fc6c818b5bb0c6d2ca581305ee62f5ad,2022-04-16,2022-04-17,LAX,BOS,LA0NA0BC,PT7H39M,1,True,False,False,267.91,311.60,9,2674,1650228000||1650239160,2022-04-17T13:40:00.000-07:00||2022-04-17T17:46:00.000-06:00,1650234240||1650255540,2022-04-17T16:24:00.000-06:00||2022-04-18T00:19:00.000-04:00,SLC||BOS,ONT||SLC,Delta||Delta,DL||DL,Boeing 737-800||Boeing 737-900,6240||16380,574||2100,coach||coach
ca617a7ff23aad756644216fd4531275,2022-04-16,2022-04-17,LAX,BOS,G0AZZNN1,PT7H42M,0,False,False,False,267.91,311.60,3,2771,1650201840||1650216240,2022-04-17T06:24:00.000-07:00||2022-04-17T12:24:00.000-05:00,1650212400||1650229560,2022-04-17T11:20:00.000-05:00||2022-04-17T17:06:00.000-04:00,DFW||BOS,ONT||DFW,American Airlines||American Airlines,AA||AA,Airbus A321||Airbus A321,10560||13320,1215||1556,coach||coach
e284008e94b3daea69d373ee8177bce4,2022-04-16,2022-04-17,LAX,BOS,G0AZZNN1,PT7H54M,0,False,False,False,267.91,311.60,5,2771,1650225420||1650240600,2022-04-17T12:57:00.000-07:00||2022-04-17T19:10:00.000-05:00,1650235800||1650253860,2022-04-17T17:50:00.000-05:00||2022-04-17T23:51:00.000-04:00,DFW||BOS,ONT||DFW,American Airlines||American Airlines,AA||AA,Airbus A321||Boeing 737-800,10380||13260,1215||1556,coach||coach
0f23b220e8efeb4722b684360e31159f,2022-04-16,2022-04-17,LAX,BOS,LA0NA0BC,PT7H55M,0,True,False,False,267.91,311.60,9,2674,1650199500||1650211020,2022-04-17T05:45:00.000-07:00||2022-04-17T09:57:00.000-06:00,1650206040||1650228000,2022-04-17T08:34:00.000-06:00||2022-04-17T16:40:00.000-04:00,SLC||BOS,ONT||SLC,Delta||Delta,DL||DL,Boeing 737-800||Boeing 737-800,6540||16980,574||2100,coach||coach
ddbe0c442ac0d6407043c5adf04827d5,2022-04-16,2022-04-17,LAX,BOS,WAA0PFEN,PT8H13M,0,False,False,False,267.91,311.60,7,3049,1650200400||1650209100,2022-04-17T06:00:00.000-07:00||2022-04-17T08:25:00.000-07:00,1650205500||1650229980,2022-04-17T07:25:00.000-07:00||2022-04-17T17:13:00.000-04:00,SFO||BOS,ONT||SFO,United||United,UA||UA,Airbus A320||Boeing 737 MAX 9,5100||20880,351||2698,coach||coach
a826ddabc2a66cc9b25b53cfce8f9fd4,2022-04-16,2022-04-17,LAX,BOS,WAA0PFEN,PT8H32M,0,False,False,False,267.91,311.60,1,3049,1650217620||1650227100,2022-04-17T10:47:00.000-07:00||2022-04-17T13:25:00.000-07:00,1650223200||1650248340,2022-04-17T12:20:00.000-07:00||2022-04-17T22:19:00.000-04:00,SFO||BOS,ONT||SFO,United||United,UA||UA,Canadair Regional Jet||Boeing 737 MAX 9,5580||21240,351||2698,coach||coach
b7052aadec598a71ee2e90800a0389da,2022-04-16,2022-04-17,LAX,BOS,G0AZZNN1,PT8H52M,0,False,False,False,267.91,311.60,7,2643,1650222000||1650236400,2022-04-17T12:00:00.000-07:00||2022-04-17T16:00:00.000-07:00,1650226140||1650253920,2022-04-17T13:09:00.000-07:00||2022-04-17T23:52:00.000-04:00,PHX||BOS,ONT||PHX,American Airlines||American Airlines,AA||AA,Airbus A319||,4140||17520,347||2296,coach||coach
135808267f4d988fd4605c654b622670,2022-04-16,2022-04-17,LAX,BOS,LA0NA0BC,PT9H15M,1,True,False,False,267.91,311.60,9,2866,1650260100||1650284400,2022-04-17T22:35:00.000-07:00||2022-04-18T08:20:00.000-04:00,1650274440||1650293400,2022-04-18T05:34:00.000-04:00||2022-04-18T10:50:00.000-04:00,ATL||BOS,ONT||ATL,Delta||Delta,DL||DL,Airbus A321||Airbus A321,14340||9000,1919||947,coach||coach
a1ef68c0597d7def92291a9159528e3a,2022-04-16,2022-04-17,LAX,BOS,WAA0PFEN,PT9H50M,1,False,False,False,267.91,311.60,6,2962,1650264600||1650286500,2022-04-17T23:50:00.000-07:00||2022-04-18T07:55:00.000-05:00,1650275580||1650300000,2022-04-18T04:53:00.000-05:00||2022-04-18T12:40:00.000-04:00,IAH||BOS,ONT||IAH,United||United,UA||UA,Airbus A320||Boeing 737-800,10980||13500,1360||1602,coach||coach
ccb3a20ac7bf94b969cb8a1fcd9e6677,2022-04-16,2022-04-17,LAX,BOS,VAA0PFEN,PT5H29M,0,False,False,True,315.35,353.60,9,2606,1650208500,2022-04-17T08:15:00.000-07:00,1650228240,2022-04-17T16:44:00.000-04:00,BOS,LAX,United,UA,Boeing 737-800,19740,2606,coach
b75955b1d36c5d988cdccc012293605d,2022-04-16,2022-04-17,LAX,BOS,VAA0PFEN,PT5H29M,1,False,False,True,315.35,353.60,9,2606,1650261060,2022-04-17T22:51:00.000-07:00,1650280800,2022-04-18T07:20:00.000-04:00,BOS,LAX,United,UA,Boeing 737 MAX 9,19740,2606,coach
28b54fe6eea6cbc010359ca08abcf796,2022-04-16,2022-04-17,LAX,BOS,L0AZZNN1,PT5H30M,0,False,False,True,315.35,353.60,7,2606,1650232800,2022-04-17T15:00:00.000-07:00,1650252600,2022-04-17T23:30:00.000-04:00,BOS,LAX,American Airlines,AA,AIRBUS INDUSTRIE A321 SHARKLETS,19800,2606,coach
e2e190111a1480670003c06b241bdf7a,2022-04-16,2022-04-17,LAX,BOS,KA0NA0MQ,PT5H30M,1,False,False,True,315.35,353.60,9,2606,1650256500,2022-04-17T21:35:00.000-07:00,1650276300,2022-04-18T06:05:00.000-04:00,BOS,LAX,Delta,DL,Boeing 757-200,19800,2606,coach
b76f079c6bd3d67bb4f204c936fc74c4,2022-04-16,2022-04-17,LAX,BOS,KA0NA0MQ,PT5H30M,0,False,False,True,315.35,353.60,9,2606,1650233100,2022-04-17T15:05:00.000-07:00,1650252900,2022-04-17T23:35:00.000-04:00,BOS,LAX,Delta,DL,Boeing 757-200,19800,2606,coach
01178baceac524a5846cdaaf46d78ad4,2022-04-16,2022-04-17,LAX,BOS,Q0AZZNN1,PT5H30M,0,False,False,True,315.35,353.60,7,2606,1650232800,2022-04-17T15:00:00.000-07:00,1650252600,2022-04-17T23:30:00.000-04:00,BOS,LAX,JetBlue Airways,B6,AIRBUS INDUSTRIE A321 SHARKLETS,19800,2606,coach
72e200297fc849abe48cb31723817d6e,2022-04-16,2022-04-17,LAX,BOS,L0AZZNN1,PT5H31M,1,False,False,True,315.35,353.60,7,2606,1650259800,2022-04-17T22:30:00.000-07:00,1650279660,2022-04-18T07:01:00.000-04:00,BOS,LAX,American Airlines,AA,AIRBUS INDUSTRIE A321 SHARKLETS,19860,2606,coach
1ae2dcd4c9f5bf83c957f65d40bb9bcc,2022-04-16,2022-04-17,LAX,BOS,VH0ABEL1,PT5H31M,0,False,False,True,315.35,353.60,7,2606,1650199500,2022-04-17T05:45:00.000-07:00,1650219360,2022-04-17T14:16:00.000-04:00,BOS,LAX,JetBlue Airways,B6,Airbus A319-321,19860,2606,coach
a6b29aa1d48d877d11e86164bee295ad,2022-04-16,2022-04-17,LAX,BOS,Q0AZZNN1,PT5H31M,1,False,False,True,315.35,353.60,7,2606,1650259800,2022-04-17T22:30:00.000-07:00,1650279660,2022-04-18T07:01:00.000-04:00,BOS,LAX,JetBlue Airways,B6,AIRBUS INDUSTRIE A321 SHARKLETS,19860,2606,coach
86e364c35f43b284008306e1ebd36ba7,2022-04-16,2022-04-17,LAX,BOS,KA0NA0MQ,PT5H32M,0,False,False,True,315.35,353.60,2,2606,1650206700,2022-04-17T07:45:00.000-07:00,1650226620,2022-04-17T16:17:00.000-04:00,BOS,LAX,Delta,DL,Boeing 757-200,19920,2606,coach
5bf0ca645f29cd8f722bc1ea100bc66a,2022-04-16,2022-04-17,LAX,BOS,VH0ABEL1,PT5H33M,1,False,False,True,315.35,353.60,7,2606,1650258900,2022-04-17T22:15:00.000-07:00,1650278880,2022-04-18T06:48:00.000-04:00,BOS,LAX,JetBlue Airways,B6,Airbus A319-321,19980,2606,coach
686790e4657a1bbe5d3c5ebd8ebdb03b,2022-04-16,2022-04-17,LAX,BOS,Q0AZZNN1,PT5H35M,0,False,False,True,315.35,353.60,7,2606,1650209400,2022-04-17T08:30:00.000-07:00,1650229500,2022-04-17T17:05:00.000-04:00,BOS,LAX,JetBlue Airways,B6,AIRBUS INDUSTRIE A321 SHARKLETS,20100,2606,coach
29d739836a4d7721b86cf8c6d2a1a2a3,2022-04-16,2022-04-17,LAX,BOS,L0AZZNN1,PT5H35M,0,False,False,True,315.35,353.60,7,2606,1650209400,2022-04-17T08:30:00.000-07:00,1650229500,2022-04-17T17:05:00.000-04:00,BOS,LAX,American Airlines,AA,AIRBUS INDUSTRIE A321 SHARKLETS,20100,2606,coach
6f9a5d202dc4f4f06b67dcb6d53c2225,2022-04-16,2022-04-17,LAX,BOS,VH0ABEL1,PT5H36M,0,False,False,True,315.35,353.60,7,2606,1650233100,2022-04-17T15:05:00.000-07:00,1650253260,2022-04-17T23:41:00.000-04:00,BOS,LAX,JetBlue Airways,B6,Airbus A319-321,20160,2606,coach
40a7ccf998ee572b1df0fe0b8ad11468,2022-04-16,2022-04-17,LAX,BOS,KA0NA0MQ,PT5H38M,0,False,False,True,315.35,353.60,8,2606,1650224400,2022-04-17T12:40:00.000-07:00,1650244680,2022-04-17T21:18:00.000-04:00,BOS,LAX,Delta,DL,Boeing 757-200,20280,2606,coach
12b320fe67eab6bb9a558f8f335df13c,2022-04-16,2022-04-17,LAX,BOS,VH0ABEL1,PT5H38M,0,False,False,True,315.35,353.60,7,2606,1650228960,2022-04-17T13:56:00.000-07:00,1650249240,2022-04-17T22:34:00.000-04:00,BOS,LAX,JetBlue Airways,B6,Airbus A319-321,20280,2606,coach
018e9aaa8951d87e87c38bed3dea63e2,2022-04-16,2022-04-17,LAX,BOS,L0AZZNN1,PT7H42M,0,False,False,False,315.35,361.10,4,2849,1650221400||1650241500,2022-04-17T11:50:00.000-07:00||2022-04-17T20:25:00.000-04:00,1650238320||1650249120,2022-04-17T19:32:00.000-04:00||2022-04-17T22:32:00.000-04:00,CLT||BOS,LAX||CLT,American Airlines||American Airlines,AA||AA,Airbus A321||Airbus A321,16920||7620,2121||728,coach||coach
c1a6fb77034f5ddedb1595f7bb7565f5,2022-04-16,2022-04-17,LAX,BOS,L0AZZNN1,PT7H59M,0,False,False,False,315.35,361.10,4,2849,1650200700||1650221700,2022-04-17T06:05:00.000-07:00||2022-04-17T14:55:00.000-04:00,1650217920||1650229440,2022-04-17T13:52:00.000-04:00||2022-04-17T17:04:00.000-04:00,CLT||BOS,LAX||CLT,American Airlines||American Airlines,AA||AA,Airbus A321||Airbus A320,17220||7740,2121||728,coach||coach
a41bd5b9ad277fa81762f2a30537ca8a,2022-04-16,2022-04-17,LAX,BOS,L0AZZNN1,PT7H6M,0,False,False,False,315.35,362.60,7,2666,1650201900||1650209640,2022-04-17T06:25:00.000-07:00||2022-04-17T08:34:00.000-07:00,1650207060||1650227460,2022-04-17T07:51:00.000-07:00||2022-04-17T16:31:00.000-04:00,PHX||BOS,LAX||PHX,American Airlines||American Airlines,AA||AA,Airbus A320||,5160||17820,370||2296,coach||coach
14c5cde5ddc49bab802d8fcf1a04dce2,2022-04-16,2022-04-17,LAX,BOS,KA0NA0MQ,PT7H15M,1,False,False,False,315.35,362.60,7,2607,1650262140||1650281400,2022-04-17T23:09:00.000-07:00||2022-04-18T07:30:00.000-04:00,1650277800||1650288240,2022-04-18T06:30:00.000-04:00||2022-04-18T09:24:00.000-04:00,DTW||BOS,LAX||DTW,Delta||Delta,DL||DL,Airbus A321||Boeing 737-900,15660||6840,1985||622,coach||coach
bbde0d96a628dab17f1149a9e3eb5028,2022-04-16,2022-04-17,LAX,BOS,VAA0PFEN,PT7H19M,1,False,False,False,315.35,362.60,9,2611,1650247020||1650259200,2022-04-17T18:57:00.000-07:00||2022-04-17T23:20:00.000-06:00,1650255360||1650273360,2022-04-17T22:16:00.000-06:00||2022-04-18T05:16:00.000-04:00,DEN||BOS,LAX||DEN,United||United,UA||UA,Boeing 737 MAX 9||Boeing 737-800,8340||14160,848||1763,coach||coach
210d36c1b7080abbe301bdbf303f6645,2022-04-16,2022-04-17,LAX,BOS,KA0NA0MQ,PT7H20M,1,False,False,False,315.35,362.60,4,2690,1650251700||1650261540,2022-04-17T20:15:00.000-07:00||2022-04-17T23:59:00.000-06:00,1650258480||1650278100,2022-04-17T23:08:00.000-06:00||2022-04-18T06:35:00.000-04:00,SLC||BOS,LAX||SLC,Delta||Delta,DL||DL,Embraer 175 (Enhanced Winglets)||Boeing 737-900,6780||16560,590||2100,coach||coach
d045847a663eb946b383db34a3e38920,2022-04-16,2022-04-17,LAX,BOS,VAA0PFEN,PT7H23M,0,False,False,False,315.35,362.60,2,2643,1650208500||1650230040,2022-04-17T08:15:00.000-07:00||2022-04-17T17:14:00.000-04:00,1650226980||1650235080,2022-04-17T16:23:00.000-04:00||2022-04-17T18:38:00.000-04:00,EWR||BOS,LAX||EWR,United||United,UA||UA,||Embraer 175 (Enhanced Winglets),18480||5040,2458||185,coach||coach
a7bf36e63a5aae5dc6df64948e4edad5,2022-04-16,2022-04-17,LAX,BOS,L0AZZNN1,PT7H24M,0,False,False,False,315.35,362.60,2,2607,1650214800||1650233100,2022-04-17T10:00:00.000-07:00||2022-04-17T17:05:00.000-05:00,1650229620||1650241440,2022-04-17T16:07:00.000-05:00||2022-04-17T20:24:00.000-04:00,ORD||BOS,LAX||ORD,American Airlines||American Airlines,AA||AA,Boeing 737-800||Boeing 737-800,14820||8340,1745||862,coach||coach
a5de7d055fe75c6a4d192f6cb77e6541,2022-04-16,2022-04-17,LAX,BOS,KA0NA0MQ,PT7H26M,1,False,False,False,315.35,362.60,2,2607,1650230700||1650250740,2022-04-17T14:25:00.000-07:00||2022-04-17T22:59:00.000-04:00,1650246420||1650257460,2022-04-17T21:47:00.000-04:00||2022-04-18T00:51:00.000-04:00,DTW||BOS,LAX||DTW,Delta||Delta,DL||DL,Airbus A321||Airbus A321,15720||6720,1985||622,coach||coach
7de7706259aa6130e3d2fa857ebe1a97,2022-04-16,2022-04-17,LAX,BOS,KA0NA0MQ,PT7H31M,0,False,False,False,315.35,362.60,4,2890,1650200400||1650218340,2022-04-17T06:00:00.000-07:00||2022-04-17T13:59:00.000-04:00,1650215280||1650227460,2022-04-17T13:08:00.000-04:00||2022-04-17T16:31:00.000-04:00,ATL||BOS,LAX||ATL,Delta||Delta,DL||DL,Airbus A321||Airbus A321,14880||9120,1943||947,coach||coach
53d6e6b6df9737881494290dc969904b,2022-04-16,2022-04-17,LAX,BOS,KA0NA0MQ,PT7H32M,0,False,False,False,315.35,362.60,5,2656,1650201900||1650218700,2022-04-17T06:25:00.000-07:00||2022-04-17T13:05:00.000-05:00,1650214680||1650229020,2022-04-17T11:58:00.000-05:00||2022-04-17T16:57:00.000-04:00,MSP||BOS,LAX||MSP,Delta||Delta,DL||DL,Boeing 757||Airbus A321,12780||10320,1534||1122,coach||coach
adcf95406cb9695e7274b557c5125f49,2022-04-16,2022-04-17,LAX,BOS,KA0NA0MQ,PT7H32M,0,False,False,False,315.35,362.60,8,2607,1650199140||1650219300,2022-04-17T05:39:00.000-07:00||2022-04-17T14:15:00.000-04:00,1650215100||1650226260,2022-04-17T13:05:00.000-04:00||2022-04-17T16:11:00.000-04:00,DTW||BOS,LAX||DTW,Delta||Delta,DL||DL,Airbus A321||Airbus A321,15960||6960,1985||622,coach||coach
7dae38a1db3b04e6027abb3008caa7e4,2022-04-16,2022-04-17,LAX,BOS,KA0NA0MQ,PT7H34M,1,False,False,False,315.35,362.60,9,2690,1650228300||1650239160,2022-04-17T13:45:00.000-07:00||2022-04-17T17:46:00.000-06:00,1650234900||1650255540,2022-04-17T16:35:00.000-06:00||2022-04-18T00:19:00.000-04:00,SLC||BOS,LAX||SLC,Delta||Delta,DL||DL,Boeing 737-900||Boeing 737-900,6600||16380,590||2100,coach||coach
e2036b8e08ea3e794211cd3858819d28,2022-04-16,2022-04-17,LAX,BOS,L0AZZNN1,PT7H34M,0,False,False,False,315.35,362.60,3,2677,1650201600||1650223800,2022-04-17T06:20:00.000-07:00||2022-04-17T15:30:00.000-04:00,1650220260||1650228840,2022-04-17T14:31:00.000-04:00||2022-04-17T16:54:00.000-04:00,PHL||BOS,LAX||PHL,American Airlines||American Airlines,AA||AA,||Airbus A319,18660||5040,2397||280,coach||coach
b53e3da064f880a5c58dd278eeaad3d5,2022-04-16,2022-04-17,LAX,BOS,VAA0PFEN,PT7H35M,0,False,False,False,315.35,362.60,7,2607,1650203100||1650222000,2022-04-17T06:45:00.000-07:00||2022-04-17T14:00:00.000-05:00,1650217740||1650230400,2022-04-17T12:49:00.000-05:00||2022-04-17T17:20:00.000-04:00,ORD||BOS,LAX||ORD,United||United,UA||UA,Boeing 757-300||Boeing 737-900,14640||8400,1745||862,coach||coach
e844fbf41163cb37ffcc190255fc78bf,2022-04-16,2022-04-17,LAX,BOS,VAA0PFEN,PT7H35M,0,False,False,False,315.35,362.60,9,2643,1650201300||1650224160,2022-04-17T06:15:00.000-07:00||2022-04-17T15:36:00.000-04:00,1650220380||1650228600,2022-04-17T14:33:00.000-04:00||2022-04-17T16:50:00.000-04:00,EWR||BOS,LAX||EWR,United||United,UA||UA,Boeing 757-200||Airbus A319,19080||4440,2458||185,coach||coach
786c72b4d6b077a267f329a596957968,2022-04-16,2022-04-17,LAX,BOS,L0AZZNN1,PT7H37M,0,False,False,False,315.35,362.60,7,2607,1650201000||1650219900,2022-04-17T06:10:00.000-07:00||2022-04-17T13:25:00.000-05:00,1650215820||1650228420,2022-04-17T12:17:00.000-05:00||2022-04-17T16:47:00.000-04:00,ORD||BOS,LAX||ORD,American Airlines||American Airlines,AA||AA,Boeing 737-800||Embraer 175,14820||8520,1745||862,coach||coach
9584684d398fbb50302173a91a7e32c5,2022-04-16,2022-04-17,LAX,BOS,KA0NA0MQ,PT7H40M,1,False,False,False,315.35,362.60,3,2890,1650259200||1650277800,2022-04-17T22:20:00.000-07:00||2022-04-18T06:30:00.000-04:00,1650274140||1650286800,2022-04-18T05:29:00.000-04:00||2022-04-18T09:00:00.000-04:00,ATL||BOS,LAX||ATL,Delta||Delta,DL||DL,Boeing 757-300||Airbus A321,14940||9000,1943||947,coach||coach
7e238ce840ca366d36aecd9d5c734b9c,2022-04-16,2022-04-17,LAX,BOS,L0AZZNN1,PT7H41M,0,False,False,False,315.35,362.60,7,2666,1650214740||1650224760,2022-04-17T09:59:00.000-07:00||2022-04-17T12:46:00.000-07:00,1650219780||1650242400,2022-04-17T11:23:00.000-07:00||2022-04-17T20:40:00.000-04:00,PHX||BOS,LAX||PHX,American Airlines||American Airlines,AA||AA,Airbus A319||Airbus A321,5040||17640,370||2296,coach||coach
3fa6d0139940753e1598ef253262c152,2022-04-16,2022-04-17,LAX,BOS,L0AZZNN1,PT7H42M,0,False,False,False,315.35,362.60,4,2643,1650222000||1650245340,2022-04-17T12:00:00.000-07:00||2022-04-17T21:29:00.000-04:00,1650241800||1650249720,2022-04-17T20:30:00.000-04:00||2022-04-17T22:42:00.000-04:00,JFK||BOS,LAX||JFK,American Airlines||American Airlines,AA||AA,AIRBUS INDUSTRIE A321 SHARKLETS||AIRBUS INDUSTRIE A321 SHARKLETS,19800||4380,2458||185,coach||coach
1107be1264573c1567ac9184f2c02f31,2022-04-16,2022-04-17,LAX,BOS,VAA0PFEN,PT7H44M,0,False,False,False,315.35,362.60,6,2611,1650196800||1650210600,2022-04-17T05:00:00.000-07:00||2022-04-17T09:50:00.000-06:00,1650205380||1650224640,2022-04-17T08:23:00.000-06:00||2022-04-17T15:44:00.000-04:00,DEN||BOS,LAX||DEN,United||United,UA||UA,Boeing 757-300||Boeing 737 MAX 9,8580||14040,848||1763,coach||coach
0459bf31e731190daeab4b118b92caa9,2022-04-16,2022-04-17,LAX,BOS,L0AZZNN1,PT7H44M,0,False,False,False,315.35,362.60,1,2607,1650226500||1650245700,2022-04-17T13:15:00.000-07:00||2022-04-17T20:35:00.000-05:00,1650241200||1650254340,2022-04-17T19:20:00.000-05:00||2022-04-17T23:59:00.000-04:00,ORD||BOS,LAX||ORD,American Airlines||American Airlines,AA||AA,Boeing 737-800||Boeing 737-800,14700||8640,1745||862,coach||coach
fdece4fb1d6e10a0cc528a09773cea6a,2022-04-16,2022-04-17,LAX,BOS,KA0NA0MQ,PT7H45M,0,False,False,False,315.35,362.60,8,2690,1650200100||1650211020,2022-04-17T05:55:00.000-07:00||2022-04-17T09:57:00.000-06:00,1650207120||1650228000,2022-04-17T08:52:00.000-06:00||2022-04-17T16:40:00.000-04:00,SLC||BOS,LAX||SLC,Delta||Delta,DL||DL,Boeing 737-900||Boeing 737-800,7020||16980,590||2100,coach||coach
48bac8f4049c7d28919169525ce264c5,2022-04-16,2022-04-17,LAX,BOS,KA0NA0MQ,PT7H46M,1,False,False,False,315.35,362.60,9,2647,1650258000||1650277800,2022-04-17T22:00:00.000-07:00||2022-04-18T06:30:00.000-04:00,1650272760||1650285960,2022-04-18T05:06:00.000-04:00||2022-04-18T08:46:00.000-04:00,CVG||BOS,LAX||CVG,Delta||Delta,DL||DL,Boeing 737-900||Airbus A220-100,14760||8160,1896||751,coach||coach
cbc58ba68ef21363bd6e3e31aa333f2a,2022-04-16,2022-04-17,LAX,BOS,VAA0PFEN,PT7H48M,0,False,False,False,315.35,362.60,9,2611,1650225060||1650239040,2022-04-17T12:51:00.000-07:00||2022-04-17T17:44:00.000-06:00,1650233460||1650253140,2022-04-17T16:11:00.000-06:00||2022-04-17T23:39:00.000-04:00,DEN||BOS,LAX||DEN,United||United,UA||UA,Boeing 737-900||Boeing 737-800,8400||14100,848||1763,coach||coach
71ade0b24e08ca4edc85efa692e2c740,2022-04-16,2022-04-17,LAX,BOS,L0AZZNN1,PT7H49M,0,False,False,False,315.35,362.60,3,2794,1650217860||1650232740,2022-04-17T10:51:00.000-07:00||2022-04-17T16:59:00.000-05:00,1650228900||1650246000,2022-04-17T15:55:00.000-05:00||2022-04-17T21:40:00.000-04:00,DFW||BOS,LAX||DFW,American Airlines||American Airlines,AA||AA,Airbus A321||Airbus A321,11040||13260,1238||1556,coach||coach
22d60cd13fcb7da8363766e9b09ff2fe,2022-04-16,2022-04-17,LAX,BOS,L0AZZNN1,PT7H49M,1,False,False,False,315.35,362.60,7,2607,1650264900||1650284700,2022-04-17T23:55:00.000-07:00||2022-04-18T07:25:00.000-05:00,1650278820||1650293040,2022-04-18T05:47:00.000-05:00||2022-04-18T10:44:00.000-04:00,ORD||BOS,LAX||ORD,American Airlines||American Airlines,AA||AA,Boeing 737-800||Embraer 175,13920||8340,1745||862,coach||coach
c58ec5b0e1441a8438679393cd645730,2022-04-16,2022-04-17,LAX,BOS,L0AZZNN1,PT7H49M,0,False,False,False,315.35,362.60,7,2607,1650206700||1650226200,2022-04-17T07:45:00.000-07:00||2022-04-17T15:10:00.000-05:00,1650221340||1650234840,2022-04-17T13:49:00.000-05:00||2022-04-17T18:34:00.000-04:00,ORD||BOS,LAX||ORD,American Airlines||American Airlines,AA||AA,Boeing 737-800||Embraer 175,14640||8640,1745||862,coach||coach
bac9e858691cc0ac65e9f57fca531f55,2022-04-16,2022-04-17,LAX,BOS,VAA0PFEN,PT7H51M,0,False,False,False,315.35,362.60,9,2643,1650224700||1650248160,2022-04-17T12:45:00.000-07:00||2022-04-17T22:16:00.000-04:00,1650243240||1650252960,2022-04-17T20:54:00.000-04:00||2022-04-17T23:36:00.000-04:00,EWR||BOS,LAX||EWR,United||United,UA||UA,||Boeing 737-900,18540||4800,2458||185,coach||coach
26670a9cdcf703c6cafad6f69d1c5448,2022-04-16,2022-04-17,LAX,BOS,VAA0PFEN,PT7H52M,0,False,False,False,315.35,362.60,9,2611,1650219240||1650233220,2022-04-17T11:14:00.000-07:00||2022-04-17T16:07:00.000-06:00,1650227640||1650247560,2022-04-17T14:34:00.000-06:00||2022-04-17T22:06:00.000-04:00,DEN||BOS,LAX||DEN,United||United,UA||UA,Boeing 737 MAX 9||Boeing 737 MAX 9,8400||14340,848||1763,coach||coach
39a5d36417fc1e5a801e9bb9f0be4e84,2022-04-16,2022-04-17,LAX,BOS,KA0NA0MQ,PT8H2M,0,False,False,False,315.35,362.60,9,2656,1650208800||1650227580,2022-04-17T08:20:00.000-07:00||2022-04-17T15:33:00.000-05:00,1650221820||1650237720,2022-04-17T13:57:00.000-05:00||2022-04-17T19:22:00.000-04:00,MSP||BOS,LAX||MSP,Delta||Delta,DL||DL,Airbus A321||Airbus A321,13020||10140,1534||1122,coach||coach
9b063ec911596f1f8f7ff1e3ad2f11a0,2022-04-16,2022-04-17,LAX,BOS,VAA0PFEN,PT8H3M,0,False,False,False,315.35,362.60,9,3037,1650201000||1650209100,2022-04-17T06:10:00.000-07:00||2022-04-17T08:25:00.000-07:00,1650206460||1650229980,2022-04-17T07:41:00.000-07:00||2022-04-17T17:13:00.000-04:00,SFO||BOS,LAX||SFO,United||United,UA||UA,Boeing 737 MAX 9||Boeing 737 MAX 9,5460||20880,339||2698,coach||coach
cb88e20ae20a6fc335bd57e35bd42714,2022-04-16,2022-04-17,LAX,BOS,L0AZZNN1,PT8H6M,0,False,False,False,315.35,362.60,7,2794,1650200400||1650216240,2022-04-17T06:00:00.000-07:00||2022-04-17T12:24:00.000-05:00,1650211500||1650229560,2022-04-17T11:05:00.000-05:00||2022-04-17T17:06:00.000-04:00,DFW||BOS,LAX||DFW,American Airlines||American Airlines,AA||AA,Airbus A321||Airbus A321,11100||13320,1238||1556,coach||coach
40a1a4b054f588efc9703d8fad44c9a0,2022-04-16,2022-04-17,LAX,BOS,KA0NA0MQ,PT8H11M,1,False,False,False,315.35,362.60,6,2643,1650256860||1650281400,2022-04-17T21:41:00.000-07:00||2022-04-18T07:30:00.000-04:00,1650276000||1650286320,2022-04-18T06:00:00.000-04:00||2022-04-18T08:52:00.000-04:00,JFK||BOS,LAX||JFK,Delta||Delta,DL||DL,Boeing 767||Embraer 175,19140||4920,2458||185,coach||coach
a9a0c1601a44330c6a7eff4b8cabc947,2022-04-16,2022-04-17,LAX,BOS,KA0NA0MQ,PT8H24M,1,False,False,False,315.35,362.60,9,2607,1650258000||1650281400,2022-04-17T22:00:00.000-07:00||2022-04-18T07:30:00.000-04:00,1650273420||1650288240,2022-04-18T05:17:00.000-04:00||2022-04-18T09:24:00.000-04:00,DTW||BOS,LAX||DTW,Delta||Delta,DL||DL,Airbus A321||Boeing 737-900,15420||6840,1985||622,coach||coach
b223a035616905d30d09b6fa2ee13ff4,2022-04-16,2022-04-17,LAX,BOS,VAA0PFEN,PT8H31M,1,False,False,False,315.35,362.60,2,2607,1650261540||1650284100,2022-04-17T22:59:00.000-07:00||2022-04-18T07:15:00.000-05:00,1650275520||1650292200,2022-04-18T04:52:00.000-05:00||2022-04-18T10:30:00.000-04:00,ORD||BOS,LAX||ORD,United||United,UA||UA,BOEING 787-9||Boeing 737-800,13980||8100,1745||862,coach||coach
34be8dde162cbc1d06e0e22c50cc23b2,2022-04-16,2022-04-17,LAX,BOS,KA0NA0MQ,PT8H36M,1,False,False,False,315.35,362.60,8,2643,1650263340||1650289500,2022-04-17T23:29:00.000-07:00||2022-04-18T09:45:00.000-04:00,1650282780||1650294300,2022-04-18T07:53:00.000-04:00||2022-04-18T11:05:00.000-04:00,JFK||BOS,LAX||JFK,Delta||Delta,DL||DL,Boeing 767||Embraer 175,19440||4800,2458||185,coach||coach
955d13190ea92f8210cf9c53d7936fc8,2022-04-16,2022-04-17,LAX,BOS,KA0NA0MQ,PT8H43M,1,False,False,False,315.35,362.60,2,2690,1650246720||1650261540,2022-04-17T18:52:00.000-07:00||2022-04-17T23:59:00.000-06:00,1650253200||1650278100,2022-04-17T21:40:00.000-06:00||2022-04-18T06:35:00.000-04:00,SLC||BOS,LAX||SLC,Delta||Delta,DL||DL,Airbus A321||Boeing 737-900,6480||16560,590||2100,coach||coach
3fd667df99164812a30e10d65718b23d,2022-04-16,2022-04-17,LAX,BOS,VAA0PFEN,PT8H53M,1,False,False,False,315.35,362.60,3,2643,1650264900||1650292200,2022-04-17T23:55:00.000-07:00||2022-04-18T10:30:00.000-04:00,1650283860||1650296880,2022-04-18T08:11:00.000-04:00||2022-04-18T11:48:00.000-04:00,EWR||BOS,LAX||EWR,United||United,UA||UA,Boeing 767-300||Airbus A319,18960||4680,2458||185,coach||coach
e223656c739bc0bf21aea3b5c0690ea5,2022-04-16,2022-04-17,LAX,BOS,L0AZZNN1,PT9H11M,1,False,False,False,315.35,362.60,7,2607,1650264900||1650289500,2022-04-17T23:55:00.000-07:00||2022-04-18T08:45:00.000-05:00,1650278820||1650297960,2022-04-18T05:47:00.000-05:00||2022-04-18T12:06:00.000-04:00,ORD||BOS,LAX||ORD,American Airlines||American Airlines,AA||AA,Boeing 737-800||Embraer 175,13920||8460,1745||862,coach||coach
a811784e218f3a664a0b986e9987baa9,2022-04-16,2022-04-17,LAX,BOS,VAA0PFEN,PT9H36M,0,False,False,False,315.35,362.60,9,2985,1650179040||1650200100,2022-04-17T00:04:00.000-07:00||2022-04-17T07:55:00.000-05:00,1650190380||1650213600,2022-04-17T05:13:00.000-05:00||2022-04-17T12:40:00.000-04:00,IAH||BOS,LAX||IAH,United||United,UA||UA,Airbus A320||Boeing 737-800,11340||13500,1383||1602,coach||coach
405c46959861d858b5885d9435dc94da,2022-04-16,2022-04-17,LAX,BOS,KA0NA0MQ,PT9H39M,1,False,False,False,315.35,362.60,7,2607,1650262140||1650290400,2022-04-17T23:09:00.000-07:00||2022-04-18T10:00:00.000-04:00,1650277800||1650296880,2022-04-18T06:30:00.000-04:00||2022-04-18T11:48:00.000-04:00,DTW||BOS,LAX||DTW,Delta||Delta,DL||DL,Airbus A321||Airbus A319,15660||6480,1985||622,coach||coach
763ba112fd1b87fc10a6cbbe4626b339,2022-04-16,2022-04-17,LAX,BOS,VAA0PFEN,PT10H10M,1,False,False,False,315.35,362.60,3,2643,1650264900||1650297420,2022-04-17T23:55:00.000-07:00||2022-04-18T11:57:00.000-04:00,1650283860||1650301500,2022-04-18T08:11:00.000-04:00||2022-04-18T13:05:00.000-04:00,EWR||BOS,LAX||EWR,United||United,UA||UA,Boeing 767-300||Airbus A319,18960||4080,2458||185,coach||coach
db94c96904a8c5eee52c7106aab83d7c,2022-04-16,2022-04-17,LAX,BOS,H0AJZNN1,PT5H30M,0,False,False,True,352.56,393.60,3,2606,1650215700,2022-04-17T10:15:00.000-07:00,1650235500,2022-04-17T18:45:00.000-04:00,BOS,LAX,JetBlue Airways,B6,AIRBUS INDUSTRIE A321 SHARKLETS,19800,2606,coach
4c02597784b9cc603671b46748dac46a,2022-04-16,2022-04-17,LAX,BOS,M0AJZNN1,PT5H30M,0,False,False,True,352.56,393.60,3,2606,1650215700,2022-04-17T10:15:00.000-07:00,1650235500,2022-04-17T18:45:00.000-04:00,BOS,LAX,American Airlines,AA,AIRBUS INDUSTRIE A321 SHARKLETS,19800,2606,coach
1e49016c467a8ab821d167a8a17f6a23,2022-04-16,2022-04-17,LAX,BOS,KH0ABEY5,PT5H31M,0,False,False,True,372.56,415.10,7,2606,1650199500,2022-04-17T05:45:00.000-07:00,1650219360,2022-04-17T14:16:00.000-04:00,BOS,LAX,American Airlines,AA,Airbus A321,19860,2606,coach
4203c509726c9020477a2bbd1208fa6b,2022-04-16,2022-04-17,LAX,BOS,HA0QA0MQ,PT7H26M,0,False,False,False,450.23,507.60,6,2656,1650182160||1650198900,2022-04-17T00:56:00.000-07:00||2022-04-17T07:35:00.000-05:00,1650195360||1650208920,2022-04-17T06:36:00.000-05:00||2022-04-17T11:22:00.000-04:00,MSP||BOS,LAX||MSP,Delta||Delta,DL||DL,Airbus A321||Airbus A320,13200||10020,1534||1122,coach||coach
407ac6d4479fc661399bb11006847edb,2022-04-16,2022-04-17,LAX,BOS,VH0OAVMN,PT8H45M,0,False,False,False,515.34,577.59,4,3037,1650200700||1650212100,2022-04-17T06:05:00.000-07:00||2022-04-17T09:15:00.000-07:00,1650205860||1650232200,2022-04-17T07:31:00.000-07:00||2022-04-17T17:50:00.000-04:00,SFO||BOS,LAX||SFO,Alaska Airlines||Alaska Airlines,AS||AS,Embraer 175||Boeing 737-900,5160||20100,339||2698,coach||coach
ed19e5dca3b76bf4595800c0931f45f5,2022-04-16,2022-04-18,BOS,LAX,LA0NA0BC,PT8H57M,0,True,False,False,267.91,311.60,9,2674,1650318300||1650344340,2022-04-18T17:45:00.000-04:00||2022-04-18T22:59:00.000-06:00,1650338220||1650350520,2022-04-18T21:17:00.000-06:00||2022-04-18T23:42:00.000-07:00,SLC||ONT,BOS||SLC,Delta||Delta,DL||DL,Boeing 737-800||Boeing 737-800,19920||6180,2100||574,coach||coach
a87469148b336804a41563c6320ea74b,2022-04-16,2022-04-18,BOS,LAX,VH0ABEL1,PT6H18M,0,False,False,True,315.35,353.60,7,2606,1650276120,2022-04-18T06:02:00.000-04:00,1650298800,2022-04-18T09:20:00.000-07:00,LAX,BOS,JetBlue Airways,B6,Airbus A319-321,22680,2606,coach
945c0bc4ac45cfffda6b9d26dedcc3e4,2022-04-16,2022-04-18,BOS,LAX,VH0ABEL1,PT6H24M,0,False,False,True,315.35,353.60,7,2606,1650315300,2022-04-18T16:55:00.000-04:00,1650338340,2022-04-18T20:19:00.000-07:00,LAX,BOS,JetBlue Airways,B6,Airbus A319-321,23040,2606,coach
3b91043214c934e7d8e9453604092e5f,2022-04-16,2022-04-18,BOS,LAX,VAA0PFEN,PT6H27M,0,False,False,True,315.35,353.60,1,2606,1650275700,2022-04-18T05:55:00.000-04:00,1650298920,2022-04-18T09:22:00.000-07:00,LAX,BOS,United,UA,Boeing 737 MAX 9,23220,2606,coach
53a030f1d9adbf15074ecf0286bba295,2022-04-16,2022-04-18,BOS,LAX,VH0ABEL1,PT6H28M,0,False,False,True,315.35,353.60,7,2606,1650323940,2022-04-18T19:19:00.000-04:00,1650347220,2022-04-18T22:47:00.000-07:00,LAX,BOS,JetBlue Airways,B6,Airbus A319-321,23280,2606,coach
1504775e2db349599ff5045dbb29bff4,2022-04-16,2022-04-18,BOS,LAX,L0AZZNN1,PT6H38M,0,False,False,True,315.35,353.60,1,2606,1650277200,2022-04-18T06:20:00.000-04:00,1650301080,2022-04-18T09:58:00.000-07:00,LAX,BOS,American Airlines,AA,AIRBUS INDUSTRIE A321 SHARKLETS,23880,2606,coach
a53db4f39007e16b7ec5d4206c62d1e6,2022-04-16,2022-04-18,BOS,LAX,Q0AZZNN1,PT6H38M,0,False,False,True,315.35,353.60,1,2606,1650277200,2022-04-18T06:20:00.000-04:00,1650301080,2022-04-18T09:58:00.000-07:00,LAX,BOS,JetBlue Airways,B6,AIRBUS INDUSTRIE A321 SHARKLETS,23880,2606,coach
bac62f8eb069b4b05494396cf7ff2f4a,2022-04-16,2022-04-18,BOS,LAX,KA0NA0MQ,PT9H30M,0,False,False,False,315.35,362.60,1,2690,1650276300||1650303240,2022-04-18T06:05:00.000-04:00||2022-04-18T11:34:00.000-06:00,1650296100||1650310500,2022-04-18T09:35:00.000-06:00||2022-04-18T12:35:00.000-07:00,SLC||LAX,BOS||SLC,Delta||Delta,DL||DL,Boeing 737-900||Boeing 737-900,19800||7260,2100||590,coach||coach
a3684ac50d61bdbf4bdc0d49d108b365,2022-04-16,2022-04-18,BOS,LAX,L0AZZNN1,PT9H58M,0,False,False,False,315.35,362.60,3,2607,1650304800||1650324720,2022-04-18T14:00:00.000-04:00||2022-04-18T18:32:00.000-05:00,1650315300||1650340680,2022-04-18T15:55:00.000-05:00||2022-04-18T20:58:00.000-07:00,ORD||LAX,BOS||ORD,American Airlines||American Airlines,AA||AA,Embraer 175||Boeing 737-800,10500||15960,862||1745,coach||coach
34a348b2954d01cc86428676f4e0bf9b,2022-04-16,2022-04-18,BOS,LAX,VAA0PFEN,PT10H4M,0,False,False,False,315.35,362.60,2,2607,1650315240||1650335100,2022-04-18T16:54:00.000-04:00||2022-04-18T21:25:00.000-05:00,1650325800||1650351480,2022-04-18T18:50:00.000-05:00||2022-04-18T23:58:00.000-07:00,ORD||LAX,BOS||ORD,United||United,UA||UA,Boeing 737 MAX 9||Boeing 737-900,10560||16380,862||1745,coach||coach
2989c76232fa97d4826af5c1bdc603e5,2022-04-16,2022-04-18,BOS,LAX,KA0NA0MQ,PT10H4M,0,False,False,False,315.35,362.60,5,2656,1650283500||1650305580,2022-04-18T08:05:00.000-04:00||2022-04-18T13:13:00.000-05:00,1650295680||1650319740,2022-04-18T10:28:00.000-05:00||2022-04-18T15:09:00.000-07:00,MSP||LAX,BOS||MSP,Delta||Delta,DL||DL,Airbus A321||Boeing 757,12180||14160,1122||1534,coach||coach
3552554daf3c12400e6c79705662d7d4,2022-04-16,2022-04-18,BOS,LAX,V0AIZNN1,PT8H57M,0,False,False,False,322.79,370.60,2,2643,1650297720||1650325380,2022-04-18T12:02:00.000-04:00||2022-04-18T16:43:00.000-07:00,1650318780||1650329940,2022-04-18T14:53:00.000-07:00||2022-04-18T17:59:00.000-07:00,PHX||ONT,BOS||PHX,American Airlines||American Airlines,AA||AA,||Airbus A319,21060||4560,2296||347,coach||coach
89a612e2080691ca0a206998ad8f80dc,2022-04-16,2022-04-18,BOS,LAX,V0AIZNN1,PT9H10M,0,False,False,False,322.79,370.60,1,2643,1650288240||1650316500,2022-04-18T09:24:00.000-04:00||2022-04-18T14:15:00.000-07:00,1650309540||1650321240,2022-04-18T12:19:00.000-07:00||2022-04-18T15:34:00.000-07:00,PHX||ONT,BOS||PHX,American Airlines||American Airlines,AA||AA,Airbus A321||Canadair Regional Jet 900,21300||4740,2296||347,coach||coach
2d89003c696165e70993e049843b3c8f,2022-04-16,2022-04-18,BOS,LAX,KA0NA0MC,PT9H10M,0,False,False,False,322.79,370.60,2,2674,1650276300||1650303000,2022-04-18T06:05:00.000-04:00||2022-04-18T11:30:00.000-06:00,1650296100||1650309300,2022-04-18T09:35:00.000-06:00||2022-04-18T12:15:00.000-07:00,SLC||ONT,BOS||SLC,Delta||Delta,DL||DL,Boeing 737-900||Boeing 737-800,19800||6300,2100||574,coach||coach
4ca9bca940cad54b18d5ab72dfae7803,2022-04-16,2022-04-18,BOS,LAX,QAA0OHEN,PT6H23M,0,False,False,True,366.51,408.60,2,2606,1650318240,2022-04-18T17:44:00.000-04:00,1650341220,2022-04-18T21:07:00.000-07:00,LAX,BOS,United,UA,Boeing 737-900,22980,2606,coach
d175d3bae36f9d78974ab6a7aa58e313,2022-04-16,2022-04-18,BOS,LAX,KH0ABEY5,PT6H18M,0,False,False,True,372.56,415.10,1,2606,1650276120,2022-04-18T06:02:00.000-04:00,1650298800,2022-04-18T09:20:00.000-07:00,LAX,BOS,American Airlines,AA,Airbus A321,22680,2606,coach
cd26dd3ee8a12c25dd5cf25f800eb980,2022-04-16,2022-04-18,BOS,LAX,KH0ABEY5,PT6H24M,0,False,False,True,372.56,415.10,3,2606,1650315300,2022-04-18T16:55:00.000-04:00,1650338340,2022-04-18T20:19:00.000-07:00,LAX,BOS,American Airlines,AA,Airbus A321,23040,2606,coach
6f2d26ff74fc81a236310fc8bb42f0a9,2022-04-16,2022-04-18,BOS,LAX,KH0ABEY5,PT6H28M,0,False,False,True,372.56,415.10,4,2606,1650323940,2022-04-18T19:19:00.000-04:00,1650347220,2022-04-18T22:47:00.000-07:00,LAX,BOS,American Airlines,AA,Airbus A321,23280,2606,coach
74519c8bf1a736919f82b063185f2de4,2022-04-16,2022-04-18,BOS,LAX,QAA0OKEN,PT9H9M,1,False,False,False,367.44,418.60,4,3049,1650320160||1650348120,2022-04-18T18:16:00.000-04:00||2022-04-18T23:02:00.000-07:00,1650344400||1650353100,2022-04-18T22:00:00.000-07:00||2022-04-19T00:25:00.000-07:00,SFO||ONT,BOS||SFO,United||United,UA||UA,Boeing 737 MAX 9||Boeing 737-800,24240||4980,2698||351,coach||coach
e8f30fc1beee3483d603c360f452ce76,2022-04-16,2022-04-18,BOS,LAX,QA0OA0MQ,PT8H36M,0,False,False,False,385.12,437.60,2,2656,1650319140||1650336180,2022-04-18T17:59:00.000-04:00||2022-04-18T21:43:00.000-05:00,1650331380||1650350100,2022-04-18T20:23:00.000-05:00||2022-04-18T23:35:00.000-07:00,MSP||LAX,BOS||MSP,Delta||Delta,DL||DL,Airbus A321||Airbus A321,12240||13920,1122||1534,coach||coach
a742190bce43e9a17245f10e250a8749,2022-04-16,2022-04-18,BOS,LAX,QA0OA0MQ,PT8H50M,0,False,False,False,385.12,437.60,5,2656,1650276000||1650293700,2022-04-18T06:00:00.000-04:00||2022-04-18T09:55:00.000-05:00,1650288120||1650307800,2022-04-18T08:22:00.000-05:00||2022-04-18T11:50:00.000-07:00,MSP||LAX,BOS||MSP,Delta||Delta,DL||DL,Boeing 737-900||Airbus A321,12120||14100,1122||1534,coach||coach
78f666181229655240cf0ac7f415aabd,2022-04-16,2022-04-18,BOS,LAX,QA0OA0MQ,PT9H8M,0,False,False,False,385.12,437.60,5,2607,1650300480||1650315420,2022-04-18T12:48:00.000-04:00||2022-04-18T16:57:00.000-04:00,1650308400||1650333360,2022-04-18T15:00:00.000-04:00||2022-04-18T18:56:00.000-07:00,DTW||LAX,BOS||DTW,Delta||Delta,DL||DL,Airbus A319||Airbus A321,7920||17940,622||1985,coach||coach
77284189b7c9fbfe125f37b0a35e4175,2022-04-16,2022-04-18,BOS,LAX,HAA0OHEN,PT8H31M,0,False,False,False,422.33,477.61,1,2611,1650288900||1650310620,2022-04-18T09:35:00.000-04:00||2022-04-18T13:37:00.000-06:00,1650305760||1650319560,2022-04-18T12:16:00.000-06:00||2022-04-18T15:06:00.000-07:00,DEN||LAX,BOS||DEN,United||United,UA||UA,Boeing 737 MAX 9||Boeing 737-800,16860||8940,1763||848,coach||coach
fde7c08f1b272850afcda2b48aca98d9,2022-04-16,2022-04-18,BOS,LAX,HAA0OHEN,PT8H48M,0,False,False,False,422.33,477.61,1,2611,1650296580||1650319320,2022-04-18T11:43:00.000-04:00||2022-04-18T16:02:00.000-06:00,1650313440||1650328260,2022-04-18T14:24:00.000-06:00||2022-04-18T17:31:00.000-07:00,DEN||LAX,BOS||DEN,United||United,UA||UA,Boeing 737-800||Boeing 737-900,16860||8940,1763||848,coach||coach
88b9b9b3e25e482540dec8e1888e4cc3,2022-04-16,2022-04-18,BOS,LAX,K0AJZNN1,PT9H26M,0,False,False,False,422.33,477.61,1,2666,1650288240||1650317100,2022-04-18T09:24:00.000-04:00||2022-04-18T14:25:00.000-07:00,1650309540||1650322200,2022-04-18T12:19:00.000-07:00||2022-04-18T15:50:00.000-07:00,PHX||LAX,BOS||PHX,American Airlines||American Airlines,AA||AA,Airbus A321||Airbus A320,21300||5100,2296||370,coach||coach
8e44827807496993f591c9b6dbb65edf,2022-04-16,2022-04-18,BOS,LAX,HAA0OHEN,PT10H6M,0,False,False,False,422.33,477.61,1,2611,1650296580||1650324000,2022-04-18T11:43:00.000-04:00||2022-04-18T17:20:00.000-06:00,1650313440||1650332940,2022-04-18T14:24:00.000-06:00||2022-04-18T18:49:00.000-07:00,DEN||LAX,BOS||DEN,United||United,UA||UA,Boeing 737-800||Boeing 737 MAX 9,16860||8940,1763||848,coach||coach
b227342afd0397574457c80dc4c729d2,2022-04-16,2022-04-18,BOS,LAX,HAA0OHEN,PT10H56M,0,False,False,False,422.33,477.61,2,2611,1650288900||1650319320,2022-04-18T09:35:00.000-04:00||2022-04-18T16:02:00.000-06:00,1650305760||1650328260,2022-04-18T12:16:00.000-06:00||2022-04-18T17:31:00.000-07:00,DEN||LAX,BOS||DEN,United||United,UA||UA,Boeing 737 MAX 9||Boeing 737-900,16860||8940,1763||848,coach||coach
c50a408a354c5d5e915f9dec26bb3aa3,2022-04-16,2022-04-18,BOS,LAX,LH0OAVMN,PT15H36M,1,False,False,False,433.49,495.20,7,3037,1650322500||1650373200,2022-04-18T18:55:00.000-04:00||2022-04-19T06:00:00.000-07:00,1650347280||1650378660,2022-04-18T22:48:00.000-07:00||2022-04-19T07:31:00.000-07:00,SFO||LAX,BOS||SFO,Alaska Airlines||Alaska Airlines,AS||AS,Boeing 737-800||Embraer 175,24780||5460,2698||339,coach||coach
3b7591bc0891fc7ff4ac767c27f844b1,2022-04-16,2022-04-18,BOS,LAX,HA0QA0MQ,PT6H21M,0,False,False,True,450.23,498.60,1,2606,1650292440,2022-04-18T10:34:00.000-04:00,1650315300,2022-04-18T13:55:00.000-07:00,LAX,BOS,Delta,DL,Boeing 757-200,22860,2606,coach
f55c6bdbabf66e5728857ebbb5971239,2022-04-16,2022-04-18,BOS,LAX,HA0QA0MQ,PT6H26M,0,False,False,True,450.23,498.60,1,2606,1650324900,2022-04-18T19:35:00.000-04:00,1650348060,2022-04-18T23:01:00.000-07:00,LAX,BOS,Delta,DL,Boeing 757-200,23160,2606,coach
e24a7daa4796977f3f51f4ebea18def4,2022-04-16,2022-04-18,BOS,LAX,HA0QA0MQ,PT6H26M,0,False,False,True,450.23,498.60,1,2606,1650283140,2022-04-18T07:59:00.000-04:00,1650306300,2022-04-18T11:25:00.000-07:00,LAX,BOS,Delta,DL,Boeing 757-200,23160,2606,coach
6a3d62169a19ea3c967076f22b275cca,2022-04-16,2022-04-18,BOS,LAX,HA0QA0MQ,PT8H10M,0,False,False,False,450.23,507.60,3,2656,1650283500||1650298740,2022-04-18T08:05:00.000-04:00||2022-04-18T11:19:00.000-05:00,1650295680||1650312900,2022-04-18T10:28:00.000-05:00||2022-04-18T13:15:00.000-07:00,MSP||LAX,BOS||MSP,Delta||Delta,DL||DL,Airbus A321||Airbus A321,12180||14160,1122||1534,coach||coach
eb8fbfaff6273d09217d6f64c4801ad1,2022-04-16,2022-04-18,BOS,LAX,HA0QA0MQ,PT8H19M,0,False,False,False,450.23,507.60,5,2656,1650307260||1650322920,2022-04-18T14:41:00.000-04:00||2022-04-18T18:02:00.000-05:00,1650319200||1650337200,2022-04-18T17:00:00.000-05:00||2022-04-18T20:00:00.000-07:00,MSP||LAX,BOS||MSP,Delta||Delta,DL||DL,Airbus A321||Boeing 757-200,11940||14280,1122||1534,coach||coach
d7d04fc6ba150acf7030e315dd8f76dd,2022-04-16,2022-04-18,BOS,LAX,HA0QA0MQ,PT10H33M,0,False,False,False,450.23,507.60,3,2656,1650299220||1650322920,2022-04-18T12:27:00.000-04:00||2022-04-18T18:02:00.000-05:00,1650311040||1650337200,2022-04-18T14:44:00.000-05:00||2022-04-18T20:00:00.000-07:00,MSP||LAX,BOS||MSP,Delta||Delta,DL||DL,Airbus A320||Boeing 757-200,11820||14280,1122||1534,coach||coach
2dbf11792ba4b845777ced6ec95fd4e7,2022-04-16,2022-04-18,BOS,LAX,LH0OAVMN,PT15H27M,1,False,False,False,462.32,526.19,7,3037,1650322500||1650373200,2022-04-18T18:55:00.000-04:00||2022-04-19T06:00:00.000-07:00,1650347280||1650378120,2022-04-18T22:48:00.000-07:00||2022-04-19T07:22:00.000-07:00,SFO||LAX,BOS||SFO,Alaska Airlines||Delta,AS||DL,Boeing 737-800||Embraer 175 (Enhanced Winglets),24780||4920,2698||339,coach||coach
dcc0bf2856e82dd4d7e2f25cca9acb71,2022-04-16,2022-04-18,BOS,LAX,E0AJZNN1,PT6H35M,0,False,False,True,515.35,568.60,2,2606,1650319200,2022-04-18T18:00:00.000-04:00,1650342900,2022-04-18T21:35:00.000-07:00,LAX,BOS,JetBlue Airways,B6,AIRBUS INDUSTRIE A321 SHARKLETS,23700,2606,coach
e1e90edcbe87724391139ea7dcc15ead,2022-04-16,2022-04-18,BOS,LAX,H0AJZNN1,PT6H35M,0,False,False,True,515.35,568.60,2,2606,1650319200,2022-04-18T18:00:00.000-04:00,1650342900,2022-04-18T21:35:00.000-07:00,LAX,BOS,American Airlines,AA,AIRBUS INDUSTRIE A321 SHARKLETS,23700,2606,coach
49991432d5e3d03f6d61ffdfe73b3966,2022-04-16,2022-04-18,BOS,LAX,H0AJZNN1,PT7H59M,0,False,False,False,515.35,577.60,1,2666,1650314100||1650337560,2022-04-18T16:35:00.000-04:00||2022-04-18T20:06:00.000-07:00,1650335400||1650342840,2022-04-18T19:30:00.000-07:00||2022-04-18T21:34:00.000-07:00,PHX||LAX,BOS||PHX,American Airlines||American Airlines,AA||AA,||Airbus A320,21300||5280,2296||370,coach||coach
0e290ceb1f664034ef341a81a3da6848,2022-04-16,2022-04-18,BOS,LAX,MA0OA0MQ,PT6H21M,0,False,False,True,524.65,578.60,3,2606,1650309600,2022-04-18T15:20:00.000-04:00,1650332460,2022-04-18T18:41:00.000-07:00,LAX,BOS,Delta,DL,Boeing 757-200,22860,2606,coach
53189126300ce13751d0285ea7c35b6d,2022-04-16,2022-04-18,BOS,LAX,HA0OA0MQ,PT10H44M,0,False,False,False,523.72,586.60,1,2643,1650312000||1650328140,2022-04-18T16:00:00.000-04:00||2022-04-18T20:29:00.000-04:00,1650317040||1650350640,2022-04-18T17:24:00.000-04:00||2022-04-18T23:44:00.000-07:00,EWR||LAX,BOS||EWR,Delta||Alaska Airlines,DL||AS,Embraer 175||Boeing 737-900,5040||22500,185||2458,coach||coach
a7c93ef2efbe5c84a7d5e196742c5066,2022-04-16,2022-04-18,BOS,LAX,HA0OA0MQ,PT12H34M,0,False,False,False,523.72,592.20,1,2643,1650305400||1650328140,2022-04-18T14:10:00.000-04:00||2022-04-18T20:29:00.000-04:00,1650310500||1650350640,2022-04-18T15:35:00.000-04:00||2022-04-18T23:44:00.000-07:00,EWR||LAX,BOS||EWR,Delta||Alaska Airlines,DL||AS,Embraer 175||Boeing 737-900,5100||22500,185||2458,coach||coach
826ba68f9c436198da4ee276bd58782c,2022-04-16,2022-04-18,BOS,LAX,EH0KUEL1,PT6H23M,0,False,False,True,572.09,629.60,1,2606,1650292200,2022-04-18T10:30:00.000-04:00,1650315180,2022-04-18T13:53:00.000-07:00,LAX,BOS,JetBlue Airways,B6,Airbus A319-321,22980,2606,coach
b9b0b479898713c1d218603a75191b09,2022-04-16,2022-04-18,BOS,LAX,M0AWZNN1,PT8H18M,0,False,False,False,563.72,629.60,1,2643,1650314100||1650339300,2022-04-18T16:35:00.000-04:00||2022-04-18T20:35:00.000-07:00,1650335400||1650343980,2022-04-18T19:30:00.000-07:00||2022-04-18T21:53:00.000-07:00,PHX||ONT,BOS||PHX,American Airlines||American Airlines,AA||AA,||Canadair Regional Jet 900,21300||4680,2296||347,coach||coach
d307a7901f97368283462575bfac7d18,2022-04-16,2022-04-18,BOS,LAX,B0AJZNN1,PT6H29M,0,False,False,True,609.30,669.60,1,2606,1650324900,2022-04-18T19:35:00.000-04:00,1650348240,2022-04-18T23:04:00.000-07:00,LAX,BOS,American Airlines,AA,AIRBUS INDUSTRIE A321 SHARKLETS,23340,2606,coach
39c935691d8030ce6d67889fba9ad947,2022-04-16,2022-04-18,BOS,LAX,MA0OA0MQ,PT9H14M,0,False,False,False,607.44,676.60,1,2643,1650317400||1650328140,2022-04-18T17:30:00.000-04:00||2022-04-18T20:29:00.000-04:00,1650322980||1650350640,2022-04-18T19:03:00.000-04:00||2022-04-18T23:44:00.000-07:00,EWR||LAX,BOS||EWR,Delta||Alaska Airlines,DL||AS,Embraer 175||Boeing 737-900,5580||22500,185||2458,coach||coach
b4ab1dc41fde3e4eb336e0c59aab5334,2022-04-16,2022-04-18,BOS,LAX,HA0OA0MQ,PT10H8M,0,False,False,False,612.09,681.60,1,2643,1650305400||1650319200,2022-04-18T14:10:00.000-04:00||2022-04-18T18:00:00.000-04:00,1650310500||1650341880,2022-04-18T15:35:00.000-04:00||2022-04-18T21:18:00.000-07:00,EWR||LAX,BOS||EWR,Delta||Alaska Airlines,DL||AS,Embraer 175||Boeing 737-900,5100||22680,185||2458,coach||coach
90b6ba90b2a1607feda75dabc938d069,2022-04-16,2022-04-18,BOS,LAX,YH0KUEY5,PT6H23M,0,False,False,True,629.30,691.10,1,2606,1650292200,2022-04-18T10:30:00.000-04:00,1650315180,2022-04-18T13:53:00.000-07:00,LAX,BOS,American Airlines,AA,Airbus A321,22980,2606,coach
3e56a70f9280617c8ad9a64086aef4fe,2022-04-16,2022-04-18,BOS,LAX,MAA0OFEN,PT8H38M,0,False,False,False,623.26,693.61,2,2701,1650307500||1650317400,2022-04-18T14:45:00.000-04:00||2022-04-18T17:30:00.000-04:00,1650313500||1650338580,2022-04-18T16:25:00.000-04:00||2022-04-18T20:23:00.000-07:00,IAD||LAX,BOS||IAD,United||Alaska Airlines,UA||AS,Boeing 737-800||Boeing 737-900,6000||21180,406||2295,coach||coach
829de2e1cda55b1acc1b195c6d07d4fc,2022-04-16,2022-04-18,BOS,LAX,YA2AAN,PT6H29M,0,False,False,True,1258.60,1367.60,1,2606,1650324900,2022-04-18T19:35:00.000-04:00,1650348240,2022-04-18T23:04:00.000-07:00,LAX,BOS,JetBlue Airways,B6,AIRBUS INDUSTRIE A321 SHARKLETS,23340,2606,coach
672f4b21d6267ebc01045bbeb0750134,2022-04-16,2022-04-18,BOS,LAX,YA2AAN,PT6H32M,0,False,False,True,1258.60,1367.60,1,2606,1650284700,2022-04-18T08:25:00.000-04:00,1650308220,2022-04-18T11:57:00.000-07:00,LAX,BOS,JetBlue Airways,B6,AIRBUS INDUSTRIE A321 SHARKLETS,23520,2606,coach
552abd644fbd1bdb27efb7bd42450206,2022-04-16,2022-04-18,BOS,LAX,YA2AAN,PT6H32M,0,False,False,True,1263.26,1372.61,1,2606,1650284700,2022-04-18T08:25:00.000-04:00,1650308220,2022-04-18T11:57:00.000-07:00,LAX,BOS,American Airlines,AA,AIRBUS INDUSTRIE A321 SHARKLETS,23520,2606,coach
e89edcae86aaf633e4d395fe0e99f586,2022-04-16,2022-04-18,LAX,BOS,LA0NA0BC,PT7H25M,1,True,False,False,267.91,311.60,9,2866,1650346500||1650364200,2022-04-18T22:35:00.000-07:00||2022-04-19T06:30:00.000-04:00,1650360840||1650373200,2022-04-19T05:34:00.000-04:00||2022-04-19T09:00:00.000-04:00,ATL||BOS,ONT||ATL,Delta||Delta,DL||DL,Airbus A321||Airbus A321,14340||9000,1919||947,coach||coach
a611dfa4182782a731225de563381096,2022-04-16,2022-04-18,LAX,BOS,LA0NA0BC,PT7H39M,1,True,False,False,267.91,311.60,8,2674,1650314400||1650325560,2022-04-18T13:40:00.000-07:00||2022-04-18T17:46:00.000-06:00,1650320640||1650341940,2022-04-18T16:24:00.000-06:00||2022-04-19T00:19:00.000-04:00,SLC||BOS,ONT||SLC,Delta||Delta,DL||DL,Boeing 737-800||Boeing 737-900,6240||16380,574||2100,coach||coach
0072991e452d7e464a40228685392495,2022-04-16,2022-04-18,LAX,BOS,WAA0PFEN,PT7H58M,1,False,False,False,267.91,311.60,1,3049,1650338820||1650346860,2022-04-18T20:27:00.000-07:00||2022-04-18T22:41:00.000-07:00,1650344400||1650367500,2022-04-18T22:00:00.000-07:00||2022-04-19T07:25:00.000-04:00,SFO||BOS,ONT||SFO,United||United,UA||UA,Canadair Regional Jet||Boeing 737 MAX 9,5580||20640,351||2698,coach||coach
c0de4f982629182b8d59eb4fdd090780,2022-04-16,2022-04-18,LAX,BOS,RH0AUEL1,PT10H58M,1,False,False,False,267.92,317.21,7,2621,1650349020||1650384000,2022-04-18T23:17:00.000-07:00||2022-04-19T12:00:00.000-04:00,1650368400||1650388500,2022-04-19T07:40:00.000-04:00||2022-04-19T13:15:00.000-04:00,JFK||BOS,ONT||JFK,JetBlue Airways||JetBlue Airways,B6||B6,Airbus A321||Embraer 190,19380||4500,2436||185,coach||coach
0d0e53913ea8554b944b7e8c92cad7c4,2022-04-16,2022-04-18,LAX,BOS,VAA0PFEN,PT5H29M,1,False,False,True,315.35,353.60,9,2606,1650347460,2022-04-18T22:51:00.000-07:00,1650367200,2022-04-19T07:20:00.000-04:00,BOS,LAX,United,UA,Boeing 737 MAX 9,19740,2606,coach
1c1bff3282b30de0904dee13abbea59e,2022-04-16,2022-04-18,LAX,BOS,VAA0PFEN,PT5H29M,0,False,False,True,315.35,353.60,9,2606,1650294900,2022-04-18T08:15:00.000-07:00,1650314640,2022-04-18T16:44:00.000-04:00,BOS,LAX,United,UA,Boeing 737-900,19740,2606,coach
99bb7c78dee5b44435a99f0fa417c86b,2022-04-16,2022-04-18,LAX,BOS,L0AHZNN1,PT5H30M,0,False,False,True,315.35,353.60,2,2606,1650302100,2022-04-18T10:15:00.000-07:00,1650321900,2022-04-18T18:45:00.000-04:00,BOS,LAX,American Airlines,AA,AIRBUS INDUSTRIE A321 SHARKLETS,19800,2606,coach
cb297423bdfa101ebcff5813a80ff92f,2022-04-16,2022-04-18,LAX,BOS,L0AHZNN1,PT5H30M,0,False,False,True,315.35,353.60,4,2606,1650319200,2022-04-18T15:00:00.000-07:00,1650339000,2022-04-18T23:30:00.000-04:00,BOS,LAX,American Airlines,AA,AIRBUS INDUSTRIE A321 SHARKLETS,19800,2606,coach
43336573fff13dcdd9ce5ec45678ec11,2022-04-16,2022-04-18,LAX,BOS,KA0NA0MQ,PT5H30M,1,False,False,True,315.35,353.60,9,2606,1650342900,2022-04-18T21:35:00.000-07:00,1650362700,2022-04-19T06:05:00.000-04:00,BOS,LAX,Delta,DL,Boeing 757-200,19800,2606,coach
275b67b276cd9834d2302b03b5c3daf8,2022-04-16,2022-04-18,LAX,BOS,KA0NA0MQ,PT5H30M,0,False,False,True,315.35,353.60,2,2606,1650319500,2022-04-18T15:05:00.000-07:00,1650339300,2022-04-18T23:35:00.000-04:00,BOS,LAX,Delta,DL,Boeing 757-200,19800,2606,coach
ac114475873c9e88511a24ecc0d9d43f,2022-04-16,2022-04-18,LAX,BOS,Q0AZZNN1,PT5H30M,0,False,False,True,315.35,353.60,4,2606,1650319200,2022-04-18T15:00:00.000-07:00,1650339000,2022-04-18T23:30:00.000-04:00,BOS,LAX,JetBlue Airways,B6,AIRBUS INDUSTRIE A321 SHARKLETS,19800,2606,coach
da26d2be936974fcd21b94da72c627bd,2022-04-16,2022-04-18,LAX,BOS,Q0AZZNN1,PT5H30M,0,False,False,True,315.35,353.60,2,2606,1650302100,2022-04-18T10:15:00.000-07:00,1650321900,2022-04-18T18:45:00.000-04:00,BOS,LAX,JetBlue Airways,B6,AIRBUS INDUSTRIE A321 SHARKLETS,19800,2606,coach
a2523800145eb67bb4bb4618d2ce9361,2022-04-16,2022-04-18,LAX,BOS,L0AHZNN1,PT5H31M,1,False,False,True,315.35,353.60,5,2606,1650346200,2022-04-18T22:30:00.000-07:00,1650366060,2022-04-19T07:01:00.000-04:00,BOS,LAX,American Airlines,AA,AIRBUS INDUSTRIE A321 SHARKLETS,19860,2606,coach
0184e7352191d63aae96c8514463300d,2022-04-16,2022-04-18,LAX,BOS,VH0ABEL1,PT5H31M,0,False,False,True,315.35,353.60,7,2606,1650285900,2022-04-18T05:45:00.000-07:00,1650305760,2022-04-18T14:16:00.000-04:00,BOS,LAX,JetBlue Airways,B6,Airbus A319-321,19860,2606,coach
14ea727ad1c616047752f0226c77d090,2022-04-16,2022-04-18,LAX,BOS,Q0AZZNN1,PT5H31M,1,False,False,True,315.35,353.60,5,2606,1650346200,2022-04-18T22:30:00.000-07:00,1650366060,2022-04-19T07:01:00.000-04:00,BOS,LAX,JetBlue Airways,B6,AIRBUS INDUSTRIE A321 SHARKLETS,19860,2606,coach
2ee415fa333ded769f9d06c2cefe84ed,2022-04-16,2022-04-18,LAX,BOS,KA0NA0MQ,PT5H32M,0,False,False,True,315.35,353.60,9,2606,1650293100,2022-04-18T07:45:00.000-07:00,1650313020,2022-04-18T16:17:00.000-04:00,BOS,LAX,Delta,DL,Boeing 757-200,19920,2606,coach
71f912d8317e477b49d69e42c34f90ed,2022-04-16,2022-04-18,LAX,BOS,VH0ABEL1,PT5H35M,1,False,False,True,315.35,353.60,7,2606,1650345900,2022-04-18T22:25:00.000-07:00,1650366000,2022-04-19T07:00:00.000-04:00,BOS,LAX,JetBlue Airways,B6,Airbus A319-321,20100,2606,coach
6b51771d32e17cb0661e9c4465c61942,2022-04-16,2022-04-18,LAX,BOS,VH0ABEL1,PT5H36M,0,False,False,True,315.35,353.60,7,2606,1650319500,2022-04-18T15:05:00.000-07:00,1650339660,2022-04-18T23:41:00.000-04:00,BOS,LAX,JetBlue Airways,B6,Airbus A319-321,20160,2606,coach
026e6cf62598821e4845c2d2502f97d0,2022-04-16,2022-04-18,LAX,BOS,KA0NA0MQ,PT5H38M,0,False,False,True,315.35,353.60,9,2606,1650310800,2022-04-18T12:40:00.000-07:00,1650331080,2022-04-18T21:18:00.000-04:00,BOS,LAX,Delta,DL,Boeing 757-200,20280,2606,coach
a696f6d6859760ca031ea0ff0830783a,2022-04-16,2022-04-18,LAX,BOS,VH0ABEL1,PT5H39M,0,False,False,True,315.35,353.60,7,2606,1650313740,2022-04-18T13:29:00.000-07:00,1650334080,2022-04-18T22:08:00.000-04:00,BOS,LAX,JetBlue Airways,B6,Airbus A319-321,20340,2606,coach
7a8a3f912dc197384bd54505f0ba04a5,2022-04-16,2022-04-18,LAX,BOS,VAA0PFEN,PT6H55M,1,False,False,False,315.35,362.60,9,2611,1650333420||1650344400,2022-04-18T18:57:00.000-07:00||2022-04-18T23:00:00.000-06:00,1650341760||1650358320,2022-04-18T22:16:00.000-06:00||2022-04-19T04:52:00.000-04:00,DEN||BOS,LAX||DEN,United||United,UA||UA,Boeing 737-900||Boeing 737-900,8340||13920,848||1763,coach||coach
99133b6e944564a05afaa721c2caa89c,2022-04-16,2022-04-18,LAX,BOS,VAA0PFEN,PT7H4M,0,False,False,False,315.35,362.60,4,2643,1650294900||1650315480,2022-04-18T08:15:00.000-07:00||2022-04-18T16:58:00.000-04:00,1650313380||1650320340,2022-04-18T16:23:00.000-04:00||2022-04-18T18:19:00.000-04:00,EWR||BOS,LAX||EWR,United||United,UA||UA,||Boeing 737-800,18480||4860,2458||185,coach||coach
0f7d9d4da5aae6fb0d0e0b256e4a3186,2022-04-16,2022-04-18,LAX,BOS,KA0NA0MQ,PT7H15M,1,False,False,False,315.35,362.60,9,2607,1650348540||1650367800,2022-04-18T23:09:00.000-07:00||2022-04-19T07:30:00.000-04:00,1650364200||1650374640,2022-04-19T06:30:00.000-04:00||2022-04-19T09:24:00.000-04:00,DTW||BOS,LAX||DTW,Delta||Delta,DL||DL,Airbus A321||Boeing 737-900,15660||6840,1985||622,coach||coach
41cc043deda03612e877f9aa00706086,2022-04-16,2022-04-18,LAX,BOS,VAA0PFEN,PT7H22M,1,False,False,False,315.35,362.60,4,2643,1650347100||1650369600,2022-04-18T22:45:00.000-07:00||2022-04-19T08:00:00.000-04:00,1650365400||1650373620,2022-04-19T06:50:00.000-04:00||2022-04-19T09:07:00.000-04:00,EWR||BOS,LAX||EWR,United||United,UA||UA,||Boeing 737-900,18300||4020,2458||185,coach||coach
21795d71a58d2e8474dd0d0855e36cf4,2022-04-16,2022-04-18,LAX,BOS,KA0NA0MQ,PT7H26M,0,False,False,False,315.35,362.60,9,2656,1650268560||1650285300,2022-04-18T00:56:00.000-07:00||2022-04-18T07:35:00.000-05:00,1650281760||1650295320,2022-04-18T06:36:00.000-05:00||2022-04-18T11:22:00.000-04:00,MSP||BOS,LAX||MSP,Delta||Delta,DL||DL,Boeing 737-900||Airbus A320,13200||10020,1534||1122,coach||coach
616885aa6066d068cbe301222e2e2bfc,2022-04-16,2022-04-18,LAX,BOS,VAA0PFEN,PT7H31M,1,False,False,False,315.35,362.60,6,2607,1650351540||1650370500,2022-04-18T23:59:00.000-07:00||2022-04-19T07:15:00.000-05:00,1650366180||1650378600,2022-04-19T06:03:00.000-05:00||2022-04-19T10:30:00.000-04:00,ORD||BOS,LAX||ORD,United||United,UA||UA,Boeing 737-900||Boeing 737-900,14640||8100,1745||862,coach||coach
47897b9285b5e69de7001e0a71c31eff,2022-04-16,2022-04-18,LAX,BOS,KA0NA0MQ,PT7H32M,0,False,False,False,315.35,362.60,9,2607,1650285540||1650305700,2022-04-18T05:39:00.000-07:00||2022-04-18T14:15:00.000-04:00,1650301500||1650312660,2022-04-18T13:05:00.000-04:00||2022-04-18T16:11:00.000-04:00,DTW||BOS,LAX||DTW,Delta||Delta,DL||DL,Airbus A321||Airbus A321,15960||6960,1985||622,coach||coach
2d8283023ea991313633561a1927b9c3,2022-04-16,2022-04-18,LAX,BOS,KA0NA0MQ,PT7H34M,1,False,False,False,315.35,362.60,9,2690,1650314700||1650325560,2022-04-18T13:45:00.000-07:00||2022-04-18T17:46:00.000-06:00,1650321300||1650341940,2022-04-18T16:35:00.000-06:00||2022-04-19T00:19:00.000-04:00,SLC||BOS,LAX||SLC,Delta||Delta,DL||DL,Boeing 737-900||Boeing 737-900,6600||16380,590||2100,coach||coach
f2fa9e9658a2dc740367a2f155b92d6a,2022-04-16,2022-04-18,LAX,BOS,VAA0PFEN,PT7H38M,1,False,False,False,315.35,362.60,5,2701,1650350280||1650371820,2022-04-18T23:38:00.000-07:00||2022-04-19T08:37:00.000-04:00,1650367740||1650377760,2022-04-19T07:29:00.000-04:00||2022-04-19T10:16:00.000-04:00,IAD||BOS,LAX||IAD,United||United,UA||UA,Boeing 737-900||Boeing 737-900,17460||5940,2295||406,coach||coach
4be92b8cd06bdd93683ab8ab1728f9c4,2022-04-16,2022-04-18,LAX,BOS,VAA0PFEN,PT7H44M,0,False,False,False,315.35,362.60,6,2611,1650283200||1650297000,2022-04-18T05:00:00.000-07:00||2022-04-18T09:50:00.000-06:00,1650291780||1650311040,2022-04-18T08:23:00.000-06:00||2022-04-18T15:44:00.000-04:00,DEN||BOS,LAX||DEN,United||United,UA||UA,Boeing 757-300||Boeing 737 MAX 9,8580||14040,848||1763,coach||coach
3943a12f85828e62873ce7bc83051c14,2022-04-16,2022-04-18,LAX,BOS,KA0NA0MQ,PT7H45M,0,False,False,False,315.35,362.60,2,2690,1650286500||1650297420,2022-04-18T05:55:00.000-07:00||2022-04-18T09:57:00.000-06:00,1650293520||1650314400,2022-04-18T08:52:00.000-06:00||2022-04-18T16:40:00.000-04:00,SLC||BOS,LAX||SLC,Delta||Delta,DL||DL,Boeing 737-900||Boeing 737-800,7020||16980,590||2100,coach||coach
746520cc276df510818f8103e5ae5e38,2022-04-16,2022-04-18,LAX,BOS,L0AHZNN1,PT7H49M,1,False,False,False,315.35,362.60,3,2607,1650351300||1650371100,2022-04-18T23:55:00.000-07:00||2022-04-19T07:25:00.000-05:00,1650365220||1650379440,2022-04-19T05:47:00.000-05:00||2022-04-19T10:44:00.000-04:00,ORD||BOS,LAX||ORD,American Airlines||American Airlines,AA||AA,Boeing 737-800||Embraer 175,13920||8340,1745||862,coach||coach
f4d680b94f97610d015abd3aa1f6df8e,2022-04-16,2022-04-18,LAX,BOS,VAA0PFEN,PT7H54M,0,False,False,False,315.35,362.60,7,2611,1650311100||1650325440,2022-04-18T12:45:00.000-07:00||2022-04-18T17:44:00.000-06:00,1650319500||1650339540,2022-04-18T16:05:00.000-06:00||2022-04-18T23:39:00.000-04:00,DEN||BOS,LAX||DEN,United||United,UA||UA,Boeing 737 MAX 9||Boeing 737 MAX 9,8400||14100,848||1763,coach||coach
327282e139b4bffd7fee7034bd0f42c3,2022-04-16,2022-04-18,LAX,BOS,VAA0PFEN,PT8H3M,0,False,False,False,315.35,362.60,9,3037,1650287400||1650295500,2022-04-18T06:10:00.000-07:00||2022-04-18T08:25:00.000-07:00,1650292860||1650316380,2022-04-18T07:41:00.000-07:00||2022-04-18T17:13:00.000-04:00,SFO||BOS,LAX||SFO,United||United,UA||UA,Boeing 737 MAX 9||Boeing 737 MAX 9,5460||20880,339||2698,coach||coach
e04825cd57ae90e7ef5afd1822b54f26,2022-04-16,2022-04-18,LAX,BOS,VAA0PFEN,PT8H6M,0,False,False,False,315.35,362.60,6,2611,1650305040||1650319860,2022-04-18T11:04:00.000-07:00||2022-04-18T16:11:00.000-06:00,1650313440||1650334200,2022-04-18T14:24:00.000-06:00||2022-04-18T22:10:00.000-04:00,DEN||BOS,LAX||DEN,United||United,UA||UA,Boeing 737-900||Boeing 737 MAX 9,8400||14340,848||1763,coach||coach
641823bc995436ad1f017578b6e18058,2022-04-16,2022-04-18,LAX,BOS,VAA0PFEN,PT8H9M,0,False,False,False,315.35,362.60,1,2643,1650294900||1650319140,2022-04-18T08:15:00.000-07:00||2022-04-18T17:59:00.000-04:00,1650313380||1650324240,2022-04-18T16:23:00.000-04:00||2022-04-18T19:24:00.000-04:00,EWR||BOS,LAX||EWR,United||United,UA||UA,||Boeing 737-900,18480||5100,2458||185,coach||coach
35a656727d3b6b4b3af4332ddbb93b9e,2022-04-16,2022-04-18,LAX,BOS,VAA0PFEN,PT8H15M,0,False,False,False,315.35,362.60,2,2985,1650309120||1650324900,2022-04-18T12:12:00.000-07:00||2022-04-18T18:35:00.000-05:00,1650320700||1650338820,2022-04-18T17:25:00.000-05:00||2022-04-18T23:27:00.000-04:00,IAH||BOS,LAX||IAH,United||United,UA||UA,Boeing 737-900||Boeing 737-900,11580||13920,1383||1602,coach||coach
c479b2885379584d81f20f0271ae031f,2022-04-16,2022-04-18,LAX,BOS,VAA0PFEN,PT8H16M,0,False,False,False,315.35,362.60,2,2607,1650303120||1650324120,2022-04-18T10:32:00.000-07:00||2022-04-18T18:22:00.000-05:00,1650318000||1650332880,2022-04-18T16:40:00.000-05:00||2022-04-18T21:48:00.000-04:00,ORD||BOS,LAX||ORD,United||United,UA||UA,Boeing 757-300||Boeing 737-900,14880||8760,1745||862,coach||coach
e76d6645a473bfb3acb359566ddb9692,2022-04-16,2022-04-18,LAX,BOS,KA0NA0MQ,PT8H24M,1,False,False,False,315.35,362.60,9,2607,1650344400||1650367800,2022-04-18T22:00:00.000-07:00||2022-04-19T07:30:00.000-04:00,1650359820||1650374640,2022-04-19T05:17:00.000-04:00||2022-04-19T09:24:00.000-04:00,DTW||BOS,LAX||DTW,Delta||Delta,DL||DL,Airbus A321||Boeing 737-900,15420||6840,1985||622,coach||coach
74dc22b2fe000a866d15e5de7718da73,2022-04-16,2022-04-18,LAX,BOS,VAA0PFEN,PT8H31M,1,False,False,False,315.35,362.60,9,2607,1650347940||1650370500,2022-04-18T22:59:00.000-07:00||2022-04-19T07:15:00.000-05:00,1650361920||1650378600,2022-04-19T04:52:00.000-05:00||2022-04-19T10:30:00.000-04:00,ORD||BOS,LAX||ORD,United||United,UA||UA,BOEING 787-9||Boeing 737-900,13980||8100,1745||862,coach||coach
2650c911469c952540b22a83a71acd3e,2022-04-16,2022-04-18,LAX,BOS,KA0NA0MQ,PT8H35M,0,False,False,False,315.35,362.60,1,2643,1650293100||1650318600,2022-04-18T07:45:00.000-07:00||2022-04-18T17:50:00.000-04:00,1650312540||1650324000,2022-04-18T16:09:00.000-04:00||2022-04-18T19:20:00.000-04:00,JFK||BOS,LAX||JFK,Delta||Delta,DL||DL,Boeing 767||Airbus A220-100,19440||5400,2458||185,coach||coach
b42e067b5ff5ba8e62ad6072849a4c20,2022-04-16,2022-04-18,LAX,BOS,KA0NA0MQ,PT8H36M,1,False,False,False,315.35,362.60,4,2643,1650349740||1650375900,2022-04-18T23:29:00.000-07:00||2022-04-19T09:45:00.000-04:00,1650369180||1650380700,2022-04-19T07:53:00.000-04:00||2022-04-19T11:05:00.000-04:00,JFK||BOS,LAX||JFK,Delta||Delta,DL||DL,Boeing 767||Embraer 175,19440||4800,2458||185,coach||coach
55ec6923e37fcbd0882f965e2dee806d,2022-04-16,2022-04-18,LAX,BOS,VAA0PFEN,PT8H39M,0,False,False,False,315.35,362.60,9,3037,1650303600||1650313500,2022-04-18T10:40:00.000-07:00||2022-04-18T13:25:00.000-07:00,1650309360||1650334740,2022-04-18T12:16:00.000-07:00||2022-04-18T22:19:00.000-04:00,SFO||BOS,LAX||SFO,United||United,UA||UA,Boeing 737-800||Boeing 737 MAX 9,5760||21240,339||2698,coach||coach
8a4b78908d4c2c7661a3cfd2494d40a9,2022-04-16,2022-04-18,LAX,BOS,VAA0PFEN,PT8H53M,1,False,False,False,315.35,362.60,8,2643,1650351300||1650378600,2022-04-18T23:55:00.000-07:00||2022-04-19T10:30:00.000-04:00,1650370260||1650383280,2022-04-19T08:11:00.000-04:00||2022-04-19T11:48:00.000-04:00,EWR||BOS,LAX||EWR,United||United,UA||UA,Boeing 767-300||Boeing 737-900,18960||4680,2458||185,coach||coach
8e30c203e480b8430d99e668d5f4d107,2022-04-16,2022-04-18,LAX,BOS,VAA0PFEN,PT9H9M,0,False,False,False,315.35,362.60,8,2643,1650291300||1650319140,2022-04-18T07:15:00.000-07:00||2022-04-18T17:59:00.000-04:00,1650310680||1650324240,2022-04-18T15:38:00.000-04:00||2022-04-18T19:24:00.000-04:00,EWR||BOS,LAX||EWR,United||United,UA||UA,Boeing 757-200||Boeing 737-900,19380||5100,2458||185,coach||coach
ef818d7513714d9b08cfad5d22be6247,2022-04-16,2022-04-18,LAX,BOS,VAA0PFEN,PT9H10M,1,False,False,False,315.35,362.60,9,3037,1650334500||1650346860,2022-04-18T19:15:00.000-07:00||2022-04-18T22:41:00.000-07:00,1650339960||1650367500,2022-04-18T20:46:00.000-07:00||2022-04-19T07:25:00.000-04:00,SFO||BOS,LAX||SFO,United||United,UA||UA,Airbus A319||Boeing 737 MAX 9,5460||20640,339||2698,coach||coach
4d068ca4d1ed0ab872ff23fbf986ec21,2022-04-16,2022-04-18,LAX,BOS,L0AHZNN1,PT9H17M,0,False,False,False,315.35,362.60,6,2930,1650296400||1650316200,2022-04-18T08:40:00.000-07:00||2022-04-18T16:10:00.000-05:00,1650306840||1650329820,2022-04-18T13:34:00.000-05:00||2022-04-18T20:57:00.000-04:00,AUS||BOS,LAX||AUS,American Airlines||American Airlines,AA||AA,Boeing 737-800||Airbus A319,10440||13620,1236||1694,coach||coach
71aa5f605e65c8c3248cf8409c3d8e53,2022-04-16,2022-04-18,LAX,BOS,L0AHZNN1,PT9H21M,1,False,False,False,315.35,362.60,6,2677,1650344700||1650372300,2022-04-18T22:05:00.000-07:00||2022-04-19T08:45:00.000-04:00,1650363180||1650378360,2022-04-19T06:13:00.000-04:00||2022-04-19T10:26:00.000-04:00,PHL||BOS,LAX||PHL,American Airlines||American Airlines,AA||AA,||Airbus A319,18480||6060,2397||280,coach||coach
432ae8d84d7537f1e430844f58c5ddc6,2022-04-16,2022-04-18,LAX,BOS,VAA0PFEN,PT9H24M,1,False,False,False,315.35,362.60,4,2607,1650351540||1650376500,2022-04-18T23:59:00.000-07:00||2022-04-19T08:55:00.000-05:00,1650366180||1650385380,2022-04-19T06:03:00.000-05:00||2022-04-19T12:23:00.000-04:00,ORD||BOS,LAX||ORD,United||United,UA||UA,Boeing 737-900||Embraer 175 (Enhanced Winglets),14640||8880,1745||862,coach||coach
de360fc2eff7a86317f96cad67bb2235,2022-04-16,2022-04-18,LAX,BOS,VAA0PFEN,PT9H34M,1,False,False,False,315.35,362.60,9,2611,1650323880||1650344400,2022-04-18T16:18:00.000-07:00||2022-04-18T23:00:00.000-06:00,1650332100||1650358320,2022-04-18T19:35:00.000-06:00||2022-04-19T04:52:00.000-04:00,DEN||BOS,LAX||DEN,United||United,UA||UA,Boeing 757-200||Boeing 737-900,8220||13920,848||1763,coach||coach
d4c4ca1f66a828d49e96864774f5e663,2022-04-16,2022-04-18,LAX,BOS,KA0NA0MQ,PT9H35M,1,False,False,False,315.35,362.60,9,3445,1650328200||1650343860,2022-04-18T17:30:00.000-07:00||2022-04-18T21:51:00.000-07:00,1650338340||1650362700,2022-04-18T20:19:00.000-07:00||2022-04-19T06:05:00.000-04:00,SEA||BOS,LAX||SEA,Delta||Delta,DL||DL,Airbus A321||Boeing 737-900,10140||18840,956||2489,coach||coach
57c8c79a16397679a2c7cd3a66101ec2,2022-04-16,2022-04-18,LAX,BOS,VAA0PFEN,PT9H35M,0,False,False,False,315.35,362.60,7,2611,1650305040||1650325440,2022-04-18T11:04:00.000-07:00||2022-04-18T17:44:00.000-06:00,1650313440||1650339540,2022-04-18T14:24:00.000-06:00||2022-04-18T23:39:00.000-04:00,DEN||BOS,LAX||DEN,United||United,UA||UA,Boeing 737-900||Boeing 737 MAX 9,8400||14100,848||1763,coach||coach
54041844a93807ab94003deb7a15e83e,2022-04-16,2022-04-18,LAX,BOS,VAA0PFEN,PT9H40M,1,False,False,False,315.35,362.60,9,2701,1650342960||1650371820,2022-04-18T21:36:00.000-07:00||2022-04-19T08:37:00.000-04:00,1650360540||1650377760,2022-04-19T05:29:00.000-04:00||2022-04-19T10:16:00.000-04:00,IAD||BOS,LAX||IAD,United||United,UA||UA,Airbus A319||Boeing 737-900,17580||5940,2295||406,coach||coach
bd9a9b66a80db9c3e22e46ca7a869966,2022-04-16,2022-04-18,LAX,BOS,KA0NA0MQ,PT9H52M,0,False,False,False,315.35,362.60,9,3445,1650304800||1650321300,2022-04-18T11:00:00.000-07:00||2022-04-18T15:35:00.000-07:00,1650315120||1650340320,2022-04-18T13:52:00.000-07:00||2022-04-18T23:52:00.000-04:00,SEA||BOS,LAX||SEA,Delta||Delta,DL||DL,Boeing 737-900||Boeing 737-900,10320||19020,956||2489,coach||coach
00fc0ca57b84f1fa94bc5bb8d792bfe4,2022-04-16,2022-04-18,LAX,BOS,L0AHZNN1,PT9H56M,0,False,False,False,315.35,362.60,3,3599,1650269940||1650293400,2022-04-18T01:19:00.000-07:00||2022-04-18T10:50:00.000-04:00,1650287940||1650305700,2022-04-18T09:19:00.000-04:00||2022-04-18T14:15:00.000-04:00,MIA||BOS,LAX||MIA,American Airlines||American Airlines,AA||AA,||Boeing 737-800,18000||12300,2339||1260,coach||coach
f3237ed1e55ca141d59c6a05a4513b8c,2022-04-16,2022-04-18,LAX,BOS,L0AHZNN1,PT10H,1,False,False,False,315.35,362.60,7,2677,1650344700||1650375600,2022-04-18T22:05:00.000-07:00||2022-04-19T09:40:00.000-04:00,1650363180||1650380700,2022-04-19T06:13:00.000-04:00||2022-04-19T11:05:00.000-04:00,PHL||BOS,LAX||PHL,American Airlines||American Airlines,AA||AA,||,18480||5100,2397||280,coach||coach
2ccdbe24e2fd38f0dcc88b287f6c24e2,2022-04-16,2022-04-18,LAX,BOS,VAA0PFEN,PT10H3M,1,False,False,False,315.35,362.60,4,2643,1650347100||1650378600,2022-04-18T22:45:00.000-07:00||2022-04-19T10:30:00.000-04:00,1650365400||1650383280,2022-04-19T06:50:00.000-04:00||2022-04-19T11:48:00.000-04:00,EWR||BOS,LAX||EWR,United||United,UA||UA,||Boeing 737-900,18300||4680,2458||185,coach||coach
23af301300e076d2ecb1004daa33c962,2022-04-16,2022-04-18,LAX,BOS,VAA0PFEN,PT10H5M,0,False,False,False,315.35,362.60,3,2985,1650302520||1650324900,2022-04-18T10:22:00.000-07:00||2022-04-18T18:35:00.000-05:00,1650314040||1650338820,2022-04-18T15:34:00.000-05:00||2022-04-18T23:27:00.000-04:00,IAH||BOS,LAX||IAH,United||United,UA||UA,Boeing 737-900||Boeing 737-900,11520||13920,1383||1602,coach||coach
7bf4b23862051bae24be76bc8932c562,2022-04-16,2022-04-18,LAX,BOS,VAA0PFEN,PT10H5M,1,False,False,False,315.35,362.60,8,2643,1650351300||1650383520,2022-04-18T23:55:00.000-07:00||2022-04-19T11:52:00.000-04:00,1650370260||1650387600,2022-04-19T08:11:00.000-04:00||2022-04-19T13:00:00.000-04:00,EWR||BOS,LAX||EWR,United||United,UA||UA,Boeing 767-300||Boeing 737 MAX 9,18960||4080,2458||185,coach||coach
34dc4140160076f37b8cb6cce730dbad,2022-04-16,2022-04-18,LAX,BOS,KA0NA0MQ,PT10H9M,1,False,False,False,315.35,362.60,9,2690,1650305400||1650325560,2022-04-18T11:10:00.000-07:00||2022-04-18T17:46:00.000-06:00,1650312120||1650341940,2022-04-18T14:02:00.000-06:00||2022-04-19T00:19:00.000-04:00,SLC||BOS,LAX||SLC,Delta||Delta,DL||DL,Boeing 737-900||Boeing 737-900,6720||16380,590||2100,coach||coach
1b4e41d6201376900da566ed386a53ff,2022-04-16,2022-04-18,LAX,BOS,L0AHZNN1,PT10H9M,1,False,False,False,315.35,362.60,1,2666,1650325500||1650344400,2022-04-18T16:45:00.000-07:00||2022-04-18T22:00:00.000-07:00,1650330420||1650362040,2022-04-18T18:07:00.000-07:00||2022-04-19T05:54:00.000-04:00,PHX||BOS,LAX||PHX,American Airlines||American Airlines,AA||AA,Airbus A320||,4920||17640,370||2296,coach||coach
b27f01f39255b5dbc136056973454ce8,2022-04-16,2022-04-18,LAX,BOS,VAA0PFEN,PT10H15M,0,False,False,False,315.35,362.60,6,2611,1650297300||1650319860,2022-04-18T08:55:00.000-07:00||2022-04-18T16:11:00.000-06:00,1650305700||1650334200,2022-04-18T12:15:00.000-06:00||2022-04-18T22:10:00.000-04:00,DEN||BOS,LAX||DEN,United||United,UA||UA,Boeing 737-800||Boeing 737 MAX 9,8400||14340,848||1763,coach||coach
f42c4c65ff569c875285512651e15006,2022-04-16,2022-04-18,LAX,BOS,KA0NA0MQ,PT11H2M,0,False,False,False,315.35,362.60,9,3445,1650300600||1650321300,2022-04-18T09:50:00.000-07:00||2022-04-18T15:35:00.000-07:00,1650310920||1650340320,2022-04-18T12:42:00.000-07:00||2022-04-18T23:52:00.000-04:00,SEA||BOS,LAX||SEA,Delta||Delta,DL||DL,Boeing 737-800||Boeing 737-900,10320||19020,956||2489,coach||coach
7c325052db9d455a89bc991f41df876b,2022-04-16,2022-04-18,LAX,BOS,VAA0PFEN,PT11H4M,0,False,False,False,315.35,362.60,9,3037,1650294900||1650313500,2022-04-18T08:15:00.000-07:00||2022-04-18T13:25:00.000-07:00,1650300600||1650334740,2022-04-18T09:50:00.000-07:00||2022-04-18T22:19:00.000-04:00,SFO||BOS,LAX||SFO,United||United,UA||UA,Boeing 737-800||Boeing 737 MAX 9,5700||21240,339||2698,coach||coach
c3c4fd4d3bbff35579073bba6f6541a8,2022-04-16,2022-04-18,LAX,BOS,L0AHZNN1,PT11H8M,0,False,False,False,315.35,362.60,6,3599,1650269940||1650298200,2022-04-18T01:19:00.000-07:00||2022-04-18T12:10:00.000-04:00,1650287940||1650310020,2022-04-18T09:19:00.000-04:00||2022-04-18T15:27:00.000-04:00,MIA||BOS,LAX||MIA,American Airlines||American Airlines,AA||AA,||,18000||11820,2339||1260,coach||coach
fe8d64c9cb66bed349ee5b3c9805aea6,2022-04-16,2022-04-18,LAX,BOS,L0AHZNN1,PT10H33M,1,False,False,False,315.35,367.10,4,2745,1650351300||1650372900||1650384000,2022-04-18T23:55:00.000-07:00||2022-04-19T07:55:00.000-05:00||2022-04-19T12:00:00.000-04:00,1650365220||1650379800||1650389280,2022-04-19T05:47:00.000-05:00||2022-04-19T10:50:00.000-04:00||2022-04-19T13:28:00.000-04:00,ORD||DCA||BOS,LAX||ORD||DCA,American Airlines||American Airlines||American Airlines,AA||AA||AA,Boeing 737-800||Embraer 175||Airbus A319,13920||6900||5280,1745||594||406,coach||coach||coach
8a8c662973fb647b6d6a1a6566ed80c6,2022-04-16,2022-04-18,LAX,BOS,L0AHZNN1,PT12H41M,1,False,False,False,315.35,367.10,4,2745,1650351300||1650372900||1650391200,2022-04-18T23:55:00.000-07:00||2022-04-19T07:55:00.000-05:00||2022-04-19T14:00:00.000-04:00,1650365220||1650379800||1650396960,2022-04-19T05:47:00.000-05:00||2022-04-19T10:50:00.000-04:00||2022-04-19T15:36:00.000-04:00,ORD||DCA||BOS,LAX||ORD||DCA,American Airlines||American Airlines||American Airlines,AA||AA||AA,Boeing 737-800||Embraer 175||Airbus A319,13920||6900||5760,1745||594||406,coach||coach||coach
6a9d22d3c8fde8d7d29cf7b89c6d6959,2022-04-16,2022-04-18,LAX,BOS,V0XSNR,PT9H31M,1,False,False,False,268.00,375.58,0,,1650328620||1650345300,2022-04-18T17:37:00.000-07:00||2022-04-18T22:15:00.000-07:00,1650333060||1650362880,2022-04-18T18:51:00.000-07:00||2022-04-19T06:08:00.000-04:00,LAS||BOS,LAX||LAS,Spirit Airlines||Spirit Airlines,NK||NK,||,4440||17580,None||None,coach||coach
475c27095acea15943c4973e54724f80,2022-04-16,2022-04-18,LAX,BOS,RH0AUEL1,PT10H20M,1,False,False,False,337.68,386.61,7,2643,1650351300||1650384000,2022-04-18T23:55:00.000-07:00||2022-04-19T12:00:00.000-04:00,1650371400||1650388500,2022-04-19T08:30:00.000-04:00||2022-04-19T13:15:00.000-04:00,JFK||BOS,LAX||JFK,JetBlue Airways||JetBlue Airways,B6||B6,Airbus A319-321||Embraer 190,20100||4500,2458||185,coach||coach
b6d1c318747e65f9117e406142947137,2022-04-16,2022-04-18,LAX,BOS,L0AZZNN1,PT8H52M,0,False,False,False,339.53,388.60,1,2643,1650308400||1650322800,2022-04-18T12:00:00.000-07:00||2022-04-18T16:00:00.000-07:00,1650312540||1650340320,2022-04-18T13:09:00.000-07:00||2022-04-18T23:52:00.000-04:00,PHX||BOS,ONT||PHX,American Airlines||American Airlines,AA||AA,Airbus A319||,4140||17520,347||2296,coach||coach
ec517d81ca323c06a95888801790b1c8,2022-04-16,2022-04-18,LAX,BOS,RH0AUEL1,PT11H35M,0,False,False,False,337.68,392.21,7,2643,1650290100||1650326400,2022-04-18T06:55:00.000-07:00||2022-04-18T20:00:00.000-04:00,1650310020||1650331800,2022-04-18T15:27:00.000-04:00||2022-04-18T21:30:00.000-04:00,JFK||BOS,LAX||JFK,JetBlue Airways||JetBlue Airways,B6||B6,Airbus A319-321||Embraer 190,19920||5400,2458||185,coach||coach
4180a44ad01ff1adb747511df8928975,2022-04-16,2022-04-18,LAX,BOS,H0AJZNN1,PT5H35M,0,False,False,True,352.56,393.60,2,2606,1650295800,2022-04-18T08:30:00.000-07:00,1650315900,2022-04-18T17:05:00.000-04:00,BOS,LAX,JetBlue Airways,B6,AIRBUS INDUSTRIE A321 SHARKLETS,20100,2606,coach
d945fa77a07c4eff99e58611112d0623,2022-04-16,2022-04-18,LAX,BOS,M0AJZNN1,PT5H35M,0,False,False,True,352.56,393.60,2,2606,1650295800,2022-04-18T08:30:00.000-07:00,1650315900,2022-04-18T17:05:00.000-04:00,BOS,LAX,American Airlines,AA,AIRBUS INDUSTRIE A321 SHARKLETS,20100,2606,coach
f8463d092d26ca7ec4e8666e1734666a,2022-04-16,2022-04-18,LAX,BOS,M0AJZNN1,PT8H38M,0,False,False,False,352.56,402.60,1,2666,1650309240||1650322800,2022-04-18T12:14:00.000-07:00||2022-04-18T16:00:00.000-07:00,1650314280||1650340320,2022-04-18T13:38:00.000-07:00||2022-04-18T23:52:00.000-04:00,PHX||BOS,LAX||PHX,American Airlines||American Airlines,AA||AA,Airbus A320||,5040||17520,370||2296,coach||coach
590f54bbcdf961dba5a2578ea6860575,2022-04-16,2022-04-18,LAX,BOS,KH0ABEY5,PT5H31M,0,False,False,True,372.56,415.10,7,2606,1650285900,2022-04-18T05:45:00.000-07:00,1650305760,2022-04-18T14:16:00.000-04:00,BOS,LAX,American Airlines,AA,Airbus A321,19860,2606,coach
8a8a2bb6412478ea8826a1c6a89facee,2022-04-16,2022-04-18,LAX,BOS,KH0ABEY5,PT5H39M,0,False,False,True,372.56,415.10,7,2606,1650313740,2022-04-18T13:29:00.000-07:00,1650334080,2022-04-18T22:08:00.000-04:00,BOS,LAX,American Airlines,AA,Airbus A321,20340,2606,coach
b0d7f1620f61c989e3290f3c41675982,2022-04-16,2022-04-18,LAX,BOS,QAA0OKEN,PT7H12M,0,False,False,False,367.44,418.60,6,2590,1650313620||1650325440,2022-04-18T13:27:00.000-07:00||2022-04-18T17:44:00.000-06:00,1650321540||1650339540,2022-04-18T16:39:00.000-06:00||2022-04-18T23:39:00.000-04:00,DEN||BOS,ONT||DEN,United||United,UA||UA,Boeing 737-800||Boeing 737 MAX 9,7920||14100,827||1763,coach||coach
d69e16d885a0ec39f3d70c4ce9dece29,2022-04-16,2022-04-18,LAX,BOS,QAA0OKEN,PT8H13M,0,False,False,False,367.44,418.60,2,3049,1650286800||1650295500,2022-04-18T06:00:00.000-07:00||2022-04-18T08:25:00.000-07:00,1650291900||1650316380,2022-04-18T07:25:00.000-07:00||2022-04-18T17:13:00.000-04:00,SFO||BOS,ONT||SFO,United||United,UA||UA,Boeing 737-800||Boeing 737 MAX 9,5100||20880,351||2698,coach||coach
71c53022bce24d6151f2b6f04fb7ff68,2022-04-16,2022-04-18,LAX,BOS,VH0OAJMN,PT8H45M,0,False,False,False,372.09,423.60,5,3037,1650287100||1650298500,2022-04-18T06:05:00.000-07:00||2022-04-18T09:15:00.000-07:00,1650292260||1650318600,2022-04-18T07:31:00.000-07:00||2022-04-18T17:50:00.000-04:00,SFO||BOS,LAX||SFO,Alaska Airlines||Alaska Airlines,AS||AS,Embraer 175||Boeing 737-800,5160||20100,339||2698,coach||coach
596e0b1f8577cfb2b8efe47ede9046d7,2022-04-16,2022-04-18,LAX,BOS,LH0OAVMN,PT7H49M,0,False,False,False,480.00,539.60,5,2643,1650302400||1650325680,2022-04-18T10:20:00.000-07:00||2022-04-18T19:48:00.000-04:00,1650321600||1650330540,2022-04-18T18:40:00.000-04:00||2022-04-18T21:09:00.000-04:00,EWR||BOS,LAX||EWR,Alaska Airlines||Delta,AS||DL,Boeing 737-900||Embraer 175,19200||4860,2458||185,coach||coach
e3ac2f20164436f836d99cf3aa660d2a,2022-04-16,2022-04-18,LAX,BOS,LH0OAVMN,PT7H54M,0,False,False,False,480.00,539.60,5,2643,1650296100||1650319800,2022-04-18T08:35:00.000-07:00||2022-04-18T18:10:00.000-04:00,1650315300||1650324540,2022-04-18T16:55:00.000-04:00||2022-04-18T19:29:00.000-04:00,EWR||BOS,LAX||EWR,Alaska Airlines||Delta,AS||DL,Boeing 737-900||Embraer 175,19200||4740,2458||185,coach||coach
e74bf72ada54657df91c8fdcb8ec2190,2022-04-16,2022-04-18,LAX,BOS,Y0CXHO,PT10H20M,1,False,False,False,446.00,553.58,0,,1650343500||1650369600,2022-04-18T21:45:00.000-07:00||2022-04-19T08:00:00.000-04:00,1650360540||1650380700,2022-04-19T05:29:00.000-04:00||2022-04-19T11:05:00.000-04:00,FLL||BOS,LAX||FLL,Spirit Airlines||Spirit Airlines,NK||NK,||,17040||11100,None||None,coach||coach
0d4abfa9794edc72f29e9a94dcbee480,2022-04-16,2022-04-19,BOS,LAX,LA3NA0BQ,PT6H26M,0,True,False,True,274.42,309.60,9,2606,1650410400,2022-04-19T19:20:00.000-04:00,1650433560,2022-04-19T22:46:00.000-07:00,LAX,BOS,Delta,DL,Boeing 757-200,23160,2606,coach
f494d11e9f60e23459948ef15ec95f3d,2022-04-16,2022-04-19,BOS,LAX,WAA3PFEN,PT8H34M,1,False,False,False,274.42,318.60,4,2701,1650411960||1650422100,2022-04-19T19:46:00.000-04:00||2022-04-19T22:35:00.000-04:00,1650417600||1650442800,2022-04-19T21:20:00.000-04:00||2022-04-20T01:20:00.000-07:00,IAD||LAX,BOS||IAD,United||United,UA||UA,Boeing 737-900||Boeing 737-900,5640||20700,406||2295,coach||coach
20b06dcadbd399c56c8087772b322e52,2022-04-16,2022-04-19,BOS,LAX,WAA3PFEN,PT8H38M,0,False,False,False,274.42,318.60,3,2643,1650382200||1650391200,2022-04-19T11:30:00.000-04:00||2022-04-19T14:00:00.000-04:00,1650387300||1650413280,2022-04-19T12:55:00.000-04:00||2022-04-19T17:08:00.000-07:00,EWR||LAX,BOS||EWR,United||United,UA||UA,Boeing 737-900||Boeing 757-200,5100||22080,185||2458,coach||coach
fb4291484ff8d1718b6743645559b922,2022-04-16,2022-04-19,BOS,LAX,WAA3PFEN,PT8H57M,0,False,False,False,274.42,318.60,4,2643,1650388020||1650398400,2022-04-19T13:07:00.000-04:00||2022-04-19T16:00:00.000-04:00,1650393000||1650420240,2022-04-19T14:30:00.000-04:00||2022-04-19T19:04:00.000-07:00,EWR||LAX,BOS||EWR,United||United,UA||UA,Boeing 737-900||Boeing 767-300,4980||21840,185||2458,coach||coach
44245d09823f635407e33a535165a2a9,2022-04-16,2022-04-19,BOS,LAX,WAA3PFEN,PT8H58M,0,False,False,False,274.42,318.60,3,2643,1650391200||1650402000,2022-04-19T14:00:00.000-04:00||2022-04-19T17:00:00.000-04:00,1650396660||1650423480,2022-04-19T15:31:00.000-04:00||2022-04-19T19:58:00.000-07:00,EWR||LAX,BOS||EWR,United||United,UA||UA,Boeing 737 MAX 9||,5460||21480,185||2458,coach||coach
840af8ce11d67308e8f154853bae4250,2022-04-16,2022-04-19,BOS,LAX,WAA3PFEN,PT9H51M,0,False,False,False,274.42,318.60,4,2643,1650388020||1650402000,2022-04-19T13:07:00.000-04:00||2022-04-19T17:00:00.000-04:00,1650393000||1650423480,2022-04-19T14:30:00.000-04:00||2022-04-19T19:58:00.000-07:00,EWR||LAX,BOS||EWR,United||United,UA||UA,Boeing 737-900||,4980||21480,185||2458,coach||coach
12d3188a576d5b703a21292cdc84326f,2022-04-16,2022-04-19,BOS,LAX,WAA3PFEN,PT10H34M,0,False,False,False,274.42,318.60,3,2643,1650382200||1650398400,2022-04-19T11:30:00.000-04:00||2022-04-19T16:00:00.000-04:00,1650387300||1650420240,2022-04-19T12:55:00.000-04:00||2022-04-19T19:04:00.000-07:00,EWR||LAX,BOS||EWR,United||United,UA||UA,Boeing 737-900||Boeing 767-300,5100||21840,185||2458,coach||coach
7a33a54b62d3adbb6694ddc6a0fa82a4,2022-04-16,2022-04-19,BOS,LAX,WAA3PFEN,PT10H59M,0,False,False,False,274.42,318.60,7,2643,1650373740||1650391200,2022-04-19T09:09:00.000-04:00||2022-04-19T14:00:00.000-04:00,1650378780||1650413280,2022-04-19T10:33:00.000-04:00||2022-04-19T17:08:00.000-07:00,EWR||LAX,BOS||EWR,United||United,UA||UA,Boeing 737-900||Boeing 757-200,5040||22080,185||2458,coach||coach
f0e3b78910664c9c5a7655e468f990a2,2022-04-16,2022-04-19,BOS,LAX,V3AZZNN1,PT12H56M,0,False,False,False,274.42,318.60,1,3599,1650373200||1650397800,2022-04-19T09:00:00.000-04:00||2022-04-19T15:50:00.000-04:00,1650386160||1650419760,2022-04-19T12:36:00.000-04:00||2022-04-19T18:56:00.000-07:00,MIA||LAX,BOS||MIA,American Airlines||American Airlines,AA||AA,Boeing 737-800||,12960||21960,1260||2339,coach||coach
c8419ba5eb5b1fe4b32644a24b461e49,2022-04-16,2022-04-19,BOS,LAX,VAA3OHEN,PT6H27M,0,False,False,True,310.70,348.60,1,2606,1650362100,2022-04-19T05:55:00.000-04:00,1650385320,2022-04-19T09:22:00.000-07:00,LAX,BOS,United,UA,Boeing 737 MAX 9,23220,2606,coach
9be11c3eaa0c9859aee4f70b94456872,2022-04-16,2022-04-19,BOS,LAX,VAA3KKEN,PT9H14M,0,False,False,False,305.12,351.60,1,2643,1650366600||1650378600,2022-04-19T07:10:00.000-04:00||2022-04-19T10:30:00.000-04:00,1650371820||1650399840,2022-04-19T08:37:00.000-04:00||2022-04-19T13:24:00.000-07:00,EWR||LAX,BOS||EWR,United||United,UA||UA,Boeing 737-900||,5220||21240,185||2458,coach||coach
73b3d8b85f9b6899b0192d47b59859cb,2022-04-16,2022-04-19,BOS,LAX,VAA3KKEN,PT10H19M,0,False,False,False,305.12,351.60,1,2643,1650362700||1650378600,2022-04-19T06:05:00.000-04:00||2022-04-19T10:30:00.000-04:00,1650367740||1650399840,2022-04-19T07:29:00.000-04:00||2022-04-19T13:24:00.000-07:00,EWR||LAX,BOS||EWR,United||United,UA||UA,Boeing 737-900||,5040||21240,185||2458,coach||coach
2cdf158f868bf385d584d82680ed13f7,2022-04-16,2022-04-19,BOS,LAX,BH0AUEL1,PT6H18M,0,False,False,True,325.58,364.60,7,2606,1650362520,2022-04-19T06:02:00.000-04:00,1650385200,2022-04-19T09:20:00.000-07:00,LAX,BOS,JetBlue Airways,B6,Airbus A319-321,22680,2606,coach
ad6feb8e6fd8a141640d6a6d703ec6d2,2022-04-16,2022-04-19,BOS,LAX,BH0AUEL1,PT6H28M,0,False,False,True,325.58,364.60,7,2606,1650410340,2022-04-19T19:19:00.000-04:00,1650433620,2022-04-19T22:47:00.000-07:00,LAX,BOS,JetBlue Airways,B6,Airbus A319-321,23280,2606,coach
97bb07f5a54ce11cbef1c0b8cdfa0f4e,2022-04-16,2022-04-19,BOS,LAX,QAA0KKEN,PT8H47M,0,False,False,False,340.47,389.61,1,2643,1650396540||1650405600,2022-04-19T15:29:00.000-04:00||2022-04-19T18:00:00.000-04:00,1650401940||1650428160,2022-04-19T16:59:00.000-04:00||2022-04-19T21:16:00.000-07:00,EWR||LAX,BOS||EWR,United||United,UA||UA,Boeing 737-900||Boeing 757-200,5400||22560,185||2458,coach||coach
35d145c7967aeba6217e04fb87b7289e,2022-04-16,2022-04-19,BOS,LAX,M0AJZNN1,PT6H29M,0,False,False,True,352.56,393.60,6,2606,1650411300,2022-04-19T19:35:00.000-04:00,1650434640,2022-04-19T23:04:00.000-07:00,LAX,BOS,American Airlines,AA,AIRBUS INDUSTRIE A321 SHARKLETS,23340,2606,coach
826481777e0e2a8c3c9a9ef5094ac079,2022-04-16,2022-04-19,BOS,LAX,M0AJZNN1,PT6H35M,0,False,False,True,352.56,393.60,2,2606,1650405600,2022-04-19T18:00:00.000-04:00,1650429300,2022-04-19T21:35:00.000-07:00,LAX,BOS,American Airlines,AA,AIRBUS INDUSTRIE A321 SHARKLETS,23700,2606,coach
bb368e00ccaac64848fe617478adfbd9,2022-04-16,2022-04-19,BOS,LAX,QAA0OHEN,PT6H23M,0,False,False,True,366.51,408.60,3,2606,1650404640,2022-04-19T17:44:00.000-04:00,1650427620,2022-04-19T21:07:00.000-07:00,LAX,BOS,United,UA,Boeing 737-800,22980,2606,coach
1f5e445330225544c1fe304dd0161a4c,2022-04-16,2022-04-19,BOS,LAX,HA0NA0MC,PT9H10M,0,False,False,False,384.19,436.60,4,2674,1650362700||1650389400,2022-04-19T06:05:00.000-04:00||2022-04-19T11:30:00.000-06:00,1650382500||1650395700,2022-04-19T09:35:00.000-06:00||2022-04-19T12:15:00.000-07:00,SLC||ONT,BOS||SLC,Delta||Delta,DL||DL,Boeing 737-900||Boeing 737-800,19800||6300,2100||574,coach||coach
30687cb13e16e0509c21bc3fc855af94,2022-04-16,2022-04-19,BOS,LAX,HH0KUEY5,PT6H18M,0,False,False,True,409.30,454.60,7,2606,1650362520,2022-04-19T06:02:00.000-04:00,1650385200,2022-04-19T09:20:00.000-07:00,LAX,BOS,American Airlines,AA,Airbus A321,22680,2606,coach
46e044bc2ce7cc5342ade02597fad62c,2022-04-16,2022-04-19,BOS,LAX,HH0KUEY5,PT6H28M,0,False,False,True,409.30,454.60,7,2606,1650410340,2022-04-19T19:19:00.000-04:00,1650433620,2022-04-19T22:47:00.000-07:00,LAX,BOS,American Airlines,AA,Airbus A321,23280,2606,coach
9838662a33d6072fe37dc85cc03b2840,2022-04-16,2022-04-19,BOS,LAX,HA0OA0MQ,PT10H40M,0,False,False,False,402.79,456.60,1,2643,1650391800||1650407700,2022-04-19T14:10:00.000-04:00||2022-04-19T18:35:00.000-04:00,1650396900||1650430200,2022-04-19T15:35:00.000-04:00||2022-04-19T21:50:00.000-07:00,EWR||LAX,BOS||EWR,Delta||Alaska Airlines,DL||AS,Embraer 175||Boeing 737-800,5100||22500,185||2458,coach||coach
1e0bd5c3b6e6bed9f009dd408f08a9a9,2022-04-16,2022-04-19,BOS,LAX,HAA0JFEN,PT9H16M,0,False,False,False,413.02,467.60,1,2590,1650363300||1650388680,2022-04-19T06:15:00.000-04:00||2022-04-19T11:18:00.000-06:00,1650379920||1650396660,2022-04-19T08:52:00.000-06:00||2022-04-19T12:31:00.000-07:00,DEN||ONT,BOS||DEN,United||United,UA||UA,Boeing 737-900||Boeing 737-800,16620||7980,1763||827,coach||coach
e89303573d0aa43c310da90a9fbcb8b7,2022-04-16,2022-04-19,BOS,LAX,K0AJZNN1,PT6H38M,0,False,False,True,422.33,468.61,1,2606,1650363600,2022-04-19T06:20:00.000-04:00,1650387480,2022-04-19T09:58:00.000-07:00,LAX,BOS,American Airlines,AA,AIRBUS INDUSTRIE A321 SHARKLETS,23880,2606,coach
ca8c54f21b0106ace5e890fb92b0a79a,2022-04-16,2022-04-19,BOS,LAX,HH0KUEL1,PT6H23M,0,False,False,True,427.91,474.60,7,2606,1650378600,2022-04-19T10:30:00.000-04:00,1650401580,2022-04-19T13:53:00.000-07:00,LAX,BOS,JetBlue Airways,B6,Airbus A319-321,22980,2606,coach
6d5724cfd618f5c45e0991fc7016b910,2022-04-16,2022-04-19,BOS,LAX,HH0KUEL1,PT6H24M,0,False,False,True,427.91,474.60,7,2606,1650401700,2022-04-19T16:55:00.000-04:00,1650424740,2022-04-19T20:19:00.000-07:00,LAX,BOS,JetBlue Airways,B6,Airbus A319-321,23040,2606,coach
4996963b1969f162dedc221498a9e69b,2022-04-16,2022-04-19,BOS,LAX,K0AJZNN1,PT11H4M,0,False,False,False,422.33,476.11,1,2849,1650380100||1650400800,2022-04-19T10:55:00.000-04:00||2022-04-19T16:40:00.000-04:00,1650388920||1650419940,2022-04-19T13:22:00.000-04:00||2022-04-19T18:59:00.000-07:00,CLT||LAX,BOS||CLT,American Airlines||American Airlines,AA||AA,Airbus A321||Airbus A321,8820||19140,728||2121,coach||coach
e878bf1243ae9c90119ee681d955c1b3,2022-04-16,2022-04-19,BOS,LAX,QAA0OHEN,PT9H21M,0,False,False,False,440.00,496.60,1,2643,1650396540||1650407700,2022-04-19T15:29:00.000-04:00||2022-04-19T18:35:00.000-04:00,1650401940||1650430200,2022-04-19T16:59:00.000-04:00||2022-04-19T21:50:00.000-07:00,EWR||LAX,BOS||EWR,United||Alaska Airlines,UA||AS,Boeing 737-900||Boeing 737-800,5400||22500,185||2458,coach||coach
68e13d847190bbdb6eb0f89f5b91229a,2022-04-16,2022-04-19,BOS,LAX,Y0CXHO,PT14H26M,1,False,False,False,446.00,553.58,0,,1650387060||1650417900,2022-04-19T12:51:00.000-04:00||2022-04-19T21:25:00.000-04:00,1650399120||1650439020,2022-04-19T16:12:00.000-04:00||2022-04-20T00:17:00.000-07:00,FLL||LAX,BOS||FLL,Spirit Airlines||Spirit Airlines,NK||NK,||,12060||21120,None||None,coach||coach
e55529cc233172e4fd690f5f0e353f68,2022-04-16,2022-04-19,BOS,LAX,MA0OA0MQ,PT6H21M,0,False,False,True,524.65,578.60,8,2606,1650378840,2022-04-19T10:34:00.000-04:00,1650401700,2022-04-19T13:55:00.000-07:00,LAX,BOS,Delta,DL,Boeing 757-200,22860,2606,coach
1cc1b9732d0ca8621540da2633fb11aa,2022-04-16,2022-04-19,BOS,LAX,MA0OA0MQ,PT6H26M,0,False,False,True,524.65,578.60,4,2606,1650369540,2022-04-19T07:59:00.000-04:00,1650392700,2022-04-19T11:25:00.000-07:00,LAX,BOS,Delta,DL,Boeing 757-200,23160,2606,coach
38cc0c5d16ca882072289bd845878d24,2022-04-16,2022-04-19,BOS,LAX,KH0OASMN,PT16H16M,1,False,False,False,570.23,642.20,7,3037,1650406500||1650459600,2022-04-19T18:15:00.000-04:00||2022-04-20T06:00:00.000-07:00,1650430860||1650465060,2022-04-19T22:01:00.000-07:00||2022-04-20T07:31:00.000-07:00,SFO||LAX,BOS||SFO,Alaska Airlines||Alaska Airlines,AS||AS,Boeing 737-800||Embraer 175,24360||5460,2698||339,coach||coach
b5319fd9b69c83551cd6260a46a20c83,2022-04-16,2022-04-19,BOS,LAX,YH0KUEY5,PT6H23M,0,False,False,True,609.30,669.60,7,2606,1650378600,2022-04-19T10:30:00.000-04:00,1650401580,2022-04-19T13:53:00.000-07:00,LAX,BOS,American Airlines,AA,Airbus A321,22980,2606,coach
88bcac4c8d0ad8e5039d58ca001e7dc8,2022-04-16,2022-04-19,BOS,LAX,YH0KUEY5,PT6H24M,0,False,False,True,609.30,669.60,7,2606,1650401700,2022-04-19T16:55:00.000-04:00,1650424740,2022-04-19T20:19:00.000-07:00,LAX,BOS,American Airlines,AA,Airbus A321,23040,2606,coach
70de7b722862b4b55b6f5a193279db2e,2022-04-16,2022-04-19,BOS,LAX,MH0OAVMN,PT15H34M,1,False,False,False,651.16,729.20,7,3366,1650413100||1650460500,2022-04-19T20:05:00.000-04:00||2022-04-20T06:15:00.000-07:00,1650435660||1650469140,2022-04-19T23:21:00.000-07:00||2022-04-20T08:39:00.000-07:00,PDX||LAX,BOS||PDX,Alaska Airlines||Alaska Airlines,AS||AS,Boeing 737-900||Boeing 737 MAX 9,22560||8640,2531||835,coach||coach
978fe1d3ce41d0fa7d37042dd1448676,2022-04-16,2022-04-19,BOS,LAX,MH0OAVMN,PT15H10M,1,False,False,False,735.25,819.59,7,3368,1650413100||1650459600,2022-04-19T20:05:00.000-04:00||2022-04-20T06:00:00.000-07:00,1650435660||1650467700,2022-04-19T23:21:00.000-07:00||2022-04-20T08:15:00.000-07:00,PDX||ONT,BOS||PDX,Alaska Airlines||Alaska Airlines,AS||AS,Boeing 737-900||Airbus A320,22560||8100,2531||837,coach||coach
f9886b0d6af6b2a58c057996c6d6b19d,2022-04-16,2022-04-19,LAX,BOS,WAA3PFEN,PT7H12M,0,False,False,False,234.42,275.60,9,2590,1650400020||1650411840,2022-04-19T13:27:00.000-07:00||2022-04-19T17:44:00.000-06:00,1650407940||1650425940,2022-04-19T16:39:00.000-06:00||2022-04-19T23:39:00.000-04:00,DEN||BOS,ONT||DEN,United||United,UA||UA,Boeing 737-800||Boeing 737-800,7920||14100,827||1763,coach||coach
cab7b91d0b76254fcf56a35943f7f12d,2022-04-16,2022-04-19,LAX,BOS,UA3NA0BC,PT7H39M,1,True,False,False,234.42,275.60,9,2674,1650400800||1650411960,2022-04-19T13:40:00.000-07:00||2022-04-19T17:46:00.000-06:00,1650407040||1650428340,2022-04-19T16:24:00.000-06:00||2022-04-20T00:19:00.000-04:00,SLC||BOS,ONT||SLC,Delta||Delta,DL||DL,Boeing 737-800||Boeing 737-900,6240||16380,574||2100,coach||coach
e329986dc28c5e23ea00078e76c4938c,2022-04-16,2022-04-19,LAX,BOS,WAA3PFEN,PT7H58M,1,False,False,False,234.42,275.60,5,3049,1650425220||1650433260,2022-04-19T20:27:00.000-07:00||2022-04-19T22:41:00.000-07:00,1650430800||1650453900,2022-04-19T22:00:00.000-07:00||2022-04-20T07:25:00.000-04:00,SFO||BOS,ONT||SFO,United||United,UA||UA,Canadair Regional Jet||Boeing 737 MAX 9,5580||20640,351||2698,coach||coach
ad6fbb6f99215743e47f5f784bf93fed,2022-04-16,2022-04-19,LAX,BOS,WAA3PFEN,PT8H13M,0,False,False,False,234.42,275.60,9,3049,1650373200||1650381900,2022-04-19T06:00:00.000-07:00||2022-04-19T08:25:00.000-07:00,1650378300||1650402780,2022-04-19T07:25:00.000-07:00||2022-04-19T17:13:00.000-04:00,SFO||BOS,ONT||SFO,United||United,UA||UA,Boeing 737-800||Boeing 737 MAX 9,5100||20880,351||2698,coach||coach
41aeb57b96e913bd48c1fb41e64884f8,2022-04-16,2022-04-19,LAX,BOS,WAA3PFEN,PT8H32M,0,False,False,False,234.42,275.60,4,3049,1650390420||1650399900,2022-04-19T10:47:00.000-07:00||2022-04-19T13:25:00.000-07:00,1650396000||1650421140,2022-04-19T12:20:00.000-07:00||2022-04-19T22:19:00.000-04:00,SFO||BOS,ONT||SFO,United||United,UA||UA,Canadair Regional Jet||Boeing 737 MAX 9,5580||21240,351||2698,coach||coach
6cce1886f87779923c48ad50ca79efd8,2022-04-16,2022-04-19,LAX,BOS,WAA3PFEN,PT9H50M,1,False,False,False,234.42,275.60,9,2962,1650437400||1650459300,2022-04-19T23:50:00.000-07:00||2022-04-20T07:55:00.000-05:00,1650448380||1650472800,2022-04-20T04:53:00.000-05:00||2022-04-20T12:40:00.000-04:00,IAH||BOS,ONT||IAH,United||United,UA||UA,Airbus A320||Boeing 737-800,10980||13500,1360||1602,coach||coach
4cf3ca86223dae2974428c58daf70489,2022-04-16,2022-04-19,LAX,BOS,WAA3PFEN,PT5H29M,1,False,False,True,274.42,309.60,7,2606,1650433860,2022-04-19T22:51:00.000-07:00,1650453600,2022-04-20T07:20:00.000-04:00,BOS,LAX,United,UA,Boeing 737 MAX 9,19740,2606,coach
4b1025b27761607c715dd4950b98019e,2022-04-16,2022-04-19,LAX,BOS,WAA3PFEN,PT5H29M,0,False,False,True,274.42,309.60,3,2606,1650381300,2022-04-19T08:15:00.000-07:00,1650401040,2022-04-19T16:44:00.000-04:00,BOS,LAX,United,UA,Boeing 737-800,19740,2606,coach
0a40fcd04fdf078df226051753529c3b,2022-04-16,2022-04-19,LAX,BOS,RH3ABEL1,PT5H31M,0,False,False,True,274.42,309.60,7,2606,1650372300,2022-04-19T05:45:00.000-07:00,1650392160,2022-04-19T14:16:00.000-04:00,BOS,LAX,JetBlue Airways,B6,Airbus A319-321,19860,2606,coach
38d362caab10fdebde37f9f186050a17,2022-04-16,2022-04-19,LAX,BOS,RH3ABEL1,PT5H33M,1,False,False,True,274.42,309.60,7,2606,1650431700,2022-04-19T22:15:00.000-07:00,1650451680,2022-04-20T06:48:00.000-04:00,BOS,LAX,JetBlue Airways,B6,Airbus A319-321,19980,2606,coach
104d93e4f8d8cd859d41333ca8cc49d4,2022-04-16,2022-04-19,LAX,BOS,RH3ABEL1,PT5H36M,0,False,False,True,274.42,309.60,7,2606,1650405900,2022-04-19T15:05:00.000-07:00,1650426060,2022-04-19T23:41:00.000-04:00,BOS,LAX,JetBlue Airways,B6,Airbus A319-321,20160,2606,coach
6305a2417a04321636ed2d59664858b9,2022-04-16,2022-04-19,LAX,BOS,RH3ABEL1,PT5H39M,0,False,False,True,274.42,309.60,7,2606,1650400200,2022-04-19T13:30:00.000-07:00,1650420540,2022-04-19T22:09:00.000-04:00,BOS,LAX,JetBlue Airways,B6,Airbus A319-321,20340,2606,coach
323b7f3b30723ce8d0ec1b76d39af72a,2022-04-16,2022-04-19,LAX,BOS,V3AZZNN1,PT7H59M,0,False,False,False,274.42,317.10,2,2849,1650373500||1650394500,2022-04-19T06:05:00.000-07:00||2022-04-19T14:55:00.000-04:00,1650390720||1650402240,2022-04-19T13:52:00.000-04:00||2022-04-19T17:04:00.000-04:00,CLT||BOS,LAX||CLT,American Airlines||American Airlines,AA||AA,Airbus A321||Airbus A320,17220||7740,2121||728,coach||coach
940c7d39380821a4958b7af50752db18,2022-04-16,2022-04-19,LAX,BOS,WAA3PFEN,PT7H4M,0,False,False,False,274.42,318.60,7,2643,1650381300||1650401880,2022-04-19T08:15:00.000-07:00||2022-04-19T16:58:00.000-04:00,1650399780||1650406740,2022-04-19T16:23:00.000-04:00||2022-04-19T18:19:00.000-04:00,EWR||BOS,LAX||EWR,United||United,UA||UA,||Boeing 737-900,18480||4860,2458||185,coach||coach
28b15c648cc432564fe95dcaf4669eaa,2022-04-16,2022-04-19,LAX,BOS,V3AZZNN1,PT7H7M,0,False,False,False,274.42,318.60,4,2634,1650384360||1650399900,2022-04-19T09:06:00.000-07:00||2022-04-19T15:25:00.000-05:00,1650397440||1650409980,2022-04-19T14:44:00.000-05:00||2022-04-19T19:13:00.000-04:00,STL||BOS,LAX||STL,American Airlines||American Airlines,AA||AA,Airbus A319||Airbus A319,13080||10080,1589||1045,coach||coach
5e2de1efe21ee47c672f613dbb00fdf8,2022-04-16,2022-04-19,LAX,BOS,WAA3PFEN,PT7H19M,1,False,False,False,274.42,318.60,9,2611,1650419820||1650432000,2022-04-19T18:57:00.000-07:00||2022-04-19T23:20:00.000-06:00,1650428160||1650446160,2022-04-19T22:16:00.000-06:00||2022-04-20T05:16:00.000-04:00,DEN||BOS,LAX||DEN,United||United,UA||UA,Boeing 757-300||Boeing 737-800,8340||14160,848||1763,coach||coach
59154e1eaec502ea666a0b993ff15cd7,2022-04-16,2022-04-19,LAX,BOS,WAA3PFEN,PT7H31M,1,False,False,False,274.42,318.60,5,2607,1650437940||1650456900,2022-04-19T23:59:00.000-07:00||2022-04-20T07:15:00.000-05:00,1650452580||1650465000,2022-04-20T06:03:00.000-05:00||2022-04-20T10:30:00.000-04:00,ORD||BOS,LAX||ORD,United||United,UA||UA,Boeing 737-800||Boeing 737-800,14640||8100,1745||862,coach||coach
1ec0b86761af2cf510719a561b492e14,2022-04-16,2022-04-19,LAX,BOS,V3AZZNN1,PT7H37M,0,False,False,False,274.42,318.60,1,2607,1650373800||1650392700,2022-04-19T06:10:00.000-07:00||2022-04-19T13:25:00.000-05:00,1650388620||1650401220,2022-04-19T12:17:00.000-05:00||2022-04-19T16:47:00.000-04:00,ORD||BOS,LAX||ORD,American Airlines||American Airlines,AA||AA,Boeing 737-800||Embraer 175,14820||8520,1745||862,coach||coach
7134be10130b00bca27c761423fcbd3c,2022-04-16,2022-04-19,LAX,BOS,WAA3PFEN,PT7H38M,1,False,False,False,274.42,318.60,9,2701,1650436680||1650458220,2022-04-19T23:38:00.000-07:00||2022-04-20T08:37:00.000-04:00,1650454140||1650464160,2022-04-20T07:29:00.000-04:00||2022-04-20T10:16:00.000-04:00,IAD||BOS,LAX||IAD,United||United,UA||UA,Boeing 737-900||Boeing 737-800,17460||5940,2295||406,coach||coach
e0d6e010539af645eb79f902e0db5ac7,2022-04-16,2022-04-19,LAX,BOS,WAA3PFEN,PT7H39M,1,False,False,False,274.42,318.60,4,2643,1650433500||1650456900,2022-04-19T22:45:00.000-07:00||2022-04-20T08:15:00.000-04:00,1650451800||1650461040,2022-04-20T06:50:00.000-04:00||2022-04-20T09:24:00.000-04:00,EWR||BOS,LAX||EWR,United||United,UA||UA,||Boeing 737-700,18300||4140,2458||185,coach||coach
7a0dd09bca9ea6643fe1152202271c74,2022-04-16,2022-04-19,LAX,BOS,WAA3PFEN,PT7H43M,0,False,False,False,274.42,318.60,1,2643,1650397500||1650420480,2022-04-19T12:45:00.000-07:00||2022-04-19T22:08:00.000-04:00,1650416040||1650425280,2022-04-19T20:54:00.000-04:00||2022-04-19T23:28:00.000-04:00,EWR||BOS,LAX||EWR,United||United,UA||UA,||Boeing 737-700,18540||4800,2458||185,coach||coach
7556bfd41d23d2b7f50974ea848394f4,2022-04-16,2022-04-19,LAX,BOS,WAA3PFEN,PT7H44M,0,False,False,False,274.42,318.60,2,2611,1650369600||1650383400,2022-04-19T05:00:00.000-07:00||2022-04-19T09:50:00.000-06:00,1650378180||1650397440,2022-04-19T08:23:00.000-06:00||2022-04-19T15:44:00.000-04:00,DEN||BOS,LAX||DEN,United||United,UA||UA,Boeing 757-300||Boeing 737 MAX 9,8580||14040,848||1763,coach||coach
a71d8bc10006536249832512846a6dc9,2022-04-16,2022-04-19,LAX,BOS,V3AZZNN1,PT7H44M,0,False,False,False,274.42,318.60,2,2607,1650399300||1650418500,2022-04-19T13:15:00.000-07:00||2022-04-19T20:35:00.000-05:00,1650414000||1650427140,2022-04-19T19:20:00.000-05:00||2022-04-19T23:59:00.000-04:00,ORD||BOS,LAX||ORD,American Airlines||American Airlines,AA||AA,Boeing 737-800||Boeing 737-800,14700||8640,1745||862,coach||coach
fdb9a327bf9f93c2f6d5960239d585fa,2022-04-16,2022-04-19,LAX,BOS,V3AZZNN1,PT7H49M,1,False,False,False,274.42,318.60,7,2607,1650437700||1650457500,2022-04-19T23:55:00.000-07:00||2022-04-20T07:25:00.000-05:00,1650451620||1650465840,2022-04-20T05:47:00.000-05:00||2022-04-20T10:44:00.000-04:00,ORD||BOS,LAX||ORD,American Airlines||American Airlines,AA||AA,Boeing 737-800||Embraer 175,13920||8340,1745||862,coach||coach
f74e35e0dc841ef941ec69f7fbd28052,2022-04-16,2022-04-19,LAX,BOS,WAA3PFEN,PT7H54M,0,False,False,False,274.42,318.60,2,2643,1650393000||1650416340,2022-04-19T11:30:00.000-07:00||2022-04-19T20:59:00.000-04:00,1650412920||1650421440,2022-04-19T20:02:00.000-04:00||2022-04-19T22:24:00.000-04:00,EWR||BOS,LAX||EWR,United||United,UA||UA,Boeing 757-200||Boeing 737-900,19920||5100,2458||185,coach||coach
f1e94ba7c8726920e6a1797e54d148b7,2022-04-16,2022-04-19,LAX,BOS,WAA3PFEN,PT7H54M,0,False,False,False,274.42,318.60,8,2611,1650397500||1650411840,2022-04-19T12:45:00.000-07:00||2022-04-19T17:44:00.000-06:00,1650405900||1650425940,2022-04-19T16:05:00.000-06:00||2022-04-19T23:39:00.000-04:00,DEN||BOS,LAX||DEN,United||United,UA||UA,Boeing 737 MAX 9||Boeing 737-800,8400||14100,848||1763,coach||coach
a3c9874391491719b902685daa2a6b37,2022-04-16,2022-04-19,LAX,BOS,WAA3PFEN,PT8H3M,0,False,False,False,274.42,318.60,9,3037,1650373800||1650381900,2022-04-19T06:10:00.000-07:00||2022-04-19T08:25:00.000-07:00,1650379260||1650402780,2022-04-19T07:41:00.000-07:00||2022-04-19T17:13:00.000-04:00,SFO||BOS,LAX||SFO,United||United,UA||UA,Boeing 737-800||Boeing 737 MAX 9,5460||20880,339||2698,coach||coach
2885507f8dd7378f1c179139363f81fa,2022-04-16,2022-04-19,LAX,BOS,WAA3PFEN,PT8H4M,0,False,False,False,274.42,318.60,9,2643,1650377700||1650401880,2022-04-19T07:15:00.000-07:00||2022-04-19T16:58:00.000-04:00,1650397080||1650406740,2022-04-19T15:38:00.000-04:00||2022-04-19T18:19:00.000-04:00,EWR||BOS,LAX||EWR,United||United,UA||UA,Boeing 757-200||Boeing 737-900,19380||4860,2458||185,coach||coach
4910417700557c86cd64bfa02b349917,2022-04-16,2022-04-19,LAX,BOS,V3AZZNN1,PT8H5M,0,False,False,False,274.42,318.60,3,2794,1650384000||1650399900,2022-04-19T09:00:00.000-07:00||2022-04-19T15:25:00.000-05:00,1650395100||1650413100,2022-04-19T14:05:00.000-05:00||2022-04-19T20:05:00.000-04:00,DFW||BOS,LAX||DFW,American Airlines||American Airlines,AA||AA,Airbus A321||Airbus A321,11100||13200,1238||1556,coach||coach
0ce0724ed3f0b6ff34b68d5484076bdb,2022-04-16,2022-04-19,LAX,BOS,V3AZZNN1,PT8H6M,0,False,False,False,274.42,318.60,7,2794,1650373200||1650389040,2022-04-19T06:00:00.000-07:00||2022-04-19T12:24:00.000-05:00,1650384300||1650402360,2022-04-19T11:05:00.000-05:00||2022-04-19T17:06:00.000-04:00,DFW||BOS,LAX||DFW,American Airlines||American Airlines,AA||AA,Airbus A321||Airbus A321,11100||13320,1238||1556,coach||coach
418540b28eebd581c69a0c6d7e719250,2022-04-16,2022-04-19,LAX,BOS,WAA3PFEN,PT8H6M,0,False,False,False,274.42,318.60,3,2611,1650391440||1650406260,2022-04-19T11:04:00.000-07:00||2022-04-19T16:11:00.000-06:00,1650399840||1650420600,2022-04-19T14:24:00.000-06:00||2022-04-19T22:10:00.000-04:00,DEN||BOS,LAX||DEN,United||United,UA||UA,Airbus A319||Boeing 737 MAX 9,8400||14340,848||1763,coach||coach
11eb3b7d719916f247a1836bc80663f0,2022-04-16,2022-04-19,LAX,BOS,WAA3PFEN,PT8H9M,0,False,False,False,274.42,318.60,7,2643,1650381300||1650405540,2022-04-19T08:15:00.000-07:00||2022-04-19T17:59:00.000-04:00,1650399780||1650410640,2022-04-19T16:23:00.000-04:00||2022-04-19T19:24:00.000-04:00,EWR||BOS,LAX||EWR,United||United,UA||UA,||Boeing 737-700,18480||5100,2458||185,coach||coach
510ed8c3949bafc7315c945aff32030b,2022-04-16,2022-04-19,LAX,BOS,WAA3PFEN,PT8H15M,1,False,False,False,274.42,318.60,3,2701,1650398400||1650421980,2022-04-19T13:00:00.000-07:00||2022-04-19T22:33:00.000-04:00,1650415860||1650428100,2022-04-19T20:51:00.000-04:00||2022-04-20T00:15:00.000-04:00,IAD||BOS,LAX||IAD,United||United,UA||UA,Boeing 767||Boeing 737-900,17460||6120,2295||406,coach||coach
7a756c692043f8d8f81e2e043ab66518,2022-04-16,2022-04-19,LAX,BOS,V3AZZNN1,PT8H16M,0,False,False,False,274.42,318.60,7,2794,1650396900||1650413400,2022-04-19T12:35:00.000-07:00||2022-04-19T19:10:00.000-05:00,1650407880||1650426660,2022-04-19T17:38:00.000-05:00||2022-04-19T23:51:00.000-04:00,DFW||BOS,LAX||DFW,American Airlines||American Airlines,AA||AA,||Boeing 737-800,10980||13260,1238||1556,coach||coach
fbc7727fa2a3f4e4bf85a60ece84884f,2022-04-16,2022-04-19,LAX,BOS,WAA3PFEN,PT8H31M,1,False,False,False,274.42,318.60,6,2607,1650434340||1650456900,2022-04-19T22:59:00.000-07:00||2022-04-20T07:15:00.000-05:00,1650448320||1650465000,2022-04-20T04:52:00.000-05:00||2022-04-20T10:30:00.000-04:00,ORD||BOS,LAX||ORD,United||United,UA||UA,BOEING 787-9||Boeing 737-800,13980||8100,1745||862,coach||coach
1bc5c3974849dfc13ab51d105bc26890,2022-04-16,2022-04-19,LAX,BOS,LA3NA0BQ,PT8H35M,0,True,False,False,274.42,318.60,9,2643,1650379500||1650405000,2022-04-19T07:45:00.000-07:00||2022-04-19T17:50:00.000-04:00,1650398940||1650410400,2022-04-19T16:09:00.000-04:00||2022-04-19T19:20:00.000-04:00,JFK||BOS,LAX||JFK,Delta||Delta,DL||DL,Boeing 767||Airbus A220-100,19440||5400,2458||185,coach||coach
3c9d26e1424d8ed7a446fe87e40deeed,2022-04-16,2022-04-19,LAX,BOS,WAA3PFEN,PT8H39M,0,False,False,False,274.42,318.60,9,3037,1650390000||1650399900,2022-04-19T10:40:00.000-07:00||2022-04-19T13:25:00.000-07:00,1650395760||1650421140,2022-04-19T12:16:00.000-07:00||2022-04-19T22:19:00.000-04:00,SFO||BOS,LAX||SFO,United||United,UA||UA,Boeing 737-800||Boeing 737 MAX 9,5760||21240,339||2698,coach||coach
35ef8d39435596a8473d218a8d838b42,2022-04-16,2022-04-19,LAX,BOS,WAA3PFEN,PT8H53M,1,False,False,False,274.42,318.60,7,2643,1650437700||1650465000,2022-04-19T23:55:00.000-07:00||2022-04-20T10:30:00.000-04:00,1650456660||1650469680,2022-04-20T08:11:00.000-04:00||2022-04-20T11:48:00.000-04:00,EWR||BOS,LAX||EWR,United||United,UA||UA,Boeing 767-300||Airbus A319,18960||4680,2458||185,coach||coach
3ce3b757668532241c7d7ea5cf631643,2022-04-16,2022-04-19,LAX,BOS,WAA3PFEN,PT8H58M,0,False,False,False,274.42,318.60,2,2643,1650393000||1650420480,2022-04-19T11:30:00.000-07:00||2022-04-19T22:08:00.000-04:00,1650412920||1650425280,2022-04-19T20:02:00.000-04:00||2022-04-19T23:28:00.000-04:00,EWR||BOS,LAX||EWR,United||United,UA||UA,Boeing 757-200||Boeing 737-700,19920||4800,2458||185,coach||coach
f65fd5909971299f29080d176d1540b3,2022-04-16,2022-04-19,LAX,BOS,LA3NA0BQ,PT8H59M,0,True,False,False,274.42,318.60,5,2656,1650393900||1650416280,2022-04-19T11:45:00.000-07:00||2022-04-19T19:58:00.000-05:00,1650406740||1650426240,2022-04-19T17:19:00.000-05:00||2022-04-19T23:44:00.000-04:00,MSP||BOS,LAX||MSP,Delta||Delta,DL||DL,Boeing 737-900||Boeing 737-900,12840||9960,1534||1122,coach||coach
8703e76f9515dc0c9fc59e33f0911708,2022-04-16,2022-04-19,LAX,BOS,V3AZZNN1,PT9H5M,0,False,False,False,274.42,318.60,4,2794,1650380400||1650399900,2022-04-19T08:00:00.000-07:00||2022-04-19T15:25:00.000-05:00,1650391500||1650413100,2022-04-19T13:05:00.000-05:00||2022-04-19T20:05:00.000-04:00,DFW||BOS,LAX||DFW,American Airlines||American Airlines,AA||AA,Airbus A321||Airbus A321,11100||13200,1238||1556,coach||coach
554793390bdcad7aac1b8dc6f6d1c831,2022-04-16,2022-04-19,LAX,BOS,WAA3PFEN,PT9H9M,0,False,False,False,274.42,318.60,9,2643,1650377700||1650405540,2022-04-19T07:15:00.000-07:00||2022-04-19T17:59:00.000-04:00,1650397080||1650410640,2022-04-19T15:38:00.000-04:00||2022-04-19T19:24:00.000-04:00,EWR||BOS,LAX||EWR,United||United,UA||UA,Boeing 757-200||Boeing 737-700,19380||5100,2458||185,coach||coach
fa607f48a2e74783fe26e0d1070fd06a,2022-04-16,2022-04-19,LAX,BOS,WAA3PFEN,PT9H10M,1,False,False,False,274.42,318.60,4,3037,1650420900||1650433260,2022-04-19T19:15:00.000-07:00||2022-04-19T22:41:00.000-07:00,1650426360||1650453900,2022-04-19T20:46:00.000-07:00||2022-04-20T07:25:00.000-04:00,SFO||BOS,LAX||SFO,United||United,UA||UA,Airbus A319||Boeing 737 MAX 9,5460||20640,339||2698,coach||coach
14d9b0fdb79aaef7a22049b2c3171f55,2022-04-16,2022-04-19,LAX,BOS,V3AZZNN1,PT9H11M,1,False,False,False,274.42,318.60,7,2607,1650437700||1650462300,2022-04-19T23:55:00.000-07:00||2022-04-20T08:45:00.000-05:00,1650451620||1650470760,2022-04-20T05:47:00.000-05:00||2022-04-20T12:06:00.000-04:00,ORD||BOS,LAX||ORD,American Airlines||American Airlines,AA||AA,Boeing 737-800||Embraer 175,13920||8460,1745||862,coach||coach
edc68f517c7e8072456cad77cec5dffd,2022-04-16,2022-04-19,LAX,BOS,LA3NA0BQ,PT9H15M,1,True,False,False,274.42,318.60,9,3445,1650415800||1650430260,2022-04-19T17:50:00.000-07:00||2022-04-19T21:51:00.000-07:00,1650425760||1650449100,2022-04-19T20:36:00.000-07:00||2022-04-20T06:05:00.000-04:00,SEA||BOS,LAX||SEA,Delta||Delta,DL||DL,Boeing 737-900||Boeing 737-900,9960||18840,956||2489,coach||coach
c0377fad88e8d678df2e1e6c12e392bd,2022-04-16,2022-04-19,LAX,BOS,V3AZZNN1,PT9H17M,0,False,False,False,274.42,318.60,4,2930,1650382800||1650402600,2022-04-19T08:40:00.000-07:00||2022-04-19T16:10:00.000-05:00,1650393240||1650416220,2022-04-19T13:34:00.000-05:00||2022-04-19T20:57:00.000-04:00,AUS||BOS,LAX||AUS,American Airlines||American Airlines,AA||AA,Boeing 737-800||Airbus A319,10440||13620,1236||1694,coach||coach
86947ac2641af6cb2070622893b89d16,2022-04-16,2022-04-19,LAX,BOS,V3AZZNN1,PT9H21M,0,False,False,False,274.42,318.60,6,2794,1650393000||1650413400,2022-04-19T11:30:00.000-07:00||2022-04-19T19:10:00.000-05:00,1650403500||1650426660,2022-04-19T16:25:00.000-05:00||2022-04-19T23:51:00.000-04:00,DFW||BOS,LAX||DFW,American Airlines||American Airlines,AA||AA,BOEING 787-9||Boeing 737-800,10500||13260,1238||1556,coach||coach
a45977013004378e8c1fc6d3f8b8f78a,2022-04-16,2022-04-19,LAX,BOS,V3AZZNN1,PT9H21M,1,False,False,False,274.42,318.60,7,2677,1650431100||1650458700,2022-04-19T22:05:00.000-07:00||2022-04-20T08:45:00.000-04:00,1650449580||1650464760,2022-04-20T06:13:00.000-04:00||2022-04-20T10:26:00.000-04:00,PHL||BOS,LAX||PHL,American Airlines||American Airlines,AA||AA,||Airbus A319,18480||6060,2397||280,coach||coach
1e2008ffb259f7c7723f1120126aa903,2022-04-16,2022-04-19,LAX,BOS,V3AZZNN1,PT9H23M,1,False,False,False,274.42,318.60,4,3599,1650430980||1650452700,2022-04-19T22:03:00.000-07:00||2022-04-20T07:05:00.000-04:00,1650448920||1650464760,2022-04-20T06:02:00.000-04:00||2022-04-20T10:26:00.000-04:00,MIA||BOS,LAX||MIA,American Airlines||American Airlines,AA||AA,||Boeing 737 MAX 8,17940||12060,2339||1260,coach||coach
f431acf88991570f3ce72473d6734043,2022-04-16,2022-04-19,LAX,BOS,WAA3PFEN,PT9H40M,1,False,False,False,274.42,318.60,1,2701,1650429360||1650458220,2022-04-19T21:36:00.000-07:00||2022-04-20T08:37:00.000-04:00,1650446940||1650464160,2022-04-20T05:29:00.000-04:00||2022-04-20T10:16:00.000-04:00,IAD||BOS,LAX||IAD,United||United,UA||UA,Airbus A319||Boeing 737-800,17580||5940,2295||406,coach||coach
b5320fe356307a5ee935c950a984524e,2022-04-16,2022-04-19,LAX,BOS,V3AZZNN1,PT10H,1,False,False,False,274.42,318.60,7,2677,1650431100||1650462000,2022-04-19T22:05:00.000-07:00||2022-04-20T09:40:00.000-04:00,1650449580||1650467100,2022-04-20T06:13:00.000-04:00||2022-04-20T11:05:00.000-04:00,PHL||BOS,LAX||PHL,American Airlines||American Airlines,AA||AA,||,18480||5100,2397||280,coach||coach
5975595e3377c53be9822ddae639f5c9,2022-04-16,2022-04-19,LAX,BOS,WAA3PFEN,PT10H3M,1,False,False,False,274.42,318.60,4,2643,1650433500||1650465000,2022-04-19T22:45:00.000-07:00||2022-04-20T10:30:00.000-04:00,1650451800||1650469680,2022-04-20T06:50:00.000-04:00||2022-04-20T11:48:00.000-04:00,EWR||BOS,LAX||EWR,United||United,UA||UA,||Airbus A319,18300||4680,2458||185,coach||coach
1d482332dbcb673599836132a3d5f7d3,2022-04-16,2022-04-19,LAX,BOS,WAA3PFEN,PT10H10M,1,False,False,False,274.42,318.60,4,2643,1650437700||1650470220,2022-04-19T23:55:00.000-07:00||2022-04-20T11:57:00.000-04:00,1650456660||1650474300,2022-04-20T08:11:00.000-04:00||2022-04-20T13:05:00.000-04:00,EWR||BOS,LAX||EWR,United||United,UA||UA,Boeing 767-300||Airbus A319,18960||4080,2458||185,coach||coach
898725e9e9d813d7aa41682cda6a3cd0,2022-04-16,2022-04-19,LAX,BOS,V3AZZNN1,PT10H18M,1,False,False,False,274.42,318.60,3,3599,1650427680||1650452700,2022-04-19T21:08:00.000-07:00||2022-04-20T07:05:00.000-04:00,1650445200||1650464760,2022-04-20T05:00:00.000-04:00||2022-04-20T10:26:00.000-04:00,MIA||BOS,LAX||MIA,American Airlines||American Airlines,AA||AA,Boeing 777-200||Boeing 737 MAX 8,17520||12060,2339||1260,coach||coach
5d5978703515bce5c8f279dff1959397,2022-04-16,2022-04-19,LAX,BOS,L3AJZNN1,PT5H30M,0,False,False,True,283.72,319.60,1,2606,1650405600,2022-04-19T15:00:00.000-07:00,1650425400,2022-04-19T23:30:00.000-04:00,BOS,LAX,American Airlines,AA,AIRBUS INDUSTRIE A321 SHARKLETS,19800,2606,coach
db1dd9c2099d605667dfbe299b433ece,2022-04-16,2022-04-19,LAX,BOS,G3AZZNN1,PT15H59M,1,False,False,False,269.77,323.70,1,2821,1650396900||1650413100||1650448800,2022-04-19T12:35:00.000-07:00||2022-04-19T19:05:00.000-05:00||2022-04-20T06:00:00.000-04:00,1650407880||1650423600||1650454440,2022-04-19T17:38:00.000-05:00||2022-04-19T23:00:00.000-04:00||2022-04-20T07:34:00.000-04:00,DFW||DCA||BOS,LAX||DFW||DCA,American Airlines||American Airlines||American Airlines,AA||AA||AA,||Airbus A320||Airbus A319,10980||10500||5640,1238||1177||406,coach||coach||coach
7fb282ba2c93c2d93257c0c84afa2bdd,2022-04-16,2022-04-19,LAX,BOS,L3AJZNN1,PT7H6M,0,False,False,False,283.72,328.60,3,2666,1650374700||1650382440,2022-04-19T06:25:00.000-07:00||2022-04-19T08:34:00.000-07:00,1650379860||1650400260,2022-04-19T07:51:00.000-07:00||2022-04-19T16:31:00.000-04:00,PHX||BOS,LAX||PHX,American Airlines||American Airlines,AA||AA,Airbus A320||,5160||17820,370||2296,coach||coach
b227e21312f17f4e6b55fcc00a434b16,2022-04-16,2022-04-19,LAX,BOS,V3AZZNN1,PT7H54M,0,False,False,False,293.02,338.60,2,2771,1650398220||1650413400,2022-04-19T12:57:00.000-07:00||2022-04-19T19:10:00.000-05:00,1650408600||1650426660,2022-04-19T17:50:00.000-05:00||2022-04-19T23:51:00.000-04:00,DFW||BOS,ONT||DFW,American Airlines||American Airlines,AA||AA,Airbus A321||Boeing 737-800,10380||13260,1215||1556,coach||coach
92ba4c440d3c31192ea7661fb70f450c,2022-04-16,2022-04-19,LAX,BOS,VAA3KKEN,PT9H9M,0,False,False,False,305.12,347.10,1,2458,1650388500||1650416340,2022-04-19T10:15:00.000-07:00||2022-04-19T20:59:00.000-04:00,1650408420||1650421440,2022-04-19T18:47:00.000-04:00||2022-04-19T22:24:00.000-04:00,EWR||BOS,LAX||EWR,United||United,UA||UA,Boeing 757-200||Boeing 737-900,19920||5100,2458||185,coach||coach
9ffa13391592b1fbacce8e3ea66c9747,2022-04-16,2022-04-19,LAX,BOS,MH3ABEY5,PT5H31M,0,False,False,True,311.63,349.60,5,2606,1650372300,2022-04-19T05:45:00.000-07:00,1650392160,2022-04-19T14:16:00.000-04:00,BOS,LAX,American Airlines,AA,Airbus A321,19860,2606,coach
99e2bb3abbc015c2bd8b11b75107eaac,2022-04-16,2022-04-19,LAX,BOS,MH3ABEY5,PT5H33M,1,False,False,True,311.63,349.60,7,2606,1650431700,2022-04-19T22:15:00.000-07:00,1650451680,2022-04-20T06:48:00.000-04:00,BOS,LAX,American Airlines,AA,Airbus A321,19980,2606,coach
806bab7308aa8c98d9f9ab78a468a2bc,2022-04-16,2022-04-19,LAX,BOS,MH3ABEY5,PT5H39M,0,False,False,True,311.63,349.60,3,2606,1650400200,2022-04-19T13:30:00.000-07:00,1650420540,2022-04-19T22:09:00.000-04:00,BOS,LAX,American Airlines,AA,Airbus A321,20340,2606,coach
5797306796e4db484435b0de539fd1d3,2022-04-16,2022-04-19,LAX,BOS,KA0NA0MQ,PT5H30M,0,False,False,True,315.35,353.60,2,2606,1650405900,2022-04-19T15:05:00.000-07:00,1650425700,2022-04-19T23:35:00.000-04:00,BOS,LAX,Delta,DL,Boeing 757-200,19800,2606,coach
9291d26150d959f5d15086505ac1b3b1,2022-04-16,2022-04-19,LAX,BOS,KA0NA0MQ,PT5H30M,1,False,False,True,315.35,353.60,2,2606,1650429300,2022-04-19T21:35:00.000-07:00,1650449100,2022-04-20T06:05:00.000-04:00,BOS,LAX,Delta,DL,Boeing 757-200,19800,2606,coach
4f27f998af6f39bf65fbdd7c2ec38e2c,2022-04-16,2022-04-19,LAX,BOS,KA0NA0MQ,PT7H31M,0,False,False,False,315.35,362.60,1,2890,1650373200||1650391140,2022-04-19T06:00:00.000-07:00||2022-04-19T13:59:00.000-04:00,1650388080||1650400260,2022-04-19T13:08:00.000-04:00||2022-04-19T16:31:00.000-04:00,ATL||BOS,LAX||ATL,Delta||Delta,DL||DL,Airbus A321||Airbus A321,14880||9120,1943||947,coach||coach
0add25fa27cbf64c9bf08dfceb8cb1b4,2022-04-16,2022-04-19,LAX,BOS,KA0NA0MQ,PT7H34M,1,False,False,False,315.35,362.60,2,2690,1650401100||1650411960,2022-04-19T13:45:00.000-07:00||2022-04-19T17:46:00.000-06:00,1650407700||1650428340,2022-04-19T16:35:00.000-06:00||2022-04-20T00:19:00.000-04:00,SLC||BOS,LAX||SLC,Delta||Delta,DL||DL,Boeing 737-900||Boeing 737-900,6600||16380,590||2100,coach||coach
65c42b65d762cd37500e992bb05cf19a,2022-04-16,2022-04-19,LAX,BOS,KA0NA0MQ,PT7H45M,0,False,False,False,315.35,362.60,1,2690,1650372900||1650383820,2022-04-19T05:55:00.000-07:00||2022-04-19T09:57:00.000-06:00,1650379920||1650400800,2022-04-19T08:52:00.000-06:00||2022-04-19T16:40:00.000-04:00,SLC||BOS,LAX||SLC,Delta||Delta,DL||DL,Boeing 737-900||Boeing 737-800,7020||16980,590||2100,coach||coach
824fd934582093303b6db69a14a4befc,2022-04-16,2022-04-19,LAX,BOS,SH3OAVMN,PT8H56M,1,False,False,False,333.02,381.60,1,2643,1650432900||1650459600,2022-04-19T22:35:00.000-07:00||2022-04-20T09:00:00.000-04:00,1650452400||1650465060,2022-04-20T07:00:00.000-04:00||2022-04-20T10:31:00.000-04:00,EWR||BOS,LAX||EWR,Alaska Airlines||Delta,AS||DL,Boeing 737-900||Canadair Regional Jet 900,19500||5460,2458||185,coach||coach
7c00f04f3e68f341d2c556246bd9ad69,2022-04-16,2022-04-19,LAX,BOS,KA3OA0MQ,PT7H46M,0,False,False,False,337.67,386.60,4,2701,1650381600||1650402600,2022-04-19T08:20:00.000-07:00||2022-04-19T17:10:00.000-04:00,1650399300||1650409560,2022-04-19T16:15:00.000-04:00||2022-04-19T19:06:00.000-04:00,DCA||BOS,LAX||DCA,Delta||Delta,DL||DL,Boeing 757-200||Embraer 175,17700||6960,2295||406,coach||coach
279bb9321a4b8faf0921c0a8a5e3b497,2022-04-16,2022-04-19,LAX,BOS,QA0NA0MQ,PT7H55M,0,False,False,False,339.53,388.60,1,2674,1650372300||1650383820,2022-04-19T05:45:00.000-07:00||2022-04-19T09:57:00.000-06:00,1650378840||1650400800,2022-04-19T08:34:00.000-06:00||2022-04-19T16:40:00.000-04:00,SLC||BOS,ONT||SLC,Delta||Delta,DL||DL,Boeing 737-800||Boeing 737-800,6540||16980,574||2100,coach||coach
a8769841bdd0ff5ebf11d87b812d2136,2022-04-16,2022-04-19,LAX,BOS,QAA0KKEN,PT9H25M,0,False,False,False,340.47,389.61,1,2985,1650352500||1650372900,2022-04-19T00:15:00.000-07:00||2022-04-19T07:55:00.000-05:00,1650363720||1650386400,2022-04-19T05:22:00.000-05:00||2022-04-19T12:40:00.000-04:00,IAH||BOS,LAX||IAH,United||United,UA||UA,Boeing 757-300||Boeing 737 MAX 9,11220||13500,1383||1602,coach||coach
fe1b685666e735b35d2985a5c177d87c,2022-04-16,2022-04-19,LAX,BOS,M0AJZNN1,PT5H31M,1,False,False,True,352.56,393.60,2,2606,1650432600,2022-04-19T22:30:00.000-07:00,1650452460,2022-04-20T07:01:00.000-04:00,BOS,LAX,American Airlines,AA,AIRBUS INDUSTRIE A321 SHARKLETS,19860,2606,coach
960255152ad29aef37b16bbbaaf46315,2022-04-16,2022-04-19,LAX,BOS,SH3OAJMN,PT10H40M,1,False,False,False,344.19,393.60,2,3366,1650411600||1650430680,2022-04-19T16:40:00.000-07:00||2022-04-19T21:58:00.000-07:00,1650420300||1650450000,2022-04-19T19:05:00.000-07:00||2022-04-20T06:20:00.000-04:00,PDX||BOS,LAX||PDX,Alaska Airlines||Alaska Airlines,AS||AS,Boeing 737-800||Boeing 737-900,8700||19320,835||2531,coach||coach
d8eabd8e5dc6d092a4ce6363b09878d6,2022-04-16,2022-04-19,LAX,BOS,M0AJZNN1,PT9H56M,0,False,False,False,352.56,402.60,3,3599,1650356340||1650379800,2022-04-19T01:19:00.000-07:00||2022-04-19T10:50:00.000-04:00,1650374340||1650392100,2022-04-19T09:19:00.000-04:00||2022-04-19T14:15:00.000-04:00,MIA||BOS,LAX||MIA,American Airlines||American Airlines,AA||AA,||Boeing 737-800,18000||12300,2339||1260,coach||coach
e2d583ac855de2b3ebf5cbdf31a5b069,2022-04-16,2022-04-19,LAX,BOS,M0AIZNN1,PT7H24M,0,False,False,False,397.21,450.60,1,2643,1650388560||1650397560,2022-04-19T10:16:00.000-07:00||2022-04-19T12:46:00.000-07:00,1650392700||1650415200,2022-04-19T11:25:00.000-07:00||2022-04-19T20:40:00.000-04:00,PHX||BOS,ONT||PHX,American Airlines||American Airlines,AA||AA,Airbus A319||Airbus A321,4140||17640,347||2296,coach||coach
44a12abafde13c342ab8b59fdccfcae6,2022-04-16,2022-04-19,LAX,BOS,M0AIZNN1,PT7H39M,0,False,False,False,397.21,450.60,2,2771,1650391260||1650405540,2022-04-19T11:01:00.000-07:00||2022-04-19T16:59:00.000-05:00,1650401700||1650418800,2022-04-19T15:55:00.000-05:00||2022-04-19T21:40:00.000-04:00,DFW||BOS,ONT||DFW,American Airlines||American Airlines,AA||AA,Airbus A321||Airbus A321,10440||13260,1215||1556,coach||coach
ac72f608efdefa6c375cb9e671d8b097,2022-04-16,2022-04-19,LAX,BOS,HA3OA0MQ,PT5H32M,0,False,False,True,413.02,458.60,1,2606,1650379500,2022-04-19T07:45:00.000-07:00,1650399420,2022-04-19T16:17:00.000-04:00,BOS,LAX,Delta,DL,Boeing 757-200,19920,2606,coach
fbb70bcf4162cc0872df6c623ba281be,2022-04-16,2022-04-19,LAX,BOS,VA3NR,PT15H33M,1,False,False,False,354.00,461.58,0,,1650429900||1650474900,2022-04-19T21:45:00.000-07:00||2022-04-20T13:15:00.000-04:00,1650446940||1650485880,2022-04-20T05:29:00.000-04:00||2022-04-20T16:18:00.000-04:00,FLL||BOS,LAX||FLL,Spirit Airlines||Spirit Airlines,NK||NK,||,17040||10980,None||None,coach||coach
4df066fe038e1475633d4417f559b705,2022-04-16,2022-04-19,LAX,BOS,NH3OAVMN,PT9H16M,1,False,False,False,409.30,463.60,2,2701,1650430800||1650458220,2022-04-19T22:00:00.000-07:00||2022-04-20T08:37:00.000-04:00,1650448800||1650464160,2022-04-20T06:00:00.000-04:00||2022-04-20T10:16:00.000-04:00,IAD||BOS,LAX||IAD,Alaska Airlines||United,AS||UA,Airbus A320||Boeing 737-800,18000||5940,2295||406,coach||coach
c3d22ed1740e3ddf2edde3ac0a9a525d,2022-04-16,2022-04-19,LAX,BOS,K0AJZNN1,PT5H35M,0,False,False,True,422.33,468.61,6,2606,1650382200,2022-04-19T08:30:00.000-07:00,1650402300,2022-04-19T17:05:00.000-04:00,BOS,LAX,American Airlines,AA,AIRBUS INDUSTRIE A321 SHARKLETS,20100,2606,coach
12cfe7e8ad5c0ff0c7f0bd2902e7961d,2022-04-16,2022-04-19,LAX,BOS,MH0OAVMN,PT7H36M,0,False,False,False,602.79,671.60,1,2701,1650381000||1650402720,2022-04-19T08:10:00.000-07:00||2022-04-19T17:12:00.000-04:00,1650399240||1650408360,2022-04-19T16:14:00.000-04:00||2022-04-19T18:46:00.000-04:00,IAD||BOS,LAX||IAD,Alaska Airlines||United,AS||UA,Airbus A320||Boeing 737-900,18240||5640,2295||406,coach||coach
66f35dc2af2e9c72b2e2db37a137000f,2022-04-16,2022-04-19,LAX,BOS,C0ATZNJC,PT5H30M,0,False,False,True,2403.72,2598.60,1,2606,1650388500,2022-04-19T10:15:00.000-07:00,1650408300,2022-04-19T18:45:00.000-04:00,BOS,LAX,American Airlines,AA,AIRBUS INDUSTRIE A321 SHARKLETS,19800,2606,business
814efbe8f37dd6883f0f603deb03ff57,2022-04-16,2022-04-20,BOS,LAX,WAA3PFEN,PT9H16M,0,False,False,False,234.42,275.60,3,2590,1650449700||1650475080,2022-04-20T06:15:00.000-04:00||2022-04-20T11:18:00.000-06:00,1650466320||1650483060,2022-04-20T08:52:00.000-06:00||2022-04-20T12:31:00.000-07:00,DEN||ONT,BOS||DEN,United||United,UA||UA,Boeing 737-800||Boeing 737-800,16620||7980,1763||827,coach||coach
b16758c3418cb7ebc3c35e62e74fa00d,2022-04-16,2022-04-20,BOS,LAX,GA3SP,PT7H38M,0,False,False,False,239.20,308.78,0,,1650492900||1650516000,2022-04-20T18:15:00.000-04:00||2022-04-20T21:40:00.000-07:00,1650513900||1650520380,2022-04-20T21:05:00.000-07:00||2022-04-20T22:53:00.000-07:00,LAS||LAX,BOS||LAS,Spirit Airlines||Spirit Airlines,NK||NK,Airbus A319||,21000||4380,None||None,coach||coach
6f42e4a470ccf855459de9fd831b485a,2022-04-16,2022-04-20,BOS,LAX,WAA3PFEN,PT6H27M,0,False,False,True,274.42,309.60,1,2606,1650448500,2022-04-20T05:55:00.000-04:00,1650471720,2022-04-20T09:22:00.000-07:00,LAX,BOS,United,UA,Boeing 737 MAX 9,23220,2606,coach
8a1b9ec75fccb7a9ac512d7769c371fd,2022-04-16,2022-04-20,BOS,LAX,V3AZZNN1,PT8H18M,0,False,False,False,274.42,318.60,1,2607,1650490380||1650504000,2022-04-20T17:33:00.000-04:00||2022-04-20T20:20:00.000-05:00,1650501180||1650520260,2022-04-20T19:33:00.000-05:00||2022-04-20T22:51:00.000-07:00,ORD||LAX,BOS||ORD,American Airlines||American Airlines,AA||AA,Embraer 175||Boeing 737-800,10800||16260,862||1745,coach||coach
710e53b7691898b13c38fd09ebc1ad4f,2022-04-16,2022-04-20,BOS,LAX,WAA3PFEN,PT8H21M,0,False,False,False,274.42,318.60,1,2611,1650482460||1650503520,2022-04-20T15:21:00.000-04:00||2022-04-20T19:12:00.000-06:00,1650499020||1650512520,2022-04-20T17:57:00.000-06:00||2022-04-20T20:42:00.000-07:00,DEN||LAX,BOS||DEN,United||United,UA||UA,Boeing 737-900||Boeing 737-800,16560||9000,1763||848,coach||coach
75a5a11772b1195ee98dd65d6137db0f,2022-04-16,2022-04-20,BOS,LAX,V3AZZNN1,PT8H28M,0,False,False,False,274.42,318.60,6,2607,1650483000||1650497520,2022-04-20T15:30:00.000-04:00||2022-04-20T18:32:00.000-05:00,1650493380||1650513480,2022-04-20T17:23:00.000-05:00||2022-04-20T20:58:00.000-07:00,ORD||LAX,BOS||ORD,American Airlines||American Airlines,AA||AA,Embraer 175||Boeing 737-800,10380||15960,862||1745,coach||coach
3e5a17c0a6caac7e8140d07a5ca9015f,2022-04-16,2022-04-20,BOS,LAX,WAA3PFEN,PT8H34M,0,False,False,False,274.42,318.60,3,2607,1650462060||1650476700,2022-04-20T09:41:00.000-04:00||2022-04-20T12:45:00.000-05:00,1650472320||1650492900,2022-04-20T11:32:00.000-05:00||2022-04-20T15:15:00.000-07:00,ORD||LAX,BOS||ORD,United||United,UA||UA,Boeing 737 MAX 9||Boeing 757-300,10260||16200,862||1745,coach||coach
d112fc7b313a0508d5da4fbeb89ceddf,2022-04-16,2022-04-20,BOS,LAX,WAA3PFEN,PT8H38M,0,False,False,False,274.42,318.60,3,2607,1650456000||1650470580,2022-04-20T08:00:00.000-04:00||2022-04-20T11:03:00.000-05:00,1650466260||1650487080,2022-04-20T09:51:00.000-05:00||2022-04-20T13:38:00.000-07:00,ORD||LAX,BOS||ORD,United||United,UA||UA,Boeing 737-800||Boeing 737-800,10260||16500,862||1745,coach||coach
01df33e91898303f9587d03cf026a55e,2022-04-16,2022-04-20,BOS,LAX,WAA3PFEN,PT8H38M,0,False,False,False,274.42,318.60,7,2643,1650468600||1650477600,2022-04-20T11:30:00.000-04:00||2022-04-20T14:00:00.000-04:00,1650473700||1650499680,2022-04-20T12:55:00.000-04:00||2022-04-20T17:08:00.000-07:00,EWR||LAX,BOS||EWR,United||United,UA||UA,Boeing 737-800||Boeing 757-200,5100||22080,185||2458,coach||coach
fb3da015ff6e24ef2e33469f8221cd19,2022-04-16,2022-04-20,BOS,LAX,V3AZZNN1,PT8H38M,0,False,False,False,274.42,318.60,4,2677,1650467400||1650476940,2022-04-20T11:10:00.000-04:00||2022-04-20T13:49:00.000-04:00,1650473040||1650498480,2022-04-20T12:44:00.000-04:00||2022-04-20T16:48:00.000-07:00,PHL||LAX,BOS||PHL,American Airlines||American Airlines,AA||AA,Airbus A319||,5640||21540,280||2397,coach||coach
2429415be45b4ebe7e691f6c13ae4428,2022-04-16,2022-04-20,BOS,LAX,WAA3PFEN,PT8H39M,0,False,False,False,274.42,318.60,6,2643,1650460800||1650470340,2022-04-20T09:20:00.000-04:00||2022-04-20T11:59:00.000-04:00,1650465840||1650491940,2022-04-20T10:44:00.000-04:00||2022-04-20T14:59:00.000-07:00,EWR||LAX,BOS||EWR,United||United,UA||UA,Airbus A320||Boeing 767-300,5040||21600,185||2458,coach||coach
d2b97e627845fa6300ad96e1061eaecd,2022-04-16,2022-04-20,BOS,LAX,WAA3PFEN,PT8H43M,1,False,False,False,274.42,318.60,6,2701,1650497820||1650508500,2022-04-20T19:37:00.000-04:00||2022-04-20T22:35:00.000-04:00,1650503460||1650529200,2022-04-20T21:11:00.000-04:00||2022-04-21T01:20:00.000-07:00,IAD||LAX,BOS||IAD,United||United,UA||UA,Airbus A320||Boeing 737-900,5640||20700,406||2295,coach||coach
143d0ef4ba7a788925caf4e86d5f39ac,2022-04-16,2022-04-20,BOS,LAX,WAA3PFEN,PT8H47M,0,False,False,False,274.42,318.60,9,2643,1650482940||1650492000,2022-04-20T15:29:00.000-04:00||2022-04-20T18:00:00.000-04:00,1650488340||1650514560,2022-04-20T16:59:00.000-04:00||2022-04-20T21:16:00.000-07:00,EWR||LAX,BOS||EWR,United||United,UA||UA,Boeing 737-700||Boeing 757-200,5400||22560,185||2458,coach||coach
277cfb83d3819f51b3543de24f37176e,2022-04-16,2022-04-20,BOS,LAX,V3AZZNN1,PT8H47M,0,False,False,False,274.42,318.60,1,2607,1650477600||1650493200,2022-04-20T14:00:00.000-04:00||2022-04-20T17:20:00.000-05:00,1650488100||1650509220,2022-04-20T15:55:00.000-05:00||2022-04-20T19:47:00.000-07:00,ORD||LAX,BOS||ORD,American Airlines||American Airlines,AA||AA,Embraer 175||Boeing 737-800,10500||16020,862||1745,coach||coach
461a56f35cd3f98727c8ce24135d7359,2022-04-16,2022-04-20,BOS,LAX,WAA3PFEN,PT8H48M,0,False,False,False,274.42,318.60,2,2611,1650469380||1650492120,2022-04-20T11:43:00.000-04:00||2022-04-20T16:02:00.000-06:00,1650486240||1650501060,2022-04-20T14:24:00.000-06:00||2022-04-20T17:31:00.000-07:00,DEN||LAX,BOS||DEN,United||United,UA||UA,Boeing 737-800||Boeing 737-900,16860||8940,1763||848,coach||coach
5b0231da07607742e22a0b6846f1856c,2022-04-16,2022-04-20,BOS,LAX,WAA3PFEN,PT8H54M,0,False,False,False,274.42,318.60,8,2643,1650454200||1650465000,2022-04-20T07:30:00.000-04:00||2022-04-20T10:30:00.000-04:00,1650459420||1650486240,2022-04-20T08:57:00.000-04:00||2022-04-20T13:24:00.000-07:00,EWR||LAX,BOS||EWR,United||United,UA||UA,Boeing 737-700||,5220||21240,185||2458,coach||coach
ecfb510e0a5f29fd693b84b80893bdfc,2022-04-16,2022-04-20,BOS,LAX,WAA3PFEN,PT8H58M,0,False,False,False,274.42,318.60,9,2643,1650477600||1650488400,2022-04-20T14:00:00.000-04:00||2022-04-20T17:00:00.000-04:00,1650483060||1650509880,2022-04-20T15:31:00.000-04:00||2022-04-20T19:58:00.000-07:00,EWR||LAX,BOS||EWR,United||United,UA||UA,Airbus A319||,5460||21480,185||2458,coach||coach
d791fab999bb91bdf75d11175e6f7387,2022-04-16,2022-04-20,BOS,LAX,WAA3PFEN,PT9H1M,0,False,False,False,274.42,318.60,1,2607,1650488040||1650504120,2022-04-20T16:54:00.000-04:00||2022-04-20T20:22:00.000-05:00,1650498600||1650520500,2022-04-20T18:50:00.000-05:00||2022-04-20T22:55:00.000-07:00,ORD||LAX,BOS||ORD,United||United,UA||UA,Boeing 737 MAX 9||Boeing 737-900,10560||16380,862||1745,coach||coach
840b4327cfcbb641af661e28b9f7daa7,2022-04-16,2022-04-20,BOS,LAX,V3AZZNN1,PT9H5M,0,False,False,False,274.42,318.60,2,2677,1650474000||1650484740,2022-04-20T13:00:00.000-04:00||2022-04-20T15:59:00.000-04:00,1650479580||1650506700,2022-04-20T14:33:00.000-04:00||2022-04-20T19:05:00.000-07:00,PHL||LAX,BOS||PHL,American Airlines||American Airlines,AA||AA,Airbus A321||,5580||21960,280||2397,coach||coach
39af40d47b0cf5b0528a1676562ea207,2022-04-16,2022-04-20,BOS,LAX,WAA3PFEN,PT9H6M,0,False,False,False,274.42,318.60,9,2643,1650490800||1650501000,2022-04-20T17:40:00.000-04:00||2022-04-20T20:30:00.000-04:00,1650496620||1650523560,2022-04-20T19:17:00.000-04:00||2022-04-20T23:46:00.000-07:00,EWR||LAX,BOS||EWR,United||United,UA||UA,Airbus A319||Boeing 757-200,5820||22560,185||2458,coach||coach
a956a3a02d21c72b1bdeb9477b89caaf,2022-04-16,2022-04-20,BOS,LAX,WAA3PFEN,PT9H14M,0,False,False,False,274.42,318.60,8,2643,1650453000||1650465000,2022-04-20T07:10:00.000-04:00||2022-04-20T10:30:00.000-04:00,1650458220||1650486240,2022-04-20T08:37:00.000-04:00||2022-04-20T13:24:00.000-07:00,EWR||LAX,BOS||EWR,United||United,UA||UA,Boeing 737-700||,5220||21240,185||2458,coach||coach
916116332591d1279806c7fcacc80404,2022-04-16,2022-04-20,BOS,LAX,WAA3PFEN,PT9H25M,0,False,False,False,274.42,318.60,4,2643,1650472740||1650484800,2022-04-20T12:39:00.000-04:00||2022-04-20T16:00:00.000-04:00,1650477720||1650506640,2022-04-20T14:02:00.000-04:00||2022-04-20T19:04:00.000-07:00,EWR||LAX,BOS||EWR,United||United,UA||UA,Airbus A319||Boeing 767-300,4980||21840,185||2458,coach||coach
9282fdb9b0f86614d96336d2d2475709,2022-04-16,2022-04-20,BOS,LAX,WAA3PFEN,PT9H51M,0,False,False,False,274.42,318.60,5,2611,1650482460||1650509100,2022-04-20T15:21:00.000-04:00||2022-04-20T20:45:00.000-06:00,1650499020||1650517920,2022-04-20T17:57:00.000-06:00||2022-04-20T22:12:00.000-07:00,DEN||LAX,BOS||DEN,United||United,UA||UA,Boeing 737-900||Boeing 737-800,16560||8820,1763||848,coach||coach
0a5f35006a1079ee435089e9efd209b2,2022-04-16,2022-04-20,BOS,LAX,WAA3PFEN,PT10H4M,0,False,False,False,274.42,318.60,6,2607,1650488040||1650507900,2022-04-20T16:54:00.000-04:00||2022-04-20T21:25:00.000-05:00,1650498600||1650524280,2022-04-20T18:50:00.000-05:00||2022-04-20T23:58:00.000-07:00,ORD||LAX,BOS||ORD,United||United,UA||UA,Boeing 737 MAX 9||Boeing 737-900,10560||16380,862||1745,coach||coach
6d0636426e2323a078235bdbf7db480f,2022-04-16,2022-04-20,BOS,LAX,WAA3PFEN,PT10H6M,0,False,False,False,274.42,318.60,3,2611,1650469380||1650496800,2022-04-20T11:43:00.000-04:00||2022-04-20T17:20:00.000-06:00,1650486240||1650505740,2022-04-20T14:24:00.000-06:00||2022-04-20T18:49:00.000-07:00,DEN||LAX,BOS||DEN,United||United,UA||UA,Boeing 737-800||Boeing 737 MAX 9,16860||8940,1763||848,coach||coach
78f7560fe3976774643db80dc2f6e51a,2022-04-16,2022-04-20,BOS,LAX,WAA3PFEN,PT10H15M,0,False,False,False,274.42,318.60,3,2607,1650456000||1650476700,2022-04-20T08:00:00.000-04:00||2022-04-20T12:45:00.000-05:00,1650466260||1650492900,2022-04-20T09:51:00.000-05:00||2022-04-20T15:15:00.000-07:00,ORD||LAX,BOS||ORD,United||United,UA||UA,Boeing 737-800||Boeing 757-300,10260||16200,862||1745,coach||coach
b12d39e66c9e8accb1af5ef06aab84cb,2022-04-16,2022-04-20,BOS,LAX,WAA3PFEN,PT10H16M,0,False,False,False,274.42,318.60,9,2643,1650477600||1650492000,2022-04-20T14:00:00.000-04:00||2022-04-20T18:00:00.000-04:00,1650483060||1650514560,2022-04-20T15:31:00.000-04:00||2022-04-20T21:16:00.000-07:00,EWR||LAX,BOS||EWR,United||United,UA||UA,Airbus A319||Boeing 757-200,5460||22560,185||2458,coach||coach
4eb62013d96a015711344ed9b600e052,2022-04-16,2022-04-20,BOS,LAX,WAA3PFEN,PT10H19M,0,False,False,False,274.42,318.60,9,2643,1650472740||1650488400,2022-04-20T12:39:00.000-04:00||2022-04-20T17:00:00.000-04:00,1650477720||1650509880,2022-04-20T14:02:00.000-04:00||2022-04-20T19:58:00.000-07:00,EWR||LAX,BOS||EWR,United||United,UA||UA,Airbus A319||,4980||21480,185||2458,coach||coach
8e0ffe4e28478829b6323bff24f2a6f4,2022-04-16,2022-04-20,BOS,LAX,WAA3PFEN,PT10H19M,0,False,False,False,274.42,318.60,7,2643,1650449100||1650465000,2022-04-20T06:05:00.000-04:00||2022-04-20T10:30:00.000-04:00,1650454140||1650486240,2022-04-20T07:29:00.000-04:00||2022-04-20T13:24:00.000-07:00,EWR||LAX,BOS||EWR,United||United,UA||UA,Boeing 737-900||,5040||21240,185||2458,coach||coach
c11169d6c84df2fc0b2e3943ec9f9b99,2022-04-16,2022-04-20,BOS,LAX,V3AZZNN1,PT10H21M,0,False,False,False,274.42,318.60,7,2607,1650483000||1650504000,2022-04-20T15:30:00.000-04:00||2022-04-20T20:20:00.000-05:00,1650493380||1650520260,2022-04-20T17:23:00.000-05:00||2022-04-20T22:51:00.000-07:00,ORD||LAX,BOS||ORD,American Airlines||American Airlines,AA||AA,Embraer 175||Boeing 737-800,10380||16260,862||1745,coach||coach
abca91e284d361d24b804c7c2f021091,2022-04-16,2022-04-20,BOS,LAX,WAA3PFEN,PT10H29M,0,False,False,False,274.42,318.60,7,2643,1650454200||1650470340,2022-04-20T07:30:00.000-04:00||2022-04-20T11:59:00.000-04:00,1650459420||1650491940,2022-04-20T08:57:00.000-04:00||2022-04-20T14:59:00.000-07:00,EWR||LAX,BOS||EWR,United||United,UA||UA,Boeing 737-700||Boeing 767-300,5220||21600,185||2458,coach||coach
f8adf14b76670212619dec442bdb5c7a,2022-04-16,2022-04-20,BOS,LAX,WAA3PFEN,PT10H34M,0,False,False,False,274.42,318.60,5,2643,1650468600||1650484800,2022-04-20T11:30:00.000-04:00||2022-04-20T16:00:00.000-04:00,1650473700||1650506640,2022-04-20T12:55:00.000-04:00||2022-04-20T19:04:00.000-07:00,EWR||LAX,BOS||EWR,United||United,UA||UA,Boeing 737-800||Boeing 767-300,5100||21840,185||2458,coach||coach
a04e98b7f34a7c85ac3bd6651ba52eae,2022-04-16,2022-04-20,BOS,LAX,WAA3PFEN,PT10H48M,0,False,False,False,274.42,318.60,4,2643,1650460800||1650477600,2022-04-20T09:20:00.000-04:00||2022-04-20T14:00:00.000-04:00,1650465840||1650499680,2022-04-20T10:44:00.000-04:00||2022-04-20T17:08:00.000-07:00,EWR||LAX,BOS||EWR,United||United,UA||UA,Airbus A320||Boeing 757-200,5040||22080,185||2458,coach||coach
63c008f67b271825c6119233380ea494,2022-04-16,2022-04-20,BOS,LAX,WAA3PFEN,PT10H49M,0,False,False,False,274.42,318.60,7,2643,1650453000||1650470340,2022-04-20T07:10:00.000-04:00||2022-04-20T11:59:00.000-04:00,1650458220||1650491940,2022-04-20T08:37:00.000-04:00||2022-04-20T14:59:00.000-07:00,EWR||LAX,BOS||EWR,United||United,UA||UA,Boeing 737-700||Boeing 767-300,5220||21600,185||2458,coach||coach
0e666f058d0626145263e2e4828a25df,2022-04-16,2022-04-20,BOS,LAX,V3AZZNN1,PT10H55M,0,False,False,False,274.42,318.60,1,2677,1650467400||1650484740,2022-04-20T11:10:00.000-04:00||2022-04-20T15:59:00.000-04:00,1650473040||1650506700,2022-04-20T12:44:00.000-04:00||2022-04-20T19:05:00.000-07:00,PHL||LAX,BOS||PHL,American Airlines||American Airlines,AA||AA,Airbus A319||,5640||21960,280||2397,coach||coach
a47f5f0f39071f5e4863bbe2536df4a0,2022-04-16,2022-04-20,BOS,LAX,WAA3PFEN,PT11H17M,0,False,False,False,274.42,318.60,9,2643,1650482940||1650501000,2022-04-20T15:29:00.000-04:00||2022-04-20T20:30:00.000-04:00,1650488340||1650523560,2022-04-20T16:59:00.000-04:00||2022-04-20T23:46:00.000-07:00,EWR||LAX,BOS||EWR,United||United,UA||UA,Boeing 737-700||Boeing 757-200,5400||22560,185||2458,coach||coach
dbae057a9e845f18b31949d452f06cdc,2022-04-16,2022-04-20,BOS,LAX,WAA3PFEN,PT11H37M,0,False,False,False,274.42,318.60,9,2643,1650472740||1650492000,2022-04-20T12:39:00.000-04:00||2022-04-20T18:00:00.000-04:00,1650477720||1650514560,2022-04-20T14:02:00.000-04:00||2022-04-20T21:16:00.000-07:00,EWR||LAX,BOS||EWR,United||United,UA||UA,Airbus A319||Boeing 757-200,4980||22560,185||2458,coach||coach
96f1e411cb2225bd044a56791121907a,2022-04-16,2022-04-20,BOS,LAX,KA0NA0MQ,PT6H26M,0,False,False,True,315.35,353.60,2,2606,1650496800,2022-04-20T19:20:00.000-04:00,1650519960,2022-04-20T22:46:00.000-07:00,LAX,BOS,Delta,DL,Boeing 757-200,23160,2606,coach
eee6b42376698cab1d8e90e3dd2bacee,2022-04-16,2022-04-20,BOS,LAX,V0AJZNN1,PT14H30M,1,False,False,False,305.11,357.19,1,2930,1650498900||1650538800,2022-04-20T19:55:00.000-04:00||2022-04-21T06:00:00.000-05:00,1650516540||1650551100,2022-04-20T23:49:00.000-05:00||2022-04-21T07:25:00.000-07:00,AUS||LAX,BOS||AUS,American Airlines||American Airlines,AA||AA,Airbus A319||Airbus A319,17640||12300,1694||1236,coach||coach
0608dcf95d8a9f955b203906b969c432,2022-04-16,2022-04-20,BOS,LAX,BH0AUEL1,PT6H18M,0,False,False,True,325.58,364.60,7,2606,1650448920,2022-04-20T06:02:00.000-04:00,1650471600,2022-04-20T09:20:00.000-07:00,LAX,BOS,JetBlue Airways,B6,Airbus A319-321,22680,2606,coach
2c26808730609e62a301b90b298b79a1,2022-04-16,2022-04-20,BOS,LAX,BH0AUEL1,PT6H28M,0,False,False,True,325.58,364.60,7,2606,1650496740,2022-04-20T19:19:00.000-04:00,1650520020,2022-04-20T22:47:00.000-07:00,LAX,BOS,JetBlue Airways,B6,Airbus A319-321,23280,2606,coach
dd7fa89dc23e1dd4958aea2629bf4263,2022-04-16,2022-04-20,BOS,LAX,KA0NA0MQ,PT8H55M,0,False,False,False,337.67,386.60,1,2701,1650478620||1650489900,2022-04-20T14:17:00.000-04:00||2022-04-20T17:25:00.000-04:00,1650484800||1650510720,2022-04-20T16:00:00.000-04:00||2022-04-20T20:12:00.000-07:00,DCA||LAX,BOS||DCA,Delta||Delta,DL||DL,Embraer 175||Boeing 757-200,6180||20820,406||2295,coach||coach
99c566b8276325b65d822d84ca848bc4,2022-04-16,2022-04-20,BOS,LAX,L0AZZNN1,PT10H2M,0,False,False,False,339.53,388.60,1,2771,1650445200||1650469500,2022-04-20T05:00:00.000-04:00||2022-04-20T10:45:00.000-05:00,1650461340||1650481320,2022-04-20T08:29:00.000-05:00||2022-04-20T12:02:00.000-07:00,DFW||ONT,BOS||DFW,American Airlines||American Airlines,AA||AA,Airbus A321||Boeing 737-800,16140||11820,1556||1215,coach||coach
9e651cc3f9809f398e97cf50f8078d04,2022-04-16,2022-04-20,BOS,LAX,M0AJZNN1,PT6H29M,0,False,False,True,352.56,393.60,4,2606,1650497700,2022-04-20T19:35:00.000-04:00,1650521040,2022-04-20T23:04:00.000-07:00,LAX,BOS,American Airlines,AA,AIRBUS INDUSTRIE A321 SHARKLETS,23340,2606,coach
f30583788214d3758fddff8dc1cde056,2022-04-16,2022-04-20,BOS,LAX,M0AJZNN1,PT9H47M,0,False,False,False,352.56,402.60,2,2677,1650452580||1650466200,2022-04-20T07:03:00.000-04:00||2022-04-20T10:50:00.000-04:00,1650458700||1650487800,2022-04-20T08:45:00.000-04:00||2022-04-20T13:50:00.000-07:00,PHL||LAX,BOS||PHL,American Airlines||American Airlines,AA||AA,||,6120||21600,280||2397,coach||coach
c0f6f3a208289f2964df2d459b278023,2022-04-16,2022-04-20,BOS,LAX,QAA0OHEN,PT6H23M,0,False,False,True,366.51,408.60,2,2606,1650491040,2022-04-20T17:44:00.000-04:00,1650514020,2022-04-20T21:07:00.000-07:00,LAX,BOS,United,UA,Boeing 737-900,22980,2606,coach
8c6dd3dd2be1dc70ea861dfabbe0749b,2022-04-16,2022-04-20,BOS,LAX,QH0KUEL1,PT6H24M,0,False,False,True,372.09,414.60,7,2606,1650488100,2022-04-20T16:55:00.000-04:00,1650511140,2022-04-20T20:19:00.000-07:00,LAX,BOS,JetBlue Airways,B6,Airbus A319-321,23040,2606,coach
717099a5866f306746c2ace25de6b6ce,2022-04-16,2022-04-20,BOS,LAX,QA3OA0MQ,PT9H40M,0,False,False,False,365.58,416.60,1,2643,1650488640||1650500940,2022-04-20T17:04:00.000-04:00||2022-04-20T20:29:00.000-04:00,1650494100||1650523440,2022-04-20T18:35:00.000-04:00||2022-04-20T23:44:00.000-07:00,EWR||LAX,BOS||EWR,Delta||Alaska Airlines,DL||AS,Embraer 175||Boeing 737 MAX 9,5460||22500,185||2458,coach||coach
bc8f8c52a449bc1cacf8fd79b3c72b4c,2022-04-16,2022-04-20,BOS,LAX,QA3OA0MQ,PT10H40M,0,False,False,False,365.58,416.60,2,2643,1650478200||1650494100,2022-04-20T14:10:00.000-04:00||2022-04-20T18:35:00.000-04:00,1650483300||1650516600,2022-04-20T15:35:00.000-04:00||2022-04-20T21:50:00.000-07:00,EWR||LAX,BOS||EWR,Delta||Alaska Airlines,DL||AS,Embraer 175||Boeing 737-800,5100||22500,185||2458,coach||coach
86afb7061d6f8121f31e1474732c3dfe,2022-04-16,2022-04-20,BOS,LAX,QA3OA0MQ,PT12H34M,0,False,False,False,365.58,422.20,2,2643,1650478200||1650500940,2022-04-20T14:10:00.000-04:00||2022-04-20T20:29:00.000-04:00,1650483300||1650523440,2022-04-20T15:35:00.000-04:00||2022-04-20T23:44:00.000-07:00,EWR||LAX,BOS||EWR,Delta||Alaska Airlines,DL||AS,Embraer 175||Boeing 737 MAX 9,5100||22500,185||2458,coach||coach
763bad93551980a1265bf43841daa853,2022-04-16,2022-04-20,BOS,LAX,HA0NA0MC,PT9H10M,0,False,False,False,384.19,436.60,2,2674,1650449100||1650475800,2022-04-20T06:05:00.000-04:00||2022-04-20T11:30:00.000-06:00,1650468900||1650482100,2022-04-20T09:35:00.000-06:00||2022-04-20T12:15:00.000-07:00,SLC||ONT,BOS||SLC,Delta||Delta,DL||DL,Boeing 737-900||Boeing 737-800,19800||6300,2100||574,coach||coach
515b6b379af823357771a4f280325cf0,2022-04-16,2022-04-20,BOS,LAX,HA0NA0MC,PT9H19M,0,False,False,False,384.19,436.60,3,2866,1650486960||1650503520,2022-04-20T16:36:00.000-04:00||2022-04-20T21:12:00.000-04:00,1650497400||1650520500,2022-04-20T19:30:00.000-04:00||2022-04-20T22:55:00.000-07:00,ATL||ONT,BOS||ATL,Delta||Delta,DL||DL,Airbus A321||Airbus A321,10440||16980,947||1919,coach||coach
933be2cc3afddb4568b630ae0155a3a2,2022-04-16,2022-04-20,BOS,LAX,M0AIZNN1,PT7H47M,0,False,False,False,397.21,450.60,4,2643,1650450720||1650474000,2022-04-20T06:32:00.000-04:00||2022-04-20T10:00:00.000-07:00,1650471900||1650478740,2022-04-20T09:25:00.000-07:00||2022-04-20T11:19:00.000-07:00,PHX||ONT,BOS||PHX,American Airlines||American Airlines,AA||AA,||Airbus A319,21180||4740,2296||347,coach||coach
76f36962a700819f446624ec9fa1ae82,2022-04-16,2022-04-20,BOS,LAX,HH0KUEY5,PT6H18M,0,False,False,True,409.30,454.60,7,2606,1650448920,2022-04-20T06:02:00.000-04:00,1650471600,2022-04-20T09:20:00.000-07:00,LAX,BOS,American Airlines,AA,Airbus A321,22680,2606,coach
b68c0c82905ea0ef2e1eaadae9d6f94e,2022-04-16,2022-04-20,BOS,LAX,HH0KUEY5,PT6H24M,0,False,False,True,409.30,454.60,7,2606,1650488100,2022-04-20T16:55:00.000-04:00,1650511140,2022-04-20T20:19:00.000-07:00,LAX,BOS,American Airlines,AA,Airbus A321,23040,2606,coach
78228d5a1e9cbddbb88370633c5e52e6,2022-04-16,2022-04-20,BOS,LAX,HH0KUEY5,PT6H28M,0,False,False,True,409.30,454.60,7,2606,1650496740,2022-04-20T19:19:00.000-04:00,1650520020,2022-04-20T22:47:00.000-07:00,LAX,BOS,American Airlines,AA,Airbus A321,23280,2606,coach
e8c6e5d2c594b5dc72f571d2220f7e8b,2022-04-16,2022-04-20,BOS,LAX,VH3OAVMN,PT16H16M,1,False,False,False,399.07,458.20,3,3037,1650492900||1650546000,2022-04-20T18:15:00.000-04:00||2022-04-21T06:00:00.000-07:00,1650517260||1650551460,2022-04-20T22:01:00.000-07:00||2022-04-21T07:31:00.000-07:00,SFO||LAX,BOS||SFO,Alaska Airlines||Alaska Airlines,AS||AS,Boeing 737-900||Embraer 175,24360||5460,2698||339,coach||coach
39b74a64a21767f573dd363d229a9c44,2022-04-16,2022-04-20,BOS,LAX,QAA0OFEN,PT8H30M,0,False,False,False,409.30,463.60,1,2701,1650480300||1650490200,2022-04-20T14:45:00.000-04:00||2022-04-20T17:30:00.000-04:00,1650486300||1650510900,2022-04-20T16:25:00.000-04:00||2022-04-20T20:15:00.000-07:00,IAD||LAX,BOS||IAD,United||Alaska Airlines,UA||AS,Boeing 737-800||Airbus A320,6000||20700,406||2295,coach||coach
158983fd8b92999b2f85a2d958241f19,2022-04-16,2022-04-20,BOS,LAX,QAA0OFEN,PT13H,0,False,False,False,409.30,469.20,1,2701,1650464100||1650490200,2022-04-20T10:15:00.000-04:00||2022-04-20T17:30:00.000-04:00,1650469500||1650510900,2022-04-20T11:45:00.000-04:00||2022-04-20T20:15:00.000-07:00,IAD||LAX,BOS||IAD,United||Alaska Airlines,UA||AS,Boeing 737-700||Airbus A320,5400||20700,406||2295,coach||coach
4ebe37aba046c5d14eb3ade8487a07cb,2022-04-16,2022-04-20,BOS,LAX,K0AJZNN1,PT8H27M,0,False,False,False,422.33,477.61,2,2607,1650453300||1650467700,2022-04-20T07:15:00.000-04:00||2022-04-20T10:15:00.000-05:00,1650464160||1650483720,2022-04-20T09:16:00.000-05:00||2022-04-20T12:42:00.000-07:00,ORD||LAX,BOS||ORD,American Airlines||American Airlines,AA||AA,Boeing 737-800||Boeing 737-800,10860||16020,862||1745,coach||coach
a7f5a1319565da301856694f25db299e,2022-04-16,2022-04-20,BOS,LAX,K0AJZNN1,PT8H40M,0,False,False,False,422.33,477.61,1,2794,1650445200||1650464340,2022-04-20T05:00:00.000-04:00||2022-04-20T09:19:00.000-05:00,1650461340||1650476400,2022-04-20T08:29:00.000-05:00||2022-04-20T10:40:00.000-07:00,DFW||LAX,BOS||DFW,American Airlines||American Airlines,AA||AA,Airbus A321||,16140||12060,1556||1238,coach||coach
9185b9db5f06fbbe42a3439f586058ce,2022-04-16,2022-04-20,BOS,LAX,K0AJZNN1,PT10H50M,0,False,False,False,422.33,477.61,3,2677,1650448800||1650466200,2022-04-20T06:00:00.000-04:00||2022-04-20T10:50:00.000-04:00,1650454500||1650487800,2022-04-20T07:35:00.000-04:00||2022-04-20T13:50:00.000-07:00,PHL||LAX,BOS||PHL,American Airlines||American Airlines,AA||AA,Airbus A321||,5700||21600,280||2397,coach||coach
16dcaf872a26df00f77b4ea95c7c10ab,2022-04-16,2022-04-20,BOS,LAX,B0CXNR,PT9H47M,0,False,False,False,382.00,489.58,0,,1650489000||1650504000,2022-04-20T17:10:00.000-04:00||2022-04-20T21:20:00.000-04:00,1650500580||1650524220,2022-04-20T20:23:00.000-04:00||2022-04-20T23:57:00.000-07:00,FLL||LAX,BOS||FLL,Spirit Airlines||Spirit Airlines,NK||NK,||,11580||20220,None||None,coach||coach
c173d0cca6b4fc2cc318d316ba34a10b,2022-04-16,2022-04-20,BOS,LAX,QAA0OHEN,PT9H21M,0,False,False,False,440.00,496.60,2,2643,1650482940||1650494100,2022-04-20T15:29:00.000-04:00||2022-04-20T18:35:00.000-04:00,1650488340||1650516600,2022-04-20T16:59:00.000-04:00||2022-04-20T21:50:00.000-07:00,EWR||LAX,BOS||EWR,United||Alaska Airlines,UA||AS,Boeing 737-700||Boeing 737-800,5400||22500,185||2458,coach||coach
f54a6cd9032f38c7f650ce929f8421b4,2022-04-16,2022-04-20,BOS,LAX,QAA0OHEN,PT12H11M,0,False,False,False,440.00,502.20,2,2643,1650472740||1650494100,2022-04-20T12:39:00.000-04:00||2022-04-20T18:35:00.000-04:00,1650477720||1650516600,2022-04-20T14:02:00.000-04:00||2022-04-20T21:50:00.000-07:00,EWR||LAX,BOS||EWR,United||Alaska Airlines,UA||AS,Airbus A319||Boeing 737-800,4980||22500,185||2458,coach||coach
128a645e4ad33e17458fe6995726f248,2022-04-16,2022-04-20,BOS,LAX,QAA0OHEN,PT13H20M,0,False,False,False,440.00,502.20,2,2643,1650468600||1650494100,2022-04-20T11:30:00.000-04:00||2022-04-20T18:35:00.000-04:00,1650473700||1650516600,2022-04-20T12:55:00.000-04:00||2022-04-20T21:50:00.000-07:00,EWR||LAX,BOS||EWR,United||Alaska Airlines,UA||AS,Boeing 737-800||Boeing 737-800,5100||22500,185||2458,coach||coach
c83754dd00ba74c97767505a7bd527a9,2022-04-16,2022-04-20,BOS,LAX,QAA0OHEN,PT14H5M,0,False,False,False,440.00,502.20,2,2643,1650472740||1650500940,2022-04-20T12:39:00.000-04:00||2022-04-20T20:29:00.000-04:00,1650477720||1650523440,2022-04-20T14:02:00.000-04:00||2022-04-20T23:44:00.000-07:00,EWR||LAX,BOS||EWR,United||Alaska Airlines,UA||AS,Airbus A319||Boeing 737 MAX 9,4980||22500,185||2458,coach||coach
64ae68b5be8ce1efbc4105d2cf249c84,2022-04-16,2022-04-20,BOS,LAX,QAA0OHEN,PT15H14M,0,False,False,False,440.00,502.20,2,2643,1650468600||1650500940,2022-04-20T11:30:00.000-04:00||2022-04-20T20:29:00.000-04:00,1650473700||1650523440,2022-04-20T12:55:00.000-04:00||2022-04-20T23:44:00.000-07:00,EWR||LAX,BOS||EWR,United||Alaska Airlines,UA||AS,Boeing 737-800||Boeing 737 MAX 9,5100||22500,185||2458,coach||coach
914b3ffb48896025b00a773f7c5c3efc,2022-04-16,2022-04-20,BOS,LAX,KA3NA0MC,PT13H35M,0,False,False,False,449.30,512.20,1,2690,1650449100||1650490920,2022-04-20T06:05:00.000-04:00||2022-04-20T15:42:00.000-06:00,1650468900||1650498000,2022-04-20T09:35:00.000-06:00||2022-04-20T16:40:00.000-07:00,SLC||LAX,BOS||SLC,Delta||Delta,DL||DL,Boeing 737-900||Boeing 737-900,19800||7080,2100||590,coach||coach
d24635425f910860a896b203c22efbc8,2022-04-16,2022-04-20,BOS,LAX,KH0KUEL1,PT6H23M,0,False,False,True,493.02,544.60,5,2606,1650459600,2022-04-20T09:00:00.000-04:00,1650482580,2022-04-20T12:23:00.000-07:00,LAX,BOS,JetBlue Airways,B6,Airbus A319-321,22980,2606,coach
b8935a6370345101a8a9747482094de1,2022-04-16,2022-04-20,BOS,LAX,H0AJZNN1,PT6H35M,0,False,False,True,515.35,568.60,1,2606,1650492000,2022-04-20T18:00:00.000-04:00,1650515700,2022-04-20T21:35:00.000-07:00,LAX,BOS,American Airlines,AA,AIRBUS INDUSTRIE A321 SHARKLETS,23700,2606,coach
b8ac971a8936311094a80e3c6103ffa4,2022-04-16,2022-04-20,BOS,LAX,MA0OA0MQ,PT6H26M,0,False,False,True,524.65,578.60,2,2606,1650455940,2022-04-20T07:59:00.000-04:00,1650479100,2022-04-20T11:25:00.000-07:00,LAX,BOS,Delta,DL,Boeing 757-200,23160,2606,coach
32a01c598c50468b69afb596570c15c1,2022-04-16,2022-04-20,BOS,LAX,MA0OA0MQ,PT8H50M,0,False,False,False,524.65,587.60,2,2656,1650448800||1650466500,2022-04-20T06:00:00.000-04:00||2022-04-20T09:55:00.000-05:00,1650460920||1650480600,2022-04-20T08:22:00.000-05:00||2022-04-20T11:50:00.000-07:00,MSP||LAX,BOS||MSP,Delta||Delta,DL||DL,Boeing 737-900||Airbus A321,12120||14100,1122||1534,coach||coach
fd63db9ea027811dc31987de2195a0aa,2022-04-16,2022-04-20,BOS,LAX,YH0KUEY5,PT6H23M,0,False,False,True,609.30,669.60,5,2606,1650459600,2022-04-20T09:00:00.000-04:00,1650482580,2022-04-20T12:23:00.000-07:00,LAX,BOS,American Airlines,AA,Airbus A321,22980,2606,coach
191b5f78243a712bbd95cf463f944c04,2022-04-16,2022-04-20,BOS,LAX,BA0QA0MQ,PT8H45M,0,False,False,False,602.79,671.60,1,2701,1650449400||1650460200,2022-04-20T06:10:00.000-04:00||2022-04-20T09:10:00.000-04:00,1650455940||1650480900,2022-04-20T07:59:00.000-04:00||2022-04-20T11:55:00.000-07:00,DCA||LAX,BOS||DCA,Delta||Alaska Airlines,DL||AS,Embraer 175||AIRBUS INDUSTRIE A321 SHARKLETS,6540||20700,406||2295,coach||coach
b16261024d175a5277fd2ce6952470c9,2022-04-16,2022-04-20,BOS,LAX,SH3OAVMN,PT15H10M,1,False,False,False,598.51,672.60,2,3368,1650499500||1650546000,2022-04-20T20:05:00.000-04:00||2022-04-21T06:00:00.000-07:00,1650522060||1650554100,2022-04-20T23:21:00.000-07:00||2022-04-21T08:15:00.000-07:00,PDX||ONT,BOS||PDX,Alaska Airlines||Alaska Airlines,AS||AS,Boeing 737-900||Airbus A320,22560||8100,2531||837,coach||coach
1ac5e64f6385f82c9f437767495b5c11,2022-04-16,2022-04-20,BOS,LAX,BA0OA0MQ,PT6H21M,0,False,False,True,617.67,678.60,2,2606,1650465240,2022-04-20T10:34:00.000-04:00,1650488100,2022-04-20T13:55:00.000-07:00,LAX,BOS,Delta,DL,Boeing 757-200,22860,2606,coach
3860ceb39db7fdcf86d346923924e464,2022-04-16,2022-04-20,LAX,BOS,WAA3PFEN,PT7H12M,0,False,False,False,234.42,275.60,5,2590,1650486420||1650498240,2022-04-20T13:27:00.000-07:00||2022-04-20T17:44:00.000-06:00,1650494340||1650512340,2022-04-20T16:39:00.000-06:00||2022-04-20T23:39:00.000-04:00,DEN||BOS,ONT||DEN,United||United,UA||UA,Boeing 737-800||Boeing 737-800,7920||14100,827||1763,coach||coach
687f2c5ff830937d40080a7b8fd030e9,2022-04-16,2022-04-20,LAX,BOS,UA3NA0BC,PT7H39M,1,True,False,False,234.42,275.60,9,2674,1650487200||1650498360,2022-04-20T13:40:00.000-07:00||2022-04-20T17:46:00.000-06:00,1650493440||1650514740,2022-04-20T16:24:00.000-06:00||2022-04-21T00:19:00.000-04:00,SLC||BOS,ONT||SLC,Delta||Delta,DL||DL,Boeing 737-800||Boeing 737-900,6240||16380,574||2100,coach||coach
05793e853f9aea2930fbeb7a15c2bee2,2022-04-16,2022-04-20,LAX,BOS,WAA3PFEN,PT8H13M,0,False,False,False,234.42,275.60,9,3049,1650459600||1650468300,2022-04-20T06:00:00.000-07:00||2022-04-20T08:25:00.000-07:00,1650464700||1650489180,2022-04-20T07:25:00.000-07:00||2022-04-20T17:13:00.000-04:00,SFO||BOS,ONT||SFO,United||United,UA||UA,Boeing 737-800||Boeing 737 MAX 9,5100||20880,351||2698,coach||coach
29930d25a8c175856916eb22caa1187b,2022-04-16,2022-04-20,LAX,BOS,WAA3PFEN,PT5H29M,1,False,False,True,274.42,309.60,6,2606,1650520260,2022-04-20T22:51:00.000-07:00,1650540000,2022-04-21T07:20:00.000-04:00,BOS,LAX,United,UA,Boeing 737 MAX 9,19740,2606,coach
8b92059a8fe32c5ad6cc28431d837a46,2022-04-16,2022-04-20,LAX,BOS,WAA3PFEN,PT9H9M,0,False,False,False,274.42,314.10,2,2458,1650474900||1650502740,2022-04-20T10:15:00.000-07:00||2022-04-20T20:59:00.000-04:00,1650494820||1650507840,2022-04-20T18:47:00.000-04:00||2022-04-20T22:24:00.000-04:00,EWR||BOS,LAX||EWR,United||United,UA||UA,Boeing 757-200||Boeing 737-900,19920||5100,2458||185,coach||coach
3fc8d5ff8622cb4e430aefd4fe746b66,2022-04-16,2022-04-20,LAX,BOS,WAA3PFEN,PT7H4M,0,False,False,False,274.42,318.60,5,2643,1650467700||1650488280,2022-04-20T08:15:00.000-07:00||2022-04-20T16:58:00.000-04:00,1650486180||1650493140,2022-04-20T16:23:00.000-04:00||2022-04-20T18:19:00.000-04:00,EWR||BOS,LAX||EWR,United||United,UA||UA,||Boeing 737-800,18480||4860,2458||185,coach||coach
4e2b6df04639640f73bee0f9aaee2e47,2022-04-16,2022-04-20,LAX,BOS,WAA3PFEN,PT7H19M,1,False,False,False,274.42,318.60,9,2611,1650506220||1650518400,2022-04-20T18:57:00.000-07:00||2022-04-20T23:20:00.000-06:00,1650514560||1650532560,2022-04-20T22:16:00.000-06:00||2022-04-21T05:16:00.000-04:00,DEN||BOS,LAX||DEN,United||United,UA||UA,Boeing 737-900||Boeing 737-800,8340||14160,848||1763,coach||coach
eec0627881d20eebbdd22a6c04ccce3e,2022-04-16,2022-04-20,LAX,BOS,LA3NA0BQ,PT7H26M,0,True,False,False,274.42,318.60,9,2656,1650441360||1650458100,2022-04-20T00:56:00.000-07:00||2022-04-20T07:35:00.000-05:00,1650454560||1650468120,2022-04-20T06:36:00.000-05:00||2022-04-20T11:22:00.000-04:00,MSP||BOS,LAX||MSP,Delta||Delta,DL||DL,Airbus A321||Airbus A320,13200||10020,1534||1122,coach||coach
afa54b313a70999d68da29ffa2dea08f,2022-04-16,2022-04-20,LAX,BOS,WAA3PFEN,PT7H34M,0,False,False,False,274.42,318.60,3,2643,1650460200||1650483000,2022-04-20T06:10:00.000-07:00||2022-04-20T15:30:00.000-04:00,1650479280||1650487440,2022-04-20T14:28:00.000-04:00||2022-04-20T16:44:00.000-04:00,EWR||BOS,LAX||EWR,United||United,UA||UA,Boeing 757-200||Airbus A319,19080||4440,2458||185,coach||coach
f923e7792c95c22f26f889b62306a756,2022-04-16,2022-04-20,LAX,BOS,LA3NA0BQ,PT7H34M,1,True,False,False,274.42,318.60,9,2690,1650487500||1650498360,2022-04-20T13:45:00.000-07:00||2022-04-20T17:46:00.000-06:00,1650494100||1650514740,2022-04-20T16:35:00.000-06:00||2022-04-21T00:19:00.000-04:00,SLC||BOS,LAX||SLC,Delta||Delta,DL||DL,Boeing 737-900||Boeing 737-900,6600||16380,590||2100,coach||coach
b83a39aa75dd6afa7b92930f99e00ae1,2022-04-16,2022-04-20,LAX,BOS,WAA3PFEN,PT7H43M,0,False,False,False,274.42,318.60,5,2643,1650483900||1650506880,2022-04-20T12:45:00.000-07:00||2022-04-20T22:08:00.000-04:00,1650502440||1650511680,2022-04-20T20:54:00.000-04:00||2022-04-20T23:28:00.000-04:00,EWR||BOS,LAX||EWR,United||United,UA||UA,||Boeing 737-700,18540||4800,2458||185,coach||coach
28ab4267433954165c03f184bc099f4a,2022-04-16,2022-04-20,LAX,BOS,V3AZZNN1,PT7H44M,0,False,False,False,274.42,318.60,1,2607,1650485700||1650504900,2022-04-20T13:15:00.000-07:00||2022-04-20T20:35:00.000-05:00,1650500400||1650513540,2022-04-20T19:20:00.000-05:00||2022-04-20T23:59:00.000-04:00,ORD||BOS,LAX||ORD,American Airlines||American Airlines,AA||AA,Boeing 737-800||Boeing 737-800,14700||8640,1745||862,coach||coach
aeeb38b4a276245e2c3509ef21047ce8,2022-04-16,2022-04-20,LAX,BOS,WAA3PFEN,PT7H44M,0,False,False,False,274.42,318.60,3,2611,1650456000||1650469800,2022-04-20T05:00:00.000-07:00||2022-04-20T09:50:00.000-06:00,1650464580||1650483840,2022-04-20T08:23:00.000-06:00||2022-04-20T15:44:00.000-04:00,DEN||BOS,LAX||DEN,United||United,UA||UA,Boeing 757-300||Boeing 737 MAX 9,8580||14040,848||1763,coach||coach
73e449e759cc3c7ff3c66e78fbe59397,2022-04-16,2022-04-20,LAX,BOS,V3AZZNN1,PT7H48M,0,False,False,False,274.42,318.60,6,2634,1650468300||1650486300,2022-04-20T08:25:00.000-07:00||2022-04-20T15:25:00.000-05:00,1650481260||1650496380,2022-04-20T14:01:00.000-05:00||2022-04-20T19:13:00.000-04:00,STL||BOS,LAX||STL,American Airlines||American Airlines,AA||AA,Airbus A319||Airbus A319,12960||10080,1589||1045,coach||coach
063951a806397d6f1340cc25568e0226,2022-04-16,2022-04-20,LAX,BOS,V3AZZNN1,PT7H49M,1,False,False,False,274.42,318.60,6,2607,1650524100||1650543900,2022-04-20T23:55:00.000-07:00||2022-04-21T07:25:00.000-05:00,1650538020||1650552240,2022-04-21T05:47:00.000-05:00||2022-04-21T10:44:00.000-04:00,ORD||BOS,LAX||ORD,American Airlines||American Airlines,AA||AA,Boeing 737-800||Embraer 175,13920||8340,1745||862,coach||coach
59413b030e23a8dca9e536164b305785,2022-04-16,2022-04-20,LAX,BOS,V3AZZNN1,PT7H49M,0,False,False,False,274.42,318.60,4,2607,1650465900||1650485400,2022-04-20T07:45:00.000-07:00||2022-04-20T15:10:00.000-05:00,1650480540||1650494040,2022-04-20T13:49:00.000-05:00||2022-04-20T18:34:00.000-04:00,ORD||BOS,LAX||ORD,American Airlines||American Airlines,AA||AA,Boeing 737-800||Embraer 175,14640||8640,1745||862,coach||coach
ff32982acb89071b4fa4fdee513907a9,2022-04-16,2022-04-20,LAX,BOS,V3AZZNN1,PT7H49M,0,False,False,False,274.42,318.60,2,2794,1650477060||1650491940,2022-04-20T10:51:00.000-07:00||2022-04-20T16:59:00.000-05:00,1650488100||1650505200,2022-04-20T15:55:00.000-05:00||2022-04-20T21:40:00.000-04:00,DFW||BOS,LAX||DFW,American Airlines||American Airlines,AA||AA,Airbus A321||Airbus A321,11040||13260,1238||1556,coach||coach
d03b904667776f73d85dcd5cf697c7ea,2022-04-16,2022-04-20,LAX,BOS,WAA3PFEN,PT7H54M,0,False,False,False,274.42,318.60,2,2643,1650479400||1650502740,2022-04-20T11:30:00.000-07:00||2022-04-20T20:59:00.000-04:00,1650499320||1650507840,2022-04-20T20:02:00.000-04:00||2022-04-20T22:24:00.000-04:00,EWR||BOS,LAX||EWR,United||United,UA||UA,Boeing 757-200||Boeing 737-900,19920||5100,2458||185,coach||coach
8c4b17e8a1dd7ba7cc46f32c6eea7d9b,2022-04-16,2022-04-20,LAX,BOS,LA3NA0BQ,PT8H2M,0,True,False,False,274.42,318.60,9,2656,1650468000||1650486780,2022-04-20T08:20:00.000-07:00||2022-04-20T15:33:00.000-05:00,1650481020||1650496920,2022-04-20T13:57:00.000-05:00||2022-04-20T19:22:00.000-04:00,MSP||BOS,LAX||MSP,Delta||Delta,DL||DL,Airbus A321||Airbus A321,13020||10140,1534||1122,coach||coach
f4b8624213c898ee512d115b0840cc77,2022-04-16,2022-04-20,LAX,BOS,WAA3PFEN,PT8H3M,0,False,False,False,274.42,318.60,9,3037,1650460200||1650468300,2022-04-20T06:10:00.000-07:00||2022-04-20T08:25:00.000-07:00,1650465660||1650489180,2022-04-20T07:41:00.000-07:00||2022-04-20T17:13:00.000-04:00,SFO||BOS,LAX||SFO,United||United,UA||UA,Boeing 737 MAX 9||Boeing 737 MAX 9,5460||20880,339||2698,coach||coach
dbe0783f373c786beee929ceddeca25c,2022-04-16,2022-04-20,LAX,BOS,WAA3PFEN,PT8H4M,0,False,False,False,274.42,318.60,6,2643,1650464100||1650488280,2022-04-20T07:15:00.000-07:00||2022-04-20T16:58:00.000-04:00,1650483480||1650493140,2022-04-20T15:38:00.000-04:00||2022-04-20T18:19:00.000-04:00,EWR||BOS,LAX||EWR,United||United,UA||UA,Boeing 757-200||Boeing 737-800,19380||4860,2458||185,coach||coach
d298061f04876fe839a1a80f006eacd6,2022-04-16,2022-04-20,LAX,BOS,V3AZZNN1,PT8H5M,0,False,False,False,274.42,318.60,7,2794,1650470400||1650486300,2022-04-20T09:00:00.000-07:00||2022-04-20T15:25:00.000-05:00,1650481500||1650499500,2022-04-20T14:05:00.000-05:00||2022-04-20T20:05:00.000-04:00,DFW||BOS,LAX||DFW,American Airlines||American Airlines,AA||AA,Airbus A321||Airbus A321,11100||13200,1238||1556,coach||coach
a69b8911eb8095139ac8498a916afa02,2022-04-16,2022-04-20,LAX,BOS,WAA3PFEN,PT8H6M,0,False,False,False,274.42,318.60,1,2611,1650477840||1650492660,2022-04-20T11:04:00.000-07:00||2022-04-20T16:11:00.000-06:00,1650486240||1650507000,2022-04-20T14:24:00.000-06:00||2022-04-20T22:10:00.000-04:00,DEN||BOS,LAX||DEN,United||United,UA||UA,Boeing 737-900||Boeing 737 MAX 9,8400||14340,848||1763,coach||coach
c7a2be8dc1c8361ae05ff43f9e89391f,2022-04-16,2022-04-20,LAX,BOS,WAA3PFEN,PT8H9M,0,False,False,False,274.42,318.60,5,2643,1650467700||1650491940,2022-04-20T08:15:00.000-07:00||2022-04-20T17:59:00.000-04:00,1650486180||1650497040,2022-04-20T16:23:00.000-04:00||2022-04-20T19:24:00.000-04:00,EWR||BOS,LAX||EWR,United||United,UA||UA,||Boeing 737-700,18480||5100,2458||185,coach||coach
a331c159c6800ceb0b513eafef0a72a9,2022-04-16,2022-04-20,LAX,BOS,WAA3PFEN,PT8H15M,0,False,False,False,274.42,318.60,3,2985,1650481920||1650497700,2022-04-20T12:12:00.000-07:00||2022-04-20T18:35:00.000-05:00,1650493500||1650511620,2022-04-20T17:25:00.000-05:00||2022-04-20T23:27:00.000-04:00,IAH||BOS,LAX||IAH,United||United,UA||UA,Boeing 737-900||Boeing 737-900,11580||13920,1383||1602,coach||coach
cd1d3d785522122775dd870501856ea2,2022-04-16,2022-04-20,LAX,BOS,WAA3PFEN,PT8H15M,1,False,False,False,274.42,318.60,9,2701,1650484800||1650508380,2022-04-20T13:00:00.000-07:00||2022-04-20T22:33:00.000-04:00,1650502260||1650514500,2022-04-20T20:51:00.000-04:00||2022-04-21T00:15:00.000-04:00,IAD||BOS,LAX||IAD,United||United,UA||UA,Boeing 767||Boeing 737-900,17460||6120,2295||406,coach||coach
9e6dc15ae165780ff689b95d7f480470,2022-04-16,2022-04-20,LAX,BOS,WAA3PFEN,PT8H39M,0,False,False,False,274.42,318.60,2,3037,1650476400||1650486300,2022-04-20T10:40:00.000-07:00||2022-04-20T13:25:00.000-07:00,1650482160||1650507540,2022-04-20T12:16:00.000-07:00||2022-04-20T22:19:00.000-04:00,SFO||BOS,LAX||SFO,United||United,UA||UA,Boeing 737-800||Boeing 737 MAX 9,5760||21240,339||2698,coach||coach
61f1a2decabaff7337768e540403d75d,2022-04-16,2022-04-20,LAX,BOS,LA3NA0BQ,PT8H43M,1,True,False,False,274.42,318.60,9,2690,1650505920||1650520740,2022-04-20T18:52:00.000-07:00||2022-04-20T23:59:00.000-06:00,1650512400||1650537300,2022-04-20T21:40:00.000-06:00||2022-04-21T06:35:00.000-04:00,SLC||BOS,LAX||SLC,Delta||Delta,DL||DL,Airbus A321||Boeing 737-900,6480||16560,590||2100,coach||coach
7b74dcd012052a1e251c2cdc53c1e495,2022-04-16,2022-04-20,LAX,BOS,V3AZZNN1,PT8H54M,0,False,False,False,274.42,318.60,7,2607,1650468600||1650492300,2022-04-20T08:30:00.000-07:00||2022-04-20T17:05:00.000-05:00,1650483360||1650500640,2022-04-20T14:36:00.000-05:00||2022-04-20T20:24:00.000-04:00,ORD||BOS,LAX||ORD,American Airlines||American Airlines,AA||AA,Boeing 737-800||Boeing 737-800,14760||8340,1745||862,coach||coach
f72ac5b0906fac823d3f5f5b4d20851d,2022-04-16,2022-04-20,LAX,BOS,WAA3PFEN,PT8H58M,0,False,False,False,274.42,318.60,2,2643,1650479400||1650506880,2022-04-20T11:30:00.000-07:00||2022-04-20T22:08:00.000-04:00,1650499320||1650511680,2022-04-20T20:02:00.000-04:00||2022-04-20T23:28:00.000-04:00,EWR||BOS,LAX||EWR,United||United,UA||UA,Boeing 757-200||Boeing 737-700,19920||4800,2458||185,coach||coach
8d2daeb71c586014d99b3f923fff88e7,2022-04-16,2022-04-20,LAX,BOS,V3AZZNN1,PT9H5M,0,False,False,False,274.42,318.60,7,2794,1650466800||1650486300,2022-04-20T08:00:00.000-07:00||2022-04-20T15:25:00.000-05:00,1650477900||1650499500,2022-04-20T13:05:00.000-05:00||2022-04-20T20:05:00.000-04:00,DFW||BOS,LAX||DFW,American Airlines||American Airlines,AA||AA,Airbus A321||Airbus A321,11100||13200,1238||1556,coach||coach
ed896e17d502ffd802c4d92c57403d24,2022-04-16,2022-04-20,LAX,BOS,WAA3PFEN,PT9H9M,0,False,False,False,274.42,318.60,3,2643,1650460200||1650488280,2022-04-20T06:10:00.000-07:00||2022-04-20T16:58:00.000-04:00,1650479280||1650493140,2022-04-20T14:28:00.000-04:00||2022-04-20T18:19:00.000-04:00,EWR||BOS,LAX||EWR,United||United,UA||UA,Boeing 757-200||Boeing 737-800,19080||4860,2458||185,coach||coach
66eeea6845f32db149d77e024d2f7fa9,2022-04-16,2022-04-20,LAX,BOS,WAA3PFEN,PT9H9M,0,False,False,False,274.42,318.60,6,2643,1650464100||1650491940,2022-04-20T07:15:00.000-07:00||2022-04-20T17:59:00.000-04:00,1650483480||1650497040,2022-04-20T15:38:00.000-04:00||2022-04-20T19:24:00.000-04:00,EWR||BOS,LAX||EWR,United||United,UA||UA,Boeing 757-200||Boeing 737-700,19380||5100,2458||185,coach||coach
018301517e4074db5d33943dbb5c99ef,2022-04-16,2022-04-20,LAX,BOS,WAA3PFEN,PT9H25M,0,False,False,False,274.42,318.60,4,2985,1650438900||1650459300,2022-04-20T00:15:00.000-07:00||2022-04-20T07:55:00.000-05:00,1650450240||1650472800,2022-04-20T05:24:00.000-05:00||2022-04-20T12:40:00.000-04:00,IAH||BOS,LAX||IAH,United||United,UA||UA,Boeing 737-900||Boeing 737-800,11340||13500,1383||1602,coach||coach
3c30751f921783259372e9dd5f9f38ee,2022-04-16,2022-04-20,LAX,BOS,V3AZZNN1,PT9H39M,0,False,False,False,274.42,318.60,7,2607,1650465900||1650492300,2022-04-20T07:45:00.000-07:00||2022-04-20T17:05:00.000-05:00,1650480540||1650500640,2022-04-20T13:49:00.000-05:00||2022-04-20T20:24:00.000-04:00,ORD||BOS,LAX||ORD,American Airlines||American Airlines,AA||AA,Boeing 737-800||Boeing 737-800,14640||8340,1745||862,coach||coach
6feed445ed54ca65222a1f49f9891a43,2022-04-16,2022-04-20,LAX,BOS,V3AZZNN1,PT9H40M,0,False,False,False,274.42,318.60,7,2794,1650470400||1650491940,2022-04-20T09:00:00.000-07:00||2022-04-20T16:59:00.000-05:00,1650481500||1650505200,2022-04-20T14:05:00.000-05:00||2022-04-20T21:40:00.000-04:00,DFW||BOS,LAX||DFW,American Airlines||American Airlines,AA||AA,Airbus A321||Airbus A321,11100||13260,1238||1556,coach||coach
8ba4b5ce76f9cc5a1df1f46458074847,2022-04-16,2022-04-20,LAX,BOS,LA3NA0BQ,PT9H57M,0,True,False,False,274.42,318.60,9,2656,1650461100||1650486780,2022-04-20T06:25:00.000-07:00||2022-04-20T15:33:00.000-05:00,1650473880||1650496920,2022-04-20T11:58:00.000-05:00||2022-04-20T19:22:00.000-04:00,MSP||BOS,LAX||MSP,Delta||Delta,DL||DL,Boeing 757||Airbus A321,12780||10140,1534||1122,coach||coach
d61fcdd9ee22141affd58dd29af16ed8,2022-04-16,2022-04-20,LAX,BOS,WAA3PFEN,PT9H58M,1,False,False,False,274.42,318.60,9,2611,1650496680||1650518400,2022-04-20T16:18:00.000-07:00||2022-04-20T23:20:00.000-06:00,1650504900||1650532560,2022-04-20T19:35:00.000-06:00||2022-04-21T05:16:00.000-04:00,DEN||BOS,LAX||DEN,United||United,UA||UA,Boeing 737-800||Boeing 737-800,8220||14160,848||1763,coach||coach
8627770ad7e24545224248bb627814c4,2022-04-16,2022-04-20,LAX,BOS,WAA3PFEN,PT9H59M,1,False,False,False,274.42,318.60,9,2701,1650478560||1650508380,2022-04-20T11:16:00.000-07:00||2022-04-20T22:33:00.000-04:00,1650496080||1650514500,2022-04-20T19:08:00.000-04:00||2022-04-21T00:15:00.000-04:00,IAD||BOS,LAX||IAD,United||United,UA||UA,Boeing 737-800||Boeing 737-900,17520||6120,2295||406,coach||coach
80949cd08318e423a81a3ecff22ab5e6,2022-04-16,2022-04-20,LAX,BOS,V3AZZNN1,PT10H,0,False,False,False,274.42,318.60,2,2794,1650477060||1650499800,2022-04-20T10:51:00.000-07:00||2022-04-20T19:10:00.000-05:00,1650488100||1650513060,2022-04-20T15:55:00.000-05:00||2022-04-20T23:51:00.000-04:00,DFW||BOS,LAX||DFW,American Airlines||American Airlines,AA||AA,Airbus A321||Boeing 737-800,11040||13260,1238||1556,coach||coach
45c14288b0b772967e21a5abc751d1f1,2022-04-16,2022-04-20,LAX,BOS,V3AZZNN1,PT10H5M,0,False,False,False,274.42,318.60,7,2794,1650463200||1650486300,2022-04-20T07:00:00.000-07:00||2022-04-20T15:25:00.000-05:00,1650474420||1650499500,2022-04-20T12:07:00.000-05:00||2022-04-20T20:05:00.000-04:00,DFW||BOS,LAX||DFW,American Airlines||American Airlines,AA||AA,Airbus A321||Airbus A321,11220||13200,1238||1556,coach||coach
1dbb4b209141b4bd780797c828b3d0c7,2022-04-16,2022-04-20,LAX,BOS,LA3NA0BQ,PT10H9M,1,True,False,False,274.42,318.60,9,2690,1650478200||1650498360,2022-04-20T11:10:00.000-07:00||2022-04-20T17:46:00.000-06:00,1650484920||1650514740,2022-04-20T14:02:00.000-06:00||2022-04-21T00:19:00.000-04:00,SLC||BOS,LAX||SLC,Delta||Delta,DL||DL,Boeing 737-900||Boeing 737-900,6720||16380,590||2100,coach||coach
ea17aea2793ae2b195e291bf7dd450f2,2022-04-16,2022-04-20,LAX,BOS,V3AZZNN1,PT10H40M,0,False,False,False,274.42,318.60,7,2794,1650466800||1650491940,2022-04-20T08:00:00.000-07:00||2022-04-20T16:59:00.000-05:00,1650477900||1650505200,2022-04-20T13:05:00.000-05:00||2022-04-20T21:40:00.000-04:00,DFW||BOS,LAX||DFW,American Airlines||American Airlines,AA||AA,Airbus A321||Airbus A321,11100||13260,1238||1556,coach||coach
cc735d5b5f2c1fb58db978fa6402a563,2022-04-16,2022-04-20,LAX,BOS,L3AJZNN1,PT5H30M,0,False,False,True,283.72,319.60,1,2606,1650492000,2022-04-20T15:00:00.000-07:00,1650511800,2022-04-20T23:30:00.000-04:00,BOS,LAX,American Airlines,AA,AIRBUS INDUSTRIE A321 SHARKLETS,19800,2606,coach
f046adeccc0a264400c0ba72a283c474,2022-04-16,2022-04-20,LAX,BOS,VH3AUEL1,PT5H31M,0,False,False,True,283.72,319.60,7,2606,1650458700,2022-04-20T05:45:00.000-07:00,1650478560,2022-04-20T14:16:00.000-04:00,BOS,LAX,JetBlue Airways,B6,Airbus A319-321,19860,2606,coach
2a056d6be97b2cf527d0b0ede00f55bd,2022-04-16,2022-04-20,LAX,BOS,VH3AUEL1,PT5H39M,0,False,False,True,283.72,319.60,7,2606,1650486540,2022-04-20T13:29:00.000-07:00,1650506880,2022-04-20T22:08:00.000-04:00,BOS,LAX,JetBlue Airways,B6,Airbus A319-321,20340,2606,coach
1b3e46ae7b0e4b314b18def0c98f1b19,2022-04-16,2022-04-20,LAX,BOS,SH3OAJMN,PT7H55M,0,False,False,False,311.63,358.60,7,3037,1650460500||1650468300,2022-04-20T06:15:00.000-07:00||2022-04-20T08:25:00.000-07:00,1650465600||1650489000,2022-04-20T07:40:00.000-07:00||2022-04-20T17:10:00.000-04:00,SFO||BOS,LAX||SFO,Alaska Airlines||Alaska Airlines,AS||AS,Embraer 175||Boeing 737-900,5100||20700,339||2698,coach||coach
1feb57b22cd580d397050755be285e88,2022-04-16,2022-04-20,LAX,BOS,KH3AUEY5,PT5H31M,0,False,False,True,320.93,359.60,1,2606,1650458700,2022-04-20T05:45:00.000-07:00,1650478560,2022-04-20T14:16:00.000-04:00,BOS,LAX,American Airlines,AA,Airbus A321,19860,2606,coach
6fc16e4aa958747a0636ff2ae8c81d0a,2022-04-16,2022-04-20,LAX,BOS,KH3AUEY5,PT5H39M,0,False,False,True,320.93,359.60,2,2606,1650486540,2022-04-20T13:29:00.000-07:00,1650506880,2022-04-20T22:08:00.000-04:00,BOS,LAX,American Airlines,AA,Airbus A321,20340,2606,coach
6a7f48d3f4ef830834dd2d5f2edd1276,2022-04-16,2022-04-20,LAX,BOS,KA0NA0MQ,PT7H46M,1,False,False,False,315.35,362.60,4,2647,1650517200||1650537000,2022-04-20T22:00:00.000-07:00||2022-04-21T06:30:00.000-04:00,1650531960||1650545160,2022-04-21T05:06:00.000-04:00||2022-04-21T08:46:00.000-04:00,CVG||BOS,LAX||CVG,Delta||Delta,DL||DL,Boeing 737-900||Airbus A220-100,14760||8160,1896||751,coach||coach
3760c4c2761a54690ce7bebcab90a3be,2022-04-16,2022-04-20,LAX,BOS,BH0AUEL1,PT5H33M,1,False,False,True,325.58,364.60,7,2606,1650518100,2022-04-20T22:15:00.000-07:00,1650538080,2022-04-21T06:48:00.000-04:00,BOS,LAX,JetBlue Airways,B6,Airbus A319-321,19980,2606,coach
52c8ffd34cb9a12bb22ce865c60867ab,2022-04-16,2022-04-20,LAX,BOS,BH0AUEL1,PT5H36M,0,False,False,True,325.58,364.60,7,2606,1650490200,2022-04-20T14:30:00.000-07:00,1650510360,2022-04-20T23:06:00.000-04:00,BOS,LAX,JetBlue Airways,B6,Airbus A319-321,20160,2606,coach
b9fc3fc35acd14959f11eac794b98b46,2022-04-16,2022-04-20,LAX,BOS,QA3OA0MQ,PT7H32M,0,False,False,False,338.60,387.60,2,2656,1650461100||1650477900,2022-04-20T06:25:00.000-07:00||2022-04-20T13:05:00.000-05:00,1650473880||1650488220,2022-04-20T11:58:00.000-05:00||2022-04-20T16:57:00.000-04:00,MSP||BOS,LAX||MSP,Delta||Delta,DL||DL,Boeing 757||Airbus A321,12780||10320,1534||1122,coach||coach
f005b852032c2d1ef250183331c29556,2022-04-16,2022-04-20,LAX,BOS,L0AZZNN1,PT7H39M,0,False,False,False,339.53,388.60,1,2771,1650477660||1650491940,2022-04-20T11:01:00.000-07:00||2022-04-20T16:59:00.000-05:00,1650488100||1650505200,2022-04-20T15:55:00.000-05:00||2022-04-20T21:40:00.000-04:00,DFW||BOS,ONT||DFW,American Airlines||American Airlines,AA||AA,Airbus A321||Airbus A321,10440||13260,1215||1556,coach||coach
dc04d65574061b1eb53cfb6f94d6db25,2022-04-16,2022-04-20,LAX,BOS,L0AZZNN1,PT7H42M,0,False,False,False,339.53,388.60,1,2771,1650461040||1650475440,2022-04-20T06:24:00.000-07:00||2022-04-20T12:24:00.000-05:00,1650471600||1650488760,2022-04-20T11:20:00.000-05:00||2022-04-20T17:06:00.000-04:00,DFW||BOS,ONT||DFW,American Airlines||American Airlines,AA||AA,Airbus A321||Airbus A321,10560||13320,1215||1556,coach||coach
97a06a60f1f83e58eb98d8a051402e7b,2022-04-16,2022-04-20,LAX,BOS,L0AZZNN1,PT7H54M,0,False,False,False,339.53,388.60,2,2771,1650484620||1650499800,2022-04-20T12:57:00.000-07:00||2022-04-20T19:10:00.000-05:00,1650495000||1650513060,2022-04-20T17:50:00.000-05:00||2022-04-20T23:51:00.000-04:00,DFW||BOS,ONT||DFW,American Airlines||American Airlines,AA||AA,Boeing 737-800||Boeing 737-800,10380||13260,1215||1556,coach||coach
fc7eb52b7ab2812231d16a3c7a3f8750,2022-04-16,2022-04-20,LAX,BOS,L0AZZNN1,PT9H50M,0,False,False,False,339.53,388.60,1,2771,1650477660||1650499800,2022-04-20T11:01:00.000-07:00||2022-04-20T19:10:00.000-05:00,1650488100||1650513060,2022-04-20T15:55:00.000-05:00||2022-04-20T23:51:00.000-04:00,DFW||BOS,ONT||DFW,American Airlines||American Airlines,AA||AA,Airbus A321||Boeing 737-800,10440||13260,1215||1556,coach||coach
9dd648572df4f1ffe4a63e06d0318db7,2022-04-16,2022-04-20,LAX,BOS,SH0OAJMN,PT9H59M,1,False,False,False,340.47,389.61,3,3445,1650504600||1650521400,2022-04-20T18:30:00.000-07:00||2022-04-20T23:10:00.000-07:00,1650514200||1650540540,2022-04-20T21:10:00.000-07:00||2022-04-21T07:29:00.000-04:00,SEA||BOS,ONT||SEA,Alaska Airlines||Alaska Airlines,AS||AS,Boeing 737-900||Boeing 737-900,9600||19140,956||2489,coach||coach
665d086ba6e57516bf9bbdfbeb97dd7e,2022-04-16,2022-04-20,LAX,BOS,SH3OAJMN,PT10H9M,1,False,False,False,344.19,393.60,3,3445,1650504000||1650521400,2022-04-20T18:20:00.000-07:00||2022-04-20T23:10:00.000-07:00,1650514620||1650540540,2022-04-20T21:17:00.000-07:00||2022-04-21T07:29:00.000-04:00,SEA||BOS,LAX||SEA,Alaska Airlines||Alaska Airlines,AS||AS,Airbus A320||Boeing 737-900,10620||19140,956||2489,coach||coach
fae12a8ce6d329494f7a15b563b57603,2022-04-16,2022-04-20,LAX,BOS,SH3OAJMN,PT11H44M,1,False,False,False,344.19,393.60,3,3445,1650498300||1650521400,2022-04-20T16:45:00.000-07:00||2022-04-20T23:10:00.000-07:00,1650508620||1650540540,2022-04-20T19:37:00.000-07:00||2022-04-21T07:29:00.000-04:00,SEA||BOS,LAX||SEA,Alaska Airlines||Alaska Airlines,AS||AS,Airbus A320||Boeing 737-900,10320||19140,956||2489,coach||coach
3326489757c41422fbb5e934ccf26cda,2022-04-16,2022-04-20,LAX,BOS,U0XSNR,PT6H49M,1,False,False,False,289.38,396.96,0,,1650516660||1650523500,2022-04-20T21:51:00.000-07:00||2022-04-20T23:45:00.000-07:00,1650521100||1650541200,2022-04-20T23:05:00.000-07:00||2022-04-21T07:40:00.000-04:00,LAS||BOS,LAX||LAS,Spirit Airlines||Spirit Airlines,NK||NK,AIRBUS INDUSTRIE A320 SHARKLETS||Airbus A319,4440||17700,None||None,coach||coach
8fe822d326c9a0ddd0576011d5ea08d9,2022-04-16,2022-04-20,LAX,BOS,U0XSNR,PT15H16M,1,False,False,False,289.38,396.96,0,,1650486240||1650523500,2022-04-20T13:24:00.000-07:00||2022-04-20T23:45:00.000-07:00,1650490440||1650541200,2022-04-20T14:34:00.000-07:00||2022-04-21T07:40:00.000-04:00,LAS||BOS,LAX||LAS,Spirit Airlines||Spirit Airlines,NK||NK,AIRBUS INDUSTRIE A321 SHARKLETS||Airbus A319,4200||17700,None||None,coach||coach
3afb5e3e703f2b13c2be512a331b0ec0,2022-04-16,2022-04-20,LAX,BOS,QAA3JFEN,PT7H58M,1,False,False,False,351.63,401.60,3,3049,1650511620||1650519660,2022-04-20T20:27:00.000-07:00||2022-04-20T22:41:00.000-07:00,1650517200||1650540300,2022-04-20T22:00:00.000-07:00||2022-04-21T07:25:00.000-04:00,SFO||BOS,ONT||SFO,United||United,UA||UA,Canadair Regional Jet||Boeing 737 MAX 9,5580||20640,351||2698,coach||coach
19b59c30c983af4ad3913487dd580e9f,2022-04-16,2022-04-20,LAX,BOS,M0AJZNN1,PT7H37M,0,False,False,False,352.56,402.60,3,2607,1650460200||1650479100,2022-04-20T06:10:00.000-07:00||2022-04-20T13:25:00.000-05:00,1650475020||1650487620,2022-04-20T12:17:00.000-05:00||2022-04-20T16:47:00.000-04:00,ORD||BOS,LAX||ORD,American Airlines||American Airlines,AA||AA,Boeing 737-800||Embraer 175,14820||8520,1745||862,coach||coach
5240827a50131898ffb409640da13cc7,2022-04-16,2022-04-20,LAX,BOS,QAA0OHEN,PT5H29M,0,False,False,True,366.51,408.60,4,2606,1650467700,2022-04-20T08:15:00.000-07:00,1650487440,2022-04-20T16:44:00.000-04:00,BOS,LAX,United,UA,Boeing 737-900,19740,2606,coach
de51dafc8c4bdef2cc2ad1a9ce1a5d35,2022-04-16,2022-04-20,LAX,BOS,HH0KUEY5,PT5H33M,1,False,False,True,409.30,454.60,7,2606,1650518100,2022-04-20T22:15:00.000-07:00,1650538080,2022-04-21T06:48:00.000-04:00,BOS,LAX,American Airlines,AA,Airbus A321,19980,2606,coach
07126b5822314cab610f75096b10df36,2022-04-16,2022-04-20,LAX,BOS,HH0KUEY5,PT5H36M,0,False,False,True,409.30,454.60,7,2606,1650490200,2022-04-20T14:30:00.000-07:00,1650510360,2022-04-20T23:06:00.000-04:00,BOS,LAX,American Airlines,AA,Airbus A321,20160,2606,coach
a9b1c773d9590e9c66549c4a74a62fbe,2022-04-16,2022-04-20,LAX,BOS,HA3OA0MQ,PT5H30M,1,False,False,True,413.02,458.60,1,2606,1650515700,2022-04-20T21:35:00.000-07:00,1650535500,2022-04-21T06:05:00.000-04:00,BOS,LAX,Delta,DL,Boeing 757-200,19800,2606,coach
9b41784c8a0b493bf68656d86b9a3da4,2022-04-16,2022-04-20,LAX,BOS,K0AJZNN1,PT5H30M,0,False,False,True,422.33,468.61,1,2606,1650474900,2022-04-20T10:15:00.000-07:00,1650494700,2022-04-20T18:45:00.000-04:00,BOS,LAX,American Airlines,AA,AIRBUS INDUSTRIE A321 SHARKLETS,19800,2606,coach
84f084e3932e8afb4c58f2baecbf97f6,2022-04-16,2022-04-20,LAX,BOS,K0AJZNN1,PT5H31M,1,False,False,True,422.33,468.61,3,2606,1650519000,2022-04-20T22:30:00.000-07:00,1650538860,2022-04-21T07:01:00.000-04:00,BOS,LAX,American Airlines,AA,AIRBUS INDUSTRIE A321 SHARKLETS,19860,2606,coach
1e58efc4d07a9b6094881bb4ac7d7230,2022-04-16,2022-04-20,LAX,BOS,K0AJZNN1,PT5H35M,0,False,False,True,422.33,468.61,3,2606,1650468600,2022-04-20T08:30:00.000-07:00,1650488700,2022-04-20T17:05:00.000-04:00,BOS,LAX,American Airlines,AA,AIRBUS INDUSTRIE A321 SHARKLETS,20100,2606,coach
89e991e06561f1d276fa4b3310dbb91c,2022-04-16,2022-04-20,LAX,BOS,LH0OAJMN,PT9H2M,1,False,False,False,427.91,483.60,7,3037,1650503100||1650515100,2022-04-20T18:05:00.000-07:00||2022-04-20T21:25:00.000-07:00,1650508200||1650535620,2022-04-20T19:30:00.000-07:00||2022-04-21T06:07:00.000-04:00,SFO||BOS,LAX||SFO,Alaska Airlines||Alaska Airlines,AS||AS,Boeing 737-900||Boeing 737-900,5100||20520,339||2698,coach||coach
c9b553ee385513047c697beae70b8a00,2022-04-16,2022-04-20,LAX,BOS,MA3OA0MQ,PT7H55M,0,False,False,False,432.56,488.60,2,2674,1650458700||1650470220,2022-04-20T05:45:00.000-07:00||2022-04-20T09:57:00.000-06:00,1650465240||1650487200,2022-04-20T08:34:00.000-06:00||2022-04-20T16:40:00.000-04:00,SLC||BOS,ONT||SLC,Delta||Delta,DL||DL,Boeing 737-800||Boeing 737-800,6540||16980,574||2100,coach||coach
4be802846a7201b011fd760c42ab2a83,2022-04-16,2022-04-20,LAX,BOS,B0CXNR,PT15H18M,1,False,False,False,382.00,489.58,0,,1650517200||1650561300,2022-04-20T22:00:00.000-07:00||2022-04-21T13:15:00.000-04:00,1650534600||1650572280,2022-04-21T05:50:00.000-04:00||2022-04-21T16:18:00.000-04:00,FLL||BOS,LAX||FLL,Spirit Airlines||Spirit Airlines,NK||NK,||,17400||10980,None||None,coach||coach
8d3aa9e216310f8936bb874ee9d239aa,2022-04-16,2022-04-20,LAX,BOS,MA0OA0MQ,PT5H30M,0,False,False,True,524.65,578.60,3,2606,1650492300,2022-04-20T15:05:00.000-07:00,1650512100,2022-04-20T23:35:00.000-04:00,BOS,LAX,Delta,DL,Boeing 757-200,19800,2606,coach
ebcb07a00ddf68ffc1eb3c44ef5f3bd2,2022-04-16,2022-04-20,LAX,BOS,MA0OA0MQ,PT5H32M,0,False,False,True,524.65,578.60,3,2606,1650465900,2022-04-20T07:45:00.000-07:00,1650485820,2022-04-20T16:17:00.000-04:00,BOS,LAX,Delta,DL,Boeing 757-200,19920,2606,coach
d647506cbca3a9afbc72efa07a3e0b39,2022-04-16,2022-04-21,BOS,LAX,WAA3PFEN,PT8H1M,0,False,False,False,234.42,275.60,1,2590,1650540600||1650561480,2022-04-21T07:30:00.000-04:00||2022-04-21T11:18:00.000-06:00,1650557460||1650569460,2022-04-21T10:11:00.000-06:00||2022-04-21T12:31:00.000-07:00,DEN||ONT,BOS||DEN,United||United,UA||UA,Boeing 737-800||Boeing 737-800,16860||7980,1763||827,coach||coach
d6190be590de23c5f5fc7fee5acd813f,2022-04-16,2022-04-21,BOS,LAX,UA3NA0BC,PT8H57M,0,True,False,False,234.42,275.60,9,2674,1650577500||1650603540,2022-04-21T17:45:00.000-04:00||2022-04-21T22:59:00.000-06:00,1650597420||1650609720,2022-04-21T21:17:00.000-06:00||2022-04-21T23:42:00.000-07:00,SLC||ONT,BOS||SLC,Delta||Delta,DL||DL,Boeing 737-800||Boeing 737-800,19920||6180,2100||574,coach||coach
e296fb5e78bac215d28bff5079cc7d51,2022-04-16,2022-04-21,BOS,LAX,G3AZZNN1,PT9H7M,0,False,False,False,234.42,275.60,3,2771,1650571680||1650592920,2022-04-21T16:08:00.000-04:00||2022-04-21T21:02:00.000-05:00,1650587760||1650604500,2022-04-21T19:36:00.000-05:00||2022-04-21T22:15:00.000-07:00,DFW||ONT,BOS||DFW,American Airlines||American Airlines,AA||AA,Airbus A321||Airbus A321,16080||11580,1556||1215,coach||coach
350d1d146cbbf180938f61b31ff83701,2022-04-16,2022-04-21,BOS,LAX,UA3NA0BC,PT9H10M,0,True,False,False,234.42,275.60,9,2674,1650535500||1650562200,2022-04-21T06:05:00.000-04:00||2022-04-21T11:30:00.000-06:00,1650555300||1650568500,2022-04-21T09:35:00.000-06:00||2022-04-21T12:15:00.000-07:00,SLC||ONT,BOS||SLC,Delta||Delta,DL||DL,Boeing 737-900||Boeing 737-800,19800||6300,2100||574,coach||coach
19ecda5560e5b2cb5a1809680f185e34,2022-04-16,2022-04-21,BOS,LAX,WAA3PFEN,PT9H16M,0,False,False,False,234.42,275.60,6,2590,1650536100||1650561480,2022-04-21T06:15:00.000-04:00||2022-04-21T11:18:00.000-06:00,1650552720||1650569460,2022-04-21T08:52:00.000-06:00||2022-04-21T12:31:00.000-07:00,DEN||ONT,BOS||DEN,United||United,UA||UA,Boeing 737-800||Boeing 737-800,16620||7980,1763||827,coach||coach
79e91750a7a21cbce588f4d538a7aeb2,2022-04-16,2022-04-21,BOS,LAX,G3AZZNN1,PT10H2M,0,False,False,False,234.42,275.60,1,2771,1650531600||1650555900,2022-04-21T05:00:00.000-04:00||2022-04-21T10:45:00.000-05:00,1650547740||1650567720,2022-04-21T08:29:00.000-05:00||2022-04-21T12:02:00.000-07:00,DFW||ONT,BOS||DFW,American Airlines||American Airlines,AA||AA,Airbus A321||Airbus A321,16140||11820,1556||1215,coach||coach
bcd8b28b5866d88b2476f8b5ef3f3f3b,2022-04-16,2022-04-21,BOS,LAX,UA3NA0BC,PT10H30M,0,True,False,False,234.42,275.60,9,2866,1650569100||1650589920,2022-04-21T15:25:00.000-04:00||2022-04-21T21:12:00.000-04:00,1650579300||1650606900,2022-04-21T18:15:00.000-04:00||2022-04-21T22:55:00.000-07:00,ATL||ONT,BOS||ATL,Delta||Delta,DL||DL,Airbus A321||Airbus A321,10200||16980,947||1919,coach||coach
02afa880ea32a66feea78fffc4cf3d09,2022-04-16,2022-04-21,BOS,LAX,G3AHZNN3,PT10H28M,0,False,False,False,248.37,290.60,1,3599,1650573000||1650589380,2022-04-21T16:30:00.000-04:00||2022-04-21T21:03:00.000-04:00,1650586080||1650610680,2022-04-21T20:08:00.000-04:00||2022-04-21T23:58:00.000-07:00,MIA||LAX,BOS||MIA,American Airlines||American Airlines,AA||AA,Boeing 737-800||,13080||21300,1260||2339,coach||coach
a6af2ff2bc58d93f55299eaf26f54b65,2022-04-16,2022-04-21,BOS,LAX,WAA3PFEN,PT6H23M,0,False,False,True,274.42,309.60,4,2606,1650577440,2022-04-21T17:44:00.000-04:00,1650600420,2022-04-21T21:07:00.000-07:00,LAX,BOS,United,UA,Boeing 737-900,22980,2606,coach
d92b6254b583e70808d596d9f6c88b13,2022-04-16,2022-04-21,BOS,LAX,RH3ABEL1,PT6H24M,0,False,False,True,274.42,309.60,7,2606,1650574500,2022-04-21T16:55:00.000-04:00,1650597540,2022-04-21T20:19:00.000-07:00,LAX,BOS,JetBlue Airways,B6,Airbus A319-321,23040,2606,coach
23907cc5c242196ebca96b27e47179b2,2022-04-16,2022-04-21,BOS,LAX,LA3NA0BQ,PT6H26M,0,True,False,True,274.42,309.60,9,2606,1650583200,2022-04-21T19:20:00.000-04:00,1650606360,2022-04-21T22:46:00.000-07:00,LAX,BOS,Delta,DL,Boeing 757-200,23160,2606,coach
ab944c47a77f5e7532537d6051e9fe29,2022-04-16,2022-04-21,BOS,LAX,WAA3PFEN,PT6H27M,0,False,False,True,274.42,309.60,1,2606,1650534900,2022-04-21T05:55:00.000-04:00,1650558120,2022-04-21T09:22:00.000-07:00,LAX,BOS,United,UA,Boeing 737 MAX 9,23220,2606,coach
bd48575bd1c6ef42d4307089eadc5257,2022-04-16,2022-04-21,BOS,LAX,RH3ABEL1,PT6H28M,0,False,False,True,274.42,309.60,7,2606,1650583140,2022-04-21T19:19:00.000-04:00,1650606420,2022-04-21T22:47:00.000-07:00,LAX,BOS,JetBlue Airways,B6,Airbus A319-321,23280,2606,coach
682758557aea31ed4b531dc8c7ec835a,2022-04-16,2022-04-21,BOS,LAX,V3AZZNN1,PT8H53M,0,False,False,False,274.42,317.10,1,2849,1650541380||1650553800,2022-04-21T07:43:00.000-04:00||2022-04-21T11:10:00.000-04:00,1650550200||1650573360,2022-04-21T10:10:00.000-04:00||2022-04-21T13:36:00.000-07:00,CLT||LAX,BOS||CLT,American Airlines||American Airlines,AA||AA,Airbus A320||Airbus A321,8820||19560,728||2121,coach||coach
5d00e80a44db0ee5bf10bb85ef9d0776,2022-04-16,2022-04-21,BOS,LAX,V3AZZNN1,PT9H10M,0,False,False,False,274.42,317.10,2,2849,1650573300||1650587100,2022-04-21T16:35:00.000-04:00||2022-04-21T20:25:00.000-04:00,1650582060||1650606300,2022-04-21T19:01:00.000-04:00||2022-04-21T22:45:00.000-07:00,CLT||LAX,BOS||CLT,American Airlines||American Airlines,AA||AA,Airbus A321||Airbus A321,8760||19200,728||2121,coach||coach
c6bb6554e29d791597315632d74677a7,2022-04-16,2022-04-21,BOS,LAX,V3AZZNN1,PT9H28M,0,False,False,False,274.42,317.10,4,2849,1650565740||1650580320,2022-04-21T14:29:00.000-04:00||2022-04-21T18:32:00.000-04:00,1650574620||1650599820,2022-04-21T16:57:00.000-04:00||2022-04-21T20:57:00.000-07:00,CLT||LAX,BOS||CLT,American Airlines||American Airlines,AA||AA,Boeing 737-800||Airbus A321,8880||19500,728||2121,coach||coach
9e1a1637a2552ff460db5b0aa49fb239,2022-04-16,2022-04-21,BOS,LAX,V3AZZNN1,PT8H18M,0,False,False,False,274.42,318.60,1,2607,1650576780||1650590400,2022-04-21T17:33:00.000-04:00||2022-04-21T20:20:00.000-05:00,1650587580||1650606660,2022-04-21T19:33:00.000-05:00||2022-04-21T22:51:00.000-07:00,ORD||LAX,BOS||ORD,American Airlines||American Airlines,AA||AA,Embraer 175||Boeing 737-800,10800||16260,862||1745,coach||coach
b1844799f2323d073853549080d3b3cf,2022-04-16,2022-04-21,BOS,LAX,WAA3PFEN,PT8H20M,0,False,False,False,274.42,318.60,5,2643,1650535500||1650544200,2022-04-21T06:05:00.000-04:00||2022-04-21T08:30:00.000-04:00,1650540540||1650565500,2022-04-21T07:29:00.000-04:00||2022-04-21T11:25:00.000-07:00,EWR||LAX,BOS||EWR,United||United,UA||UA,Boeing 737-700||,5040||21300,185||2458,coach||coach
16e96de61ba0bea8740bdc93b1ab4d23,2022-04-16,2022-04-21,BOS,LAX,WAA3PFEN,PT8H34M,1,False,False,False,274.42,318.60,9,2701,1650584760||1650594900,2022-04-21T19:46:00.000-04:00||2022-04-21T22:35:00.000-04:00,1650590400||1650615600,2022-04-21T21:20:00.000-04:00||2022-04-22T01:20:00.000-07:00,IAD||LAX,BOS||IAD,United||United,UA||UA,Boeing 737-900||Boeing 737-900,5640||20700,406||2295,coach||coach
963d738684becf6cc4bd19dca8f4f843,2022-04-16,2022-04-21,BOS,LAX,WAA3PFEN,PT8H38M,0,False,False,False,274.42,318.60,4,2643,1650555000||1650564000,2022-04-21T11:30:00.000-04:00||2022-04-21T14:00:00.000-04:00,1650560100||1650586080,2022-04-21T12:55:00.000-04:00||2022-04-21T17:08:00.000-07:00,EWR||LAX,BOS||EWR,United||United,UA||UA,Boeing 737-800||Boeing 757-200,5100||22080,185||2458,coach||coach
05c57482bfbbbbfc04f279ebc85dbd31,2022-04-16,2022-04-21,BOS,LAX,V3AZZNN1,PT8H38M,0,False,False,False,274.42,318.60,3,2677,1650543120||1650552600,2022-04-21T08:12:00.000-04:00||2022-04-21T10:50:00.000-04:00,1650548760||1650574200,2022-04-21T09:46:00.000-04:00||2022-04-21T13:50:00.000-07:00,PHL||LAX,BOS||PHL,American Airlines||American Airlines,AA||AA,Airbus A321||,5640||21600,280||2397,coach||coach
97a7c4b7aafe6d9477f42735232d397e,2022-04-16,2022-04-21,BOS,LAX,V3AZZNN1,PT8H38M,0,False,False,False,274.42,318.60,7,2677,1650553800||1650563340,2022-04-21T11:10:00.000-04:00||2022-04-21T13:49:00.000-04:00,1650559440||1650584880,2022-04-21T12:44:00.000-04:00||2022-04-21T16:48:00.000-07:00,PHL||LAX,BOS||PHL,American Airlines||American Airlines,AA||AA,Airbus A319||,5640||21540,280||2397,coach||coach
c3dd065baec3700d32ee6b6d6174a74e,2022-04-16,2022-04-21,BOS,LAX,WAA3PFEN,PT8H38M,0,False,False,False,274.42,318.60,9,2607,1650579600||1650594300,2022-04-21T18:20:00.000-04:00||2022-04-21T21:25:00.000-05:00,1650590340||1650610680,2022-04-21T20:19:00.000-05:00||2022-04-21T23:58:00.000-07:00,ORD||LAX,BOS||ORD,United||United,UA||UA,Boeing 737-900||Boeing 737-900,10740||16380,862||1745,coach||coach
79b391b16da8c6e91583092534888000,2022-04-16,2022-04-21,BOS,LAX,WAA3PFEN,PT8H39M,0,False,False,False,274.42,318.60,4,2643,1650547200||1650556740,2022-04-21T09:20:00.000-04:00||2022-04-21T11:59:00.000-04:00,1650552240||1650578340,2022-04-21T10:44:00.000-04:00||2022-04-21T14:59:00.000-07:00,EWR||LAX,BOS||EWR,United||United,UA||UA,Airbus A320||Boeing 767-300,5040||21600,185||2458,coach||coach
90550268fc74f441fb92eb03fc2c69cf,2022-04-16,2022-04-21,BOS,LAX,V3AZZNN1,PT8H40M,0,False,False,False,274.42,318.60,3,2794,1650531600||1650550740,2022-04-21T05:00:00.000-04:00||2022-04-21T09:19:00.000-05:00,1650547740||1650562800,2022-04-21T08:29:00.000-05:00||2022-04-21T10:40:00.000-07:00,DFW||LAX,BOS||DFW,American Airlines||American Airlines,AA||AA,Airbus A321||,16140||12060,1556||1238,coach||coach
0b8a7c7b6445bb8fcdc3442a847a00a9,2022-04-16,2022-04-21,BOS,LAX,WAA3PFEN,PT8H47M,0,False,False,False,274.42,318.60,9,2643,1650569340||1650578400,2022-04-21T15:29:00.000-04:00||2022-04-21T18:00:00.000-04:00,1650574740||1650600960,2022-04-21T16:59:00.000-04:00||2022-04-21T21:16:00.000-07:00,EWR||LAX,BOS||EWR,United||United,UA||UA,Boeing 737-700||Boeing 757-200,5400||22560,185||2458,coach||coach
65eb226571f5f30abec9a5f2772b3003,2022-04-16,2022-04-21,BOS,LAX,WAA3PFEN,PT8H54M,0,False,False,False,274.42,318.60,7,2643,1650540600||1650551400,2022-04-21T07:30:00.000-04:00||2022-04-21T10:30:00.000-04:00,1650545820||1650572640,2022-04-21T08:57:00.000-04:00||2022-04-21T13:24:00.000-07:00,EWR||LAX,BOS||EWR,United||United,UA||UA,Boeing 737-700||,5220||21240,185||2458,coach||coach
897468f59c130cf0dd871e35e5ece71b,2022-04-16,2022-04-21,BOS,LAX,WAA3PFEN,PT8H58M,0,False,False,False,274.42,318.60,8,2643,1650564000||1650574800,2022-04-21T14:00:00.000-04:00||2022-04-21T17:00:00.000-04:00,1650569460||1650596280,2022-04-21T15:31:00.000-04:00||2022-04-21T19:58:00.000-07:00,EWR||LAX,BOS||EWR,United||United,UA||UA,Airbus A319||,5460||21480,185||2458,coach||coach
b594facb2eba20b0e6f86a4262cb45e1,2022-04-16,2022-04-21,BOS,LAX,LA3NA0BQ,PT9H1M,0,True,False,False,274.42,318.60,9,2690,1650577500||1650602820,2022-04-21T17:45:00.000-04:00||2022-04-21T22:47:00.000-06:00,1650597420||1650609960,2022-04-21T21:17:00.000-06:00||2022-04-21T23:46:00.000-07:00,SLC||LAX,BOS||SLC,Delta||Delta,DL||DL,Boeing 737-800||Boeing 737-900,19920||7140,2100||590,coach||coach
c45dae8b5bc8f2141e22f4e8e63b3ecd,2022-04-16,2022-04-21,BOS,LAX,WAA3PFEN,PT9H1M,0,False,False,False,274.42,318.60,4,2607,1650574440||1650590520,2022-04-21T16:54:00.000-04:00||2022-04-21T20:22:00.000-05:00,1650585000||1650606900,2022-04-21T18:50:00.000-05:00||2022-04-21T22:55:00.000-07:00,ORD||LAX,BOS||ORD,United||United,UA||UA,Boeing 737 MAX 9||Boeing 737-900,10560||16380,862||1745,coach||coach
c8a9adf43d2f81e64455c03af7537957,2022-04-16,2022-04-21,BOS,LAX,WAA3PFEN,PT9H6M,0,False,False,False,274.42,318.60,9,2643,1650577200||1650587400,2022-04-21T17:40:00.000-04:00||2022-04-21T20:30:00.000-04:00,1650583020||1650609960,2022-04-21T19:17:00.000-04:00||2022-04-21T23:46:00.000-07:00,EWR||LAX,BOS||EWR,United||United,UA||UA,Airbus A319||Boeing 757-200,5820||22560,185||2458,coach||coach
80f5e2ebb8c17cf804c70e8152565bb3,2022-04-16,2022-04-21,BOS,LAX,LA3NA0BQ,PT9H13M,0,True,False,False,274.42,318.60,9,2607,1650576060||1650591060,2022-04-21T17:21:00.000-04:00||2022-04-21T21:31:00.000-04:00,1650584280||1650609240,2022-04-21T19:38:00.000-04:00||2022-04-21T23:34:00.000-07:00,DTW||LAX,BOS||DTW,Delta||Delta,DL||DL,Airbus A321||Airbus A321,8220||18180,622||1985,coach||coach
62fca1d424f70529af613ea2e0eb9de7,2022-04-16,2022-04-21,BOS,LAX,WAA3PFEN,PT9H14M,0,False,False,False,274.42,318.60,4,2643,1650539400||1650551400,2022-04-21T07:10:00.000-04:00||2022-04-21T10:30:00.000-04:00,1650544620||1650572640,2022-04-21T08:37:00.000-04:00||2022-04-21T13:24:00.000-07:00,EWR||LAX,BOS||EWR,United||United,UA||UA,Boeing 737-900||,5220||21240,185||2458,coach||coach
b42a60062d8fbef5bd052c1d910e54ec,2022-04-16,2022-04-21,BOS,LAX,WAA3PFEN,PT9H25M,0,False,False,False,274.42,318.60,9,2643,1650559140||1650571200,2022-04-21T12:39:00.000-04:00||2022-04-21T16:00:00.000-04:00,1650564120||1650593040,2022-04-21T14:02:00.000-04:00||2022-04-21T19:04:00.000-07:00,EWR||LAX,BOS||EWR,United||United,UA||UA,Airbus A319||Boeing 767-300,4980||21840,185||2458,coach||coach
8b21f370f57d094fca09835be8b5c43d,2022-04-16,2022-04-21,BOS,LAX,WAA3PFEN,PT9H37M,0,False,False,False,274.42,318.60,1,2611,1650536100||1650561900,2022-04-21T06:15:00.000-04:00||2022-04-21T11:25:00.000-06:00,1650552720||1650570720,2022-04-21T08:52:00.000-06:00||2022-04-21T12:52:00.000-07:00,DEN||LAX,BOS||DEN,United||United,UA||UA,Boeing 737-800||Boeing 737-900,16620||8820,1763||848,coach||coach
bd9ac07fe54fb3b1e0df76c8360689a6,2022-04-16,2022-04-21,BOS,LAX,WAA3PFEN,PT9H45M,0,False,False,False,274.42,318.60,2,2985,1650548880||1650570480,2022-04-21T09:48:00.000-04:00||2022-04-21T14:48:00.000-05:00,1650564660||1650583980,2022-04-21T13:11:00.000-05:00||2022-04-21T16:33:00.000-07:00,IAH||LAX,BOS||IAH,United||United,UA||UA,Boeing 737-900||Boeing 737-900,15780||13500,1602||1383,coach||coach
8b631f65ea40ec449bfcd0d9139e1194,2022-04-16,2022-04-21,BOS,LAX,V3AZZNN1,PT9H47M,0,False,False,False,274.42,318.60,7,2677,1650538980||1650552600,2022-04-21T07:03:00.000-04:00||2022-04-21T10:50:00.000-04:00,1650545100||1650574200,2022-04-21T08:45:00.000-04:00||2022-04-21T13:50:00.000-07:00,PHL||LAX,BOS||PHL,American Airlines||American Airlines,AA||AA,||,6120||21600,280||2397,coach||coach
e7032daab980c1bc4f6396af2bbbcc81,2022-04-16,2022-04-21,BOS,LAX,V3AZZNN1,PT9H49M,0,False,False,False,274.42,318.60,5,2794,1650571680||1650594900,2022-04-21T16:08:00.000-04:00||2022-04-21T21:35:00.000-05:00,1650587760||1650607020,2022-04-21T19:36:00.000-05:00||2022-04-21T22:57:00.000-07:00,DFW||LAX,BOS||DFW,American Airlines||American Airlines,AA||AA,Airbus A321||Airbus A321,16080||12120,1556||1238,coach||coach
123d6c42ba4e3c12c85bf83c55cd4798,2022-04-16,2022-04-21,BOS,LAX,WAA3PFEN,PT10H4M,0,False,False,False,274.42,318.60,9,2607,1650574440||1650594300,2022-04-21T16:54:00.000-04:00||2022-04-21T21:25:00.000-05:00,1650585000||1650610680,2022-04-21T18:50:00.000-05:00||2022-04-21T23:58:00.000-07:00,ORD||LAX,BOS||ORD,United||United,UA||UA,Boeing 737 MAX 9||Boeing 737-900,10560||16380,862||1745,coach||coach
8a4d60e2f8609d0791b17bd26981c70a,2022-04-16,2022-04-21,BOS,LAX,WAA3PFEN,PT10H15M,0,False,False,False,274.42,318.60,3,2607,1650542400||1650563100,2022-04-21T08:00:00.000-04:00||2022-04-21T12:45:00.000-05:00,1650552660||1650579300,2022-04-21T09:51:00.000-05:00||2022-04-21T15:15:00.000-07:00,ORD||LAX,BOS||ORD,United||United,UA||UA,Boeing 737-900||Boeing 757-300,10260||16200,862||1745,coach||coach
2bd5fa0e1351ec1e41f55468f8a6b649,2022-04-16,2022-04-21,BOS,LAX,WAA3PFEN,PT10H16M,0,False,False,False,274.42,318.60,9,2643,1650564000||1650578400,2022-04-21T14:00:00.000-04:00||2022-04-21T18:00:00.000-04:00,1650569460||1650600960,2022-04-21T15:31:00.000-04:00||2022-04-21T21:16:00.000-07:00,EWR||LAX,BOS||EWR,United||United,UA||UA,Airbus A319||Boeing 757-200,5460||22560,185||2458,coach||coach
17aa3d44ab0634d6fc7961a23c7cf003,2022-04-16,2022-04-21,BOS,LAX,WAA3PFEN,PT10H19M,0,False,False,False,274.42,318.60,8,2643,1650535500||1650551400,2022-04-21T06:05:00.000-04:00||2022-04-21T10:30:00.000-04:00,1650540540||1650572640,2022-04-21T07:29:00.000-04:00||2022-04-21T13:24:00.000-07:00,EWR||LAX,BOS||EWR,United||United,UA||UA,Boeing 737-700||,5040||21240,185||2458,coach||coach
e9d186af93a96763fbb8f221ac766535,2022-04-16,2022-04-21,BOS,LAX,WAA3PFEN,PT10H19M,0,False,False,False,274.42,318.60,9,2643,1650559140||1650574800,2022-04-21T12:39:00.000-04:00||2022-04-21T17:00:00.000-04:00,1650564120||1650596280,2022-04-21T14:02:00.000-04:00||2022-04-21T19:58:00.000-07:00,EWR||LAX,BOS||EWR,United||United,UA||UA,Airbus A319||,4980||21480,185||2458,coach||coach
b8a809d292ce7a6bd130b84475c8dc2d,2022-04-16,2022-04-21,BOS,LAX,V3AZZNN1,PT10H21M,0,False,False,False,274.42,318.60,4,2607,1650569400||1650590400,2022-04-21T15:30:00.000-04:00||2022-04-21T20:20:00.000-05:00,1650579780||1650606660,2022-04-21T17:23:00.000-05:00||2022-04-21T22:51:00.000-07:00,ORD||LAX,BOS||ORD,American Airlines||American Airlines,AA||AA,Embraer 175||Boeing 737-800,10380||16260,862||1745,coach||coach
25cb96ba672da0665c3abc9538b8c287,2022-04-16,2022-04-21,BOS,LAX,WAA3PFEN,PT10H29M,0,False,False,False,274.42,318.60,7,2643,1650540600||1650556740,2022-04-21T07:30:00.000-04:00||2022-04-21T11:59:00.000-04:00,1650545820||1650578340,2022-04-21T08:57:00.000-04:00||2022-04-21T14:59:00.000-07:00,EWR||LAX,BOS||EWR,United||United,UA||UA,Boeing 737-700||Boeing 767-300,5220||21600,185||2458,coach||coach
9091947f67ae6cdb005ad85389df4cbe,2022-04-16,2022-04-21,BOS,LAX,WAA3PFEN,PT10H34M,0,False,False,False,274.42,318.60,9,2643,1650555000||1650571200,2022-04-21T11:30:00.000-04:00||2022-04-21T16:00:00.000-04:00,1650560100||1650593040,2022-04-21T12:55:00.000-04:00||2022-04-21T19:04:00.000-07:00,EWR||LAX,BOS||EWR,United||United,UA||UA,Boeing 737-800||Boeing 767-300,5100||21840,185||2458,coach||coach
581dc5715bb605f3a5f27ce5bec71b26,2022-04-16,2022-04-21,BOS,LAX,WAA3PFEN,PT10H36M,0,False,False,False,274.42,318.60,2,2611,1650540600||1650569820,2022-04-21T07:30:00.000-04:00||2022-04-21T13:37:00.000-06:00,1650557460||1650578760,2022-04-21T10:11:00.000-06:00||2022-04-21T15:06:00.000-07:00,DEN||LAX,BOS||DEN,United||United,UA||UA,Boeing 737-800||Boeing 737-800,16860||8940,1763||848,coach||coach
def105e79f95c203f64348d9798eacf1,2022-04-16,2022-04-21,BOS,LAX,V3AZZNN1,PT10H37M,0,False,False,False,274.42,318.60,2,2794,1650531600||1650557700,2022-04-21T05:00:00.000-04:00||2022-04-21T11:15:00.000-05:00,1650547740||1650569820,2022-04-21T08:29:00.000-05:00||2022-04-21T12:37:00.000-07:00,DFW||LAX,BOS||DFW,American Airlines||American Airlines,AA||AA,Airbus A321||Airbus A321,16140||12120,1556||1238,coach||coach
fc4bc374ed3d863b1a1b5c0436784d0b,2022-04-16,2022-04-21,BOS,LAX,WAA3PFEN,PT10H48M,0,False,False,False,274.42,318.60,4,2643,1650547200||1650564000,2022-04-21T09:20:00.000-04:00||2022-04-21T14:00:00.000-04:00,1650552240||1650586080,2022-04-21T10:44:00.000-04:00||2022-04-21T17:08:00.000-07:00,EWR||LAX,BOS||EWR,United||United,UA||UA,Airbus A320||Boeing 757-200,5040||22080,185||2458,coach||coach
3eda0424a9e9bff2e7b61b6830d86ac1,2022-04-16,2022-04-21,BOS,LAX,WAA3PFEN,PT10H49M,0,False,False,False,274.42,318.60,5,2643,1650539400||1650556740,2022-04-21T07:10:00.000-04:00||2022-04-21T11:59:00.000-04:00,1650544620||1650578340,2022-04-21T08:37:00.000-04:00||2022-04-21T14:59:00.000-07:00,EWR||LAX,BOS||EWR,United||United,UA||UA,Boeing 737-900||Boeing 767-300,5220||21600,185||2458,coach||coach
4c81f05507228769bafee63f44afb086,2022-04-16,2022-04-21,BOS,LAX,V3AZZNN1,PT11H4M,0,False,False,False,274.42,318.60,2,3599,1650560100||1650578580,2022-04-21T12:55:00.000-04:00||2022-04-21T18:03:00.000-04:00,1650573000||1650599940,2022-04-21T16:30:00.000-04:00||2022-04-21T20:59:00.000-07:00,MIA||LAX,BOS||MIA,American Airlines||American Airlines,AA||AA,Airbus A321||,12900||21360,1260||2339,coach||coach
584d56901051ac4b393a77b167ff3bc4,2022-04-16,2022-04-21,BOS,LAX,V3AZZNN1,PT11H19M,0,False,False,False,274.42,318.60,1,2794,1650536520||1650565200,2022-04-21T06:22:00.000-04:00||2022-04-21T13:20:00.000-05:00,1650552600||1650577260,2022-04-21T09:50:00.000-05:00||2022-04-21T14:41:00.000-07:00,DFW||LAX,BOS||DFW,American Airlines||American Airlines,AA||AA,Boeing 737-800||Airbus A321,16080||12060,1556||1238,coach||coach
955932c5bcdcfb6545de760fcc5dc6be,2022-04-16,2022-04-21,BOS,LAX,VH3AUEL1,PT6H18M,0,False,False,True,283.72,319.60,7,2606,1650535320,2022-04-21T06:02:00.000-04:00,1650558000,2022-04-21T09:20:00.000-07:00,LAX,BOS,JetBlue Airways,B6,Airbus A319-321,22680,2606,coach
8bd1c1e7cf1604d63d1bb0960ed96b10,2022-04-16,2022-04-21,BOS,LAX,L3AJZNN1,PT6H35M,0,False,False,True,283.72,319.60,5,2606,1650578400,2022-04-21T18:00:00.000-04:00,1650602100,2022-04-21T21:35:00.000-07:00,LAX,BOS,American Airlines,AA,AIRBUS INDUSTRIE A321 SHARKLETS,23700,2606,coach
a6399b3109e938d10ef5a399c5b9feee,2022-04-16,2022-04-21,BOS,LAX,Q3AJZNN1,PT6H35M,0,False,False,True,283.72,319.60,5,2606,1650578400,2022-04-21T18:00:00.000-04:00,1650602100,2022-04-21T21:35:00.000-07:00,LAX,BOS,JetBlue Airways,B6,AIRBUS INDUSTRIE A321 SHARKLETS,23700,2606,coach
72cbf04340cb43834af09d9c7a66d33a,2022-04-16,2022-04-21,BOS,LAX,L3AJZNN1,PT6H38M,0,False,False,True,283.72,319.60,2,2606,1650536400,2022-04-21T06:20:00.000-04:00,1650560280,2022-04-21T09:58:00.000-07:00,LAX,BOS,American Airlines,AA,AIRBUS INDUSTRIE A321 SHARKLETS,23880,2606,coach
53e7d7e93dd780fcf25e6dd2fd809eb2,2022-04-16,2022-04-21,BOS,LAX,Q3AJZNN1,PT6H38M,0,False,False,True,283.72,319.60,2,2606,1650536400,2022-04-21T06:20:00.000-04:00,1650560280,2022-04-21T09:58:00.000-07:00,LAX,BOS,JetBlue Airways,B6,AIRBUS INDUSTRIE A321 SHARKLETS,23880,2606,coach
2a072f3531bc3ee197cd35d86104db36,2022-04-16,2022-04-21,BOS,LAX,V3AZZNN1,PT7H47M,0,False,False,False,293.02,338.60,1,2643,1650537120||1650560400,2022-04-21T06:32:00.000-04:00||2022-04-21T10:00:00.000-07:00,1650558300||1650565140,2022-04-21T09:25:00.000-07:00||2022-04-21T11:19:00.000-07:00,PHX||ONT,BOS||PHX,American Airlines||American Airlines,AA||AA,||Airbus A319,21180||4740,2296||347,coach||coach
65163fcd7f338a7c22e3b8ea38323bb6,2022-04-16,2022-04-21,BOS,LAX,MH3ABEY5,PT6H24M,0,False,False,True,311.63,349.60,4,2606,1650574500,2022-04-21T16:55:00.000-04:00,1650597540,2022-04-21T20:19:00.000-07:00,LAX,BOS,American Airlines,AA,Airbus A321,23040,2606,coach
2f8d7be799f04ce5c41a2ca78a2bdd33,2022-04-16,2022-04-21,BOS,LAX,MH3ABEY5,PT6H28M,0,False,False,True,311.63,349.60,3,2606,1650583140,2022-04-21T19:19:00.000-04:00,1650606420,2022-04-21T22:47:00.000-07:00,LAX,BOS,American Airlines,AA,Airbus A321,23280,2606,coach
41d4a28cd4e11bc60038db7fd6aeab83,2022-04-16,2022-04-21,BOS,LAX,H0DACAD,PT8H12M,0,False,False,False,305.11,351.59,9,2656,1650554700||1650570000,2022-04-21T11:25:00.000-04:00||2022-04-21T14:40:00.000-05:00,1650565980||1650584220,2022-04-21T13:33:00.000-05:00||2022-04-21T16:37:00.000-07:00,MSP||LAX,BOS||MSP,Sun Country Airlines||Sun Country Airlines,SY||SY,Boeing 737-800||Boeing 737-800,11280||14220,1122||1534,coach||coach
7269b44cde4b02e1efac03518109398f,2022-04-16,2022-04-21,BOS,LAX,VAA3KKEN,PT8H22M,0,False,False,False,305.12,351.60,1,2611,1650540600||1650561900,2022-04-21T07:30:00.000-04:00||2022-04-21T11:25:00.000-06:00,1650557460||1650570720,2022-04-21T10:11:00.000-06:00||2022-04-21T12:52:00.000-07:00,DEN||LAX,BOS||DEN,United||United,UA||UA,Boeing 737-800||Boeing 737-900,16860||8820,1763||848,coach||coach
f333a9f0c37866787238800e45eba194,2022-04-16,2022-04-21,BOS,LAX,KA0NA0MQ,PT8H50M,0,False,False,False,305.12,351.60,7,2643,1650571200||1650580500,2022-04-21T16:00:00.000-04:00||2022-04-21T18:35:00.000-04:00,1650576240||1650603000,2022-04-21T17:24:00.000-04:00||2022-04-21T21:50:00.000-07:00,EWR||LAX,BOS||EWR,Delta||Alaska Airlines,DL||AS,Embraer 175||Boeing 737-800,5040||22500,185||2458,coach||coach
b50be79b1fdb305e67e1b00685673b6d,2022-04-16,2022-04-21,BOS,LAX,VAA3AKEN,PT9H9M,1,False,False,False,305.12,351.60,2,3049,1650579360||1650607320,2022-04-21T18:16:00.000-04:00||2022-04-21T23:02:00.000-07:00,1650603600||1650612300,2022-04-21T22:00:00.000-07:00||2022-04-22T00:25:00.000-07:00,SFO||ONT,BOS||SFO,United||United,UA||UA,Boeing 737 MAX 9||Boeing 737-800,24240||4980,2698||351,coach||coach
3e6196d1c1b402c0b1dd05bc7f882fbd,2022-04-16,2022-04-21,BOS,LAX,KA0NA0MQ,PT9H14M,0,False,False,False,305.12,351.60,5,2643,1650576600||1650587340,2022-04-21T17:30:00.000-04:00||2022-04-21T20:29:00.000-04:00,1650582180||1650609840,2022-04-21T19:03:00.000-04:00||2022-04-21T23:44:00.000-07:00,EWR||LAX,BOS||EWR,Delta||Alaska Airlines,DL||AS,Embraer 175||Boeing 737 MAX 9,5580||22500,185||2458,coach||coach
f76b48df5d9720853130b952528ed236,2022-04-16,2022-04-21,BOS,LAX,KA0NA0MQ,PT10H44M,0,False,False,False,305.12,351.60,7,2643,1650571200||1650587340,2022-04-21T16:00:00.000-04:00||2022-04-21T20:29:00.000-04:00,1650576240||1650609840,2022-04-21T17:24:00.000-04:00||2022-04-21T23:44:00.000-07:00,EWR||LAX,BOS||EWR,Delta||Alaska Airlines,DL||AS,Embraer 175||Boeing 737 MAX 9,5040||22500,185||2458,coach||coach
9234a65ce546b3f9ce5cfe678e5ad915,2022-04-16,2022-04-21,BOS,LAX,KA0NA0MQ,PT6H21M,0,False,False,True,315.35,353.60,3,2606,1650551640,2022-04-21T10:34:00.000-04:00,1650574500,2022-04-21T13:55:00.000-07:00,LAX,BOS,Delta,DL,Boeing 757-200,22860,2606,coach
a835153d1fa3c0aae156bf1fe7e3ff72,2022-04-16,2022-04-21,BOS,LAX,KH3AUEY5,PT6H18M,0,False,False,True,320.93,359.60,1,2606,1650535320,2022-04-21T06:02:00.000-04:00,1650558000,2022-04-21T09:20:00.000-07:00,LAX,BOS,American Airlines,AA,Airbus A321,22680,2606,coach
03d8a5902ad2e66f8718085f874f2aaa,2022-04-16,2022-04-21,BOS,LAX,QA3OA0MQ,PT6H26M,0,False,False,True,338.60,378.60,1,2606,1650542340,2022-04-21T07:59:00.000-04:00,1650565500,2022-04-21T11:25:00.000-07:00,LAX,BOS,Delta,DL,Boeing 757-200,23160,2606,coach
d30657760773c87f5dd83c96cf188af6,2022-04-16,2022-04-21,BOS,LAX,QA3OA0MQ,PT8H10M,0,False,False,False,338.60,387.60,1,2656,1650542700||1650557940,2022-04-21T08:05:00.000-04:00||2022-04-21T11:19:00.000-05:00,1650554880||1650572100,2022-04-21T10:28:00.000-05:00||2022-04-21T13:15:00.000-07:00,MSP||LAX,BOS||MSP,Delta||Delta,DL||DL,Airbus A321||Airbus A321,12180||14160,1122||1534,coach||coach
cc42ecb3a882e5143eb792cc8d07a979,2022-04-16,2022-04-21,BOS,LAX,QA0NA0MQ,PT10H5M,0,False,False,False,339.53,388.60,3,2866,1650560400||1650579720,2022-04-21T13:00:00.000-04:00||2022-04-21T18:22:00.000-04:00,1650570720||1650596700,2022-04-21T15:52:00.000-04:00||2022-04-21T20:05:00.000-07:00,ATL||ONT,BOS||ATL,Delta||Delta,DL||DL,Airbus A321||Airbus A321,10320||16980,947||1919,coach||coach
daa77f829793b3aee10db57b04a9d32a,2022-04-16,2022-04-21,BOS,LAX,M0AJZNN1,PT6H29M,0,False,False,True,352.56,393.60,7,2606,1650584100,2022-04-21T19:35:00.000-04:00,1650607440,2022-04-21T23:04:00.000-07:00,LAX,BOS,American Airlines,AA,AIRBUS INDUSTRIE A321 SHARKLETS,23340,2606,coach
ddae0a078dea6e74a5660b72482f9b0f,2022-04-16,2022-04-21,BOS,LAX,TNR,PT9H47M,0,False,False,False,292.00,399.58,0,,1650575400||1650590400,2022-04-21T17:10:00.000-04:00||2022-04-21T21:20:00.000-04:00,1650586980||1650610620,2022-04-21T20:23:00.000-04:00||2022-04-21T23:57:00.000-07:00,FLL||LAX,BOS||FLL,Spirit Airlines||Spirit Airlines,NK||NK,||,11580||20220,None||None,coach||coach
c2609eb3f826a1556a6b41f761b262cc,2022-04-16,2022-04-21,BOS,LAX,QH0KUEL1,PT6H23M,0,False,False,True,372.09,414.60,7,2606,1650551400,2022-04-21T10:30:00.000-04:00,1650574380,2022-04-21T13:53:00.000-07:00,LAX,BOS,JetBlue Airways,B6,Airbus A319-321,22980,2606,coach
744dd01a29b0a9821b456cc5c4d363bd,2022-04-16,2022-04-21,BOS,LAX,HH0KUEY5,PT6H23M,0,False,False,True,409.30,454.60,1,2606,1650551400,2022-04-21T10:30:00.000-04:00,1650574380,2022-04-21T13:53:00.000-07:00,LAX,BOS,American Airlines,AA,Airbus A321,22980,2606,coach
46c2c6c975f47e02c99b271ce1764f6e,2022-04-16,2022-04-21,BOS,LAX,QAA0OFEN,PT8H30M,0,False,False,False,409.30,463.60,3,2701,1650566700||1650576600,2022-04-21T14:45:00.000-04:00||2022-04-21T17:30:00.000-04:00,1650572700||1650597300,2022-04-21T16:25:00.000-04:00||2022-04-21T20:15:00.000-07:00,IAD||LAX,BOS||IAD,United||Alaska Airlines,UA||AS,Boeing 737-800||Airbus A320,6000||20700,406||2295,coach||coach
2b3998793b5ffcd8cb780d4441a3d25c,2022-04-16,2022-04-21,BOS,LAX,QAA0OHEN,PT9H21M,0,False,False,False,412.10,466.61,7,2643,1650569340||1650580500,2022-04-21T15:29:00.000-04:00||2022-04-21T18:35:00.000-04:00,1650574740||1650603000,2022-04-21T16:59:00.000-04:00||2022-04-21T21:50:00.000-07:00,EWR||LAX,BOS||EWR,United||Alaska Airlines,UA||AS,Boeing 737-700||Boeing 737-800,5400||22500,185||2458,coach||coach
3d6f05e4b1a421379990035c9604d716,2022-04-16,2022-04-21,BOS,LAX,K0AJZNN1,PT6H32M,0,False,False,True,422.33,468.61,1,2606,1650543900,2022-04-21T08:25:00.000-04:00,1650567420,2022-04-21T11:57:00.000-07:00,LAX,BOS,American Airlines,AA,AIRBUS INDUSTRIE A321 SHARKLETS,23520,2606,coach
2a785ad0131ebea6beb62973efb46cf7,2022-04-16,2022-04-21,BOS,LAX,HA0OA0MQ,PT8H45M,0,False,False,False,427.91,483.60,3,2701,1650535800||1650546600,2022-04-21T06:10:00.000-04:00||2022-04-21T09:10:00.000-04:00,1650542340||1650567300,2022-04-21T07:59:00.000-04:00||2022-04-21T11:55:00.000-07:00,DCA||LAX,BOS||DCA,Delta||Alaska Airlines,DL||AS,Embraer 175||AIRBUS INDUSTRIE A321 SHARKLETS,6540||20700,406||2295,coach||coach
afcb7b891a69d2d2f3feceb2caafdf9e,2022-04-16,2022-04-21,BOS,LAX,MA0OA0MQ,PT6H21M,0,False,False,True,524.65,578.60,3,2606,1650568800,2022-04-21T15:20:00.000-04:00,1650591660,2022-04-21T18:41:00.000-07:00,LAX,BOS,Delta,DL,Boeing 757-200,22860,2606,coach
995ac1cdf9a249e82885d4ddd622a3bc,2022-04-16,2022-04-21,BOS,LAX,LH0OAVMN,PT9H48M,0,False,False,False,559.07,624.60,3,3037,1650543300||1650573300,2022-04-21T08:15:00.000-04:00||2022-04-21T13:35:00.000-07:00,1650567300||1650578580,2022-04-21T11:55:00.000-07:00||2022-04-21T15:03:00.000-07:00,SFO||LAX,BOS||SFO,Alaska Airlines||Alaska Airlines,AS||AS,Boeing 737-800||Embraer 175,24000||5280,2698||339,coach||coach
0ffb9025d79f8a571868af82f5ecb255,2022-04-16,2022-04-21,LAX,BOS,VAA3KKEN,PT8H3M,0,False,False,False,305.12,351.60,3,3037,1650546600||1650554700,2022-04-21T06:10:00.000-07:00||2022-04-21T08:25:00.000-07:00,1650552060||1650575580,2022-04-21T07:41:00.000-07:00||2022-04-21T17:13:00.000-04:00,SFO||BOS,LAX||SFO,United||United,UA||UA,Boeing 737 MAX 9||Boeing 737 MAX 9,5460||20880,339||2698,coach||coach
a50c99a29498b98acb82717aa90cbf7c,2022-04-16,2022-04-21,LAX,BOS,VAA3KKEN,PT8H4M,0,False,False,False,305.12,351.60,1,2643,1650550500||1650574680,2022-04-21T07:15:00.000-07:00||2022-04-21T16:58:00.000-04:00,1650569880||1650579540,2022-04-21T15:38:00.000-04:00||2022-04-21T18:19:00.000-04:00,EWR||BOS,LAX||EWR,United||United,UA||UA,Boeing 757-200||Boeing 737-800,19380||4860,2458||185,coach||coach
a6bd80a6e36bb42d216e74d1fe25899b,2022-04-16,2022-04-21,LAX,BOS,VAA3AKEN,PT8H13M,0,False,False,False,305.12,351.60,2,3049,1650546000||1650554700,2022-04-21T06:00:00.000-07:00||2022-04-21T08:25:00.000-07:00,1650551100||1650575580,2022-04-21T07:25:00.000-07:00||2022-04-21T17:13:00.000-04:00,SFO||BOS,ONT||SFO,United||United,UA||UA,Boeing 737-800||Boeing 737 MAX 9,5100||20880,351||2698,coach||coach
5db904767da9945e9fcf9abda1bf6b82,2022-04-16,2022-04-21,LAX,BOS,VAA3KKEN,PT8H58M,0,False,False,False,305.12,351.60,1,2643,1650565800||1650593280,2022-04-21T11:30:00.000-07:00||2022-04-21T22:08:00.000-04:00,1650585720||1650598080,2022-04-21T20:02:00.000-04:00||2022-04-21T23:28:00.000-04:00,EWR||BOS,LAX||EWR,United||United,UA||UA,Boeing 757-200||Boeing 737-900,19920||4800,2458||185,coach||coach
79da8fbbb83d1572fec5913df526da42,2022-04-16,2022-04-21,LAX,BOS,VAA3KKEN,PT11H4M,0,False,False,False,305.12,351.60,1,3037,1650554100||1650572700,2022-04-21T08:15:00.000-07:00||2022-04-21T13:25:00.000-07:00,1650559800||1650593940,2022-04-21T09:50:00.000-07:00||2022-04-21T22:19:00.000-04:00,SFO||BOS,LAX||SFO,United||United,UA||UA,Boeing 737-800||Boeing 737 MAX 9,5700||21240,339||2698,coach||coach
2c3d69c29919045ac807412ef7ed5393,2022-04-16,2022-04-21,LAX,BOS,KA0NA0MQ,PT9H35M,1,False,False,False,315.35,362.60,4,3445,1650587400||1650603060,2022-04-21T17:30:00.000-07:00||2022-04-21T21:51:00.000-07:00,1650597540||1650621900,2022-04-21T20:19:00.000-07:00||2022-04-22T06:05:00.000-04:00,SEA||BOS,LAX||SEA,Delta||Delta,DL||DL,Airbus A321||Boeing 737-900,10140||18840,956||2489,coach||coach
f658b7763924c18a7604108acad3a8cf,2022-04-16,2022-04-21,LAX,BOS,KA0NA0MQ,PT10H9M,1,False,False,False,315.35,362.60,4,2690,1650564600||1650584760,2022-04-21T11:10:00.000-07:00||2022-04-21T17:46:00.000-06:00,1650571320||1650601140,2022-04-21T14:02:00.000-06:00||2022-04-22T00:19:00.000-04:00,SLC||BOS,LAX||SLC,Delta||Delta,DL||DL,Boeing 737-900||Boeing 737-900,6720||16380,590||2100,coach||coach
a0f097c1400d1417497ef87505de4d03,2022-04-16,2022-04-21,LAX,BOS,QA3OA0MQ,PT7H32M,0,False,False,False,338.60,387.60,1,2607,1650544740||1650564900,2022-04-21T05:39:00.000-07:00||2022-04-21T14:15:00.000-04:00,1650560700||1650571860,2022-04-21T13:05:00.000-04:00||2022-04-21T16:11:00.000-04:00,DTW||BOS,LAX||DTW,Delta||Delta,DL||DL,Airbus A321||Airbus A321,15960||6960,1985||622,coach||coach
6f5f917c121ea85f7cf456462cbcb857,2022-04-16,2022-04-21,LAX,BOS,QA0NA0MQ,PT7H39M,1,False,False,False,339.53,388.60,4,2674,1650573600||1650584760,2022-04-21T13:40:00.000-07:00||2022-04-21T17:46:00.000-06:00,1650579840||1650601140,2022-04-21T16:24:00.000-06:00||2022-04-22T00:19:00.000-04:00,SLC||BOS,ONT||SLC,Delta||Delta,DL||DL,Boeing 737-800||Boeing 737-900,6240||16380,574||2100,coach||coach
3e4fc0b58400cf6d5bd88e73529d0704,2022-04-16,2022-04-21,LAX,BOS,QAA0KKEN,PT7H4M,0,False,False,False,340.47,389.61,1,2643,1650554100||1650574680,2022-04-21T08:15:00.000-07:00||2022-04-21T16:58:00.000-04:00,1650572580||1650579540,2022-04-21T16:23:00.000-04:00||2022-04-21T18:19:00.000-04:00,EWR||BOS,LAX||EWR,United||United,UA||UA,||Boeing 737-800,18480||4860,2458||185,coach||coach
c687d7c55e4577c0f4d300d97a276314,2022-04-16,2022-04-21,LAX,BOS,QAA0KKEN,PT7H19M,1,False,False,False,340.47,389.61,3,2611,1650592620||1650604800,2022-04-21T18:57:00.000-07:00||2022-04-21T23:20:00.000-06:00,1650600960||1650618960,2022-04-21T22:16:00.000-06:00||2022-04-22T05:16:00.000-04:00,DEN||BOS,LAX||DEN,United||United,UA||UA,Boeing 737-900||Boeing 737-800,8340||14160,848||1763,coach||coach
772434318e665823ba6ce8f90d79f2d9,2022-04-16,2022-04-21,LAX,BOS,QAA0KKEN,PT7H43M,0,False,False,False,340.47,389.61,5,2643,1650570300||1650593280,2022-04-21T12:45:00.000-07:00||2022-04-21T22:08:00.000-04:00,1650588840||1650598080,2022-04-21T20:54:00.000-04:00||2022-04-21T23:28:00.000-04:00,EWR||BOS,LAX||EWR,United||United,UA||UA,||Boeing 737-900,18540||4800,2458||185,coach||coach
72ed8320175f9d352e87fd1e1696cc16,2022-04-16,2022-04-21,LAX,BOS,QAA0KKEN,PT7H59M,0,False,False,False,340.47,389.61,1,2643,1650565800||1650589740,2022-04-21T11:30:00.000-07:00||2022-04-21T21:09:00.000-04:00,1650585720||1650594540,2022-04-21T20:02:00.000-04:00||2022-04-21T22:29:00.000-04:00,EWR||BOS,LAX||EWR,United||United,UA||UA,Boeing 757-200||Boeing 737-900,19920||4800,2458||185,coach||coach
3f540baaa09164af6cdc77bea7342d7d,2022-04-16,2022-04-21,LAX,BOS,QAA0KKEN,PT8H39M,0,False,False,False,340.47,389.61,1,3037,1650562800||1650572700,2022-04-21T10:40:00.000-07:00||2022-04-21T13:25:00.000-07:00,1650568560||1650593940,2022-04-21T12:16:00.000-07:00||2022-04-21T22:19:00.000-04:00,SFO||BOS,LAX||SFO,United||United,UA||UA,Boeing 737-800||Boeing 737 MAX 9,5760||21240,339||2698,coach||coach
1804cc2f7bef505673fe583e0c0159e8,2022-04-16,2022-04-21,LAX,BOS,QAA3JFEN,PT8H32M,0,False,False,False,351.63,401.60,1,3049,1650563220||1650572700,2022-04-21T10:47:00.000-07:00||2022-04-21T13:25:00.000-07:00,1650568800||1650593940,2022-04-21T12:20:00.000-07:00||2022-04-21T22:19:00.000-04:00,SFO||BOS,ONT||SFO,United||United,UA||UA,Canadair Regional Jet||Boeing 737 MAX 9,5580||21240,351||2698,coach||coach
e5e8604ba1023fac35eb1cf477676498,2022-04-16,2022-04-21,LAX,BOS,M0AJZNN1,PT7H34M,0,False,False,False,352.56,402.60,1,2677,1650547200||1650569400,2022-04-21T06:20:00.000-07:00||2022-04-21T15:30:00.000-04:00,1650565860||1650574440,2022-04-21T14:31:00.000-04:00||2022-04-21T16:54:00.000-04:00,PHL||BOS,LAX||PHL,American Airlines||American Airlines,AA||AA,||Airbus A319,18660||5040,2397||280,coach||coach
590ae6ccd0f5bb76de1b25ecb39cfb8f,2022-04-16,2022-04-21,LAX,BOS,M0AJZNN1,PT9H5M,0,False,False,False,352.56,402.60,4,2794,1650553200||1650572700,2022-04-21T08:00:00.000-07:00||2022-04-21T15:25:00.000-05:00,1650564300||1650585900,2022-04-21T13:05:00.000-05:00||2022-04-21T20:05:00.000-04:00,DFW||BOS,LAX||DFW,American Airlines||American Airlines,AA||AA,Airbus A321||Airbus A321,11100||13200,1238||1556,coach||coach
bee3c83f300d421e132fb62979f5e4ae,2022-04-16,2022-04-21,LAX,BOS,M0AJZNN1,PT9H24M,0,False,False,False,352.56,402.60,3,2607,1650546600||1650571800,2022-04-21T06:10:00.000-07:00||2022-04-21T15:10:00.000-05:00,1650561420||1650580440,2022-04-21T12:17:00.000-05:00||2022-04-21T18:34:00.000-04:00,ORD||BOS,LAX||ORD,American Airlines||American Airlines,AA||AA,Boeing 737-800||Embraer 175,14820||8640,1745||862,coach||coach
bcb7e9e1ddd14a7623b109e8bae6c8be,2022-04-16,2022-04-21,LAX,BOS,M0AJZNN1,PT10H5M,0,False,False,False,352.56,402.60,1,2794,1650549600||1650572700,2022-04-21T07:00:00.000-07:00||2022-04-21T15:25:00.000-05:00,1650560820||1650585900,2022-04-21T12:07:00.000-05:00||2022-04-21T20:05:00.000-04:00,DFW||BOS,LAX||DFW,American Airlines||American Airlines,AA||AA,Airbus A321||Airbus A321,11220||13200,1238||1556,coach||coach
0653040f267afed1309b41d3e2205da6,2022-04-16,2022-04-21,LAX,BOS,M0AJZNN1,PT10H40M,0,False,False,False,352.56,402.60,2,2794,1650553200||1650578340,2022-04-21T08:00:00.000-07:00||2022-04-21T16:59:00.000-05:00,1650564300||1650591600,2022-04-21T13:05:00.000-05:00||2022-04-21T21:40:00.000-04:00,DFW||BOS,LAX||DFW,American Airlines||American Airlines,AA||AA,Airbus A321||Airbus A321,11100||13260,1238||1556,coach||coach
5126e722cf800013ad0fecf38b3ba0f7,2022-04-16,2022-04-21,LAX,BOS,VH3OAVMN,PT7H59M,0,False,False,False,365.58,416.60,3,2643,1650555000||1650579000,2022-04-21T08:30:00.000-07:00||2022-04-21T18:10:00.000-04:00,1650574500||1650583740,2022-04-21T16:55:00.000-04:00||2022-04-21T19:29:00.000-04:00,EWR||BOS,LAX||EWR,Alaska Airlines||Delta,AS||DL,Boeing 737-900||Embraer 175,19500||4740,2458||185,coach||coach
7fe9cb652ec2bb6f6965a0342875027f,2022-04-16,2022-04-21,LAX,BOS,VH0OAJMN,PT7H55M,0,False,False,False,372.09,423.60,3,3037,1650546900||1650554700,2022-04-21T06:15:00.000-07:00||2022-04-21T08:25:00.000-07:00,1650552000||1650575400,2022-04-21T07:40:00.000-07:00||2022-04-21T17:10:00.000-04:00,SFO||BOS,LAX||SFO,Alaska Airlines||Alaska Airlines,AS||AS,Embraer 175||Boeing 737-900,5100||20700,339||2698,coach||coach
54ad7957fcd4a9ea62541c08236c54da,2022-04-16,2022-04-21,LAX,BOS,VH0OAJMN,PT9H59M,0,False,False,False,397.21,450.60,7,3445,1650546000||1650562260,2022-04-21T06:00:00.000-07:00||2022-04-21T10:31:00.000-07:00,1650555900||1650581940,2022-04-21T08:45:00.000-07:00||2022-04-21T18:59:00.000-04:00,SEA||BOS,ONT||SEA,Alaska Airlines||Alaska Airlines,AS||AS,Boeing 737-900||Boeing 737-800,9900||19680,956||2489,coach||coach
4d0d1f60ede658c699f7a5978506d36d,2022-04-16,2022-04-21,LAX,BOS,MI3QUEL1,PT10H50M,0,False,False,False,399.07,452.60,7,3037,1650549300||1650567180,2022-04-21T06:55:00.000-07:00||2022-04-21T11:53:00.000-07:00,1650554940||1650588300,2022-04-21T08:29:00.000-07:00||2022-04-21T20:45:00.000-04:00,SFO||BOS,LAX||SFO,JetBlue Airways||JetBlue Airways,B6||B6,Airbus A320||Airbus A319-321,5640||21120,339||2698,coach||coach
af8c68432c6388022f04d61f20616ca1,2022-04-16,2022-04-21,LAX,BOS,OL0ABEL1,PT8H15M,1,False,False,False,403.72,457.60,7,2611,1650594840||1650606300,2022-04-21T19:34:00.000-07:00||2022-04-21T22:45:00.000-07:00,1650599160||1650624540,2022-04-21T20:46:00.000-07:00||2022-04-22T06:49:00.000-04:00,LAS||BOS,LAX||LAS,JetBlue Airways||JetBlue Airways,B6||B6,Airbus A320||Airbus A321,4320||18240,241||2370,coach||coach
bc683cef911e5ad227ea0e21222120c8,2022-04-16,2022-04-21,LAX,BOS,HA3OA0MQ,PT5H30M,0,False,False,True,413.02,458.60,6,2606,1650578700,2022-04-21T15:05:00.000-07:00,1650598500,2022-04-21T23:35:00.000-04:00,BOS,LAX,Delta,DL,Boeing 757-200,19800,2606,coach
44cdf6d2038e5614e98206ff70a5c6dd,2022-04-16,2022-04-21,LAX,BOS,HA3OA0MQ,PT5H32M,0,False,False,True,413.02,458.60,9,2606,1650552300,2022-04-21T07:45:00.000-07:00,1650572220,2022-04-21T16:17:00.000-04:00,BOS,LAX,Delta,DL,Boeing 757-200,19920,2606,coach
137a16fde02fa1ec18e314a9c7f4d51e,2022-04-16,2022-04-21,LAX,BOS,HA3OA0MQ,PT5H38M,0,False,False,True,413.02,458.60,5,2606,1650570000,2022-04-21T12:40:00.000-07:00,1650590280,2022-04-21T21:18:00.000-04:00,BOS,LAX,Delta,DL,Boeing 757-200,20280,2606,coach
ea5800f300f35bf03f1814255d8e8a95,2022-04-16,2022-04-21,LAX,BOS,HA3OA0MQ,PT7H26M,1,False,False,False,413.02,467.60,2,2607,1650576300||1650596340,2022-04-21T14:25:00.000-07:00||2022-04-21T22:59:00.000-04:00,1650592020||1650603060,2022-04-21T21:47:00.000-04:00||2022-04-22T00:51:00.000-04:00,DTW||BOS,LAX||DTW,Delta||Delta,DL||DL,Airbus A321||Airbus A321,15720||6720,1985||622,coach||coach
a2a36e5729c48cdbdf84e445211e9613,2022-04-16,2022-04-21,LAX,BOS,HA3OA0MQ,PT7H34M,1,False,False,False,413.02,467.60,7,2690,1650573900||1650584760,2022-04-21T13:45:00.000-07:00||2022-04-21T17:46:00.000-06:00,1650580500||1650601140,2022-04-21T16:35:00.000-06:00||2022-04-22T00:19:00.000-04:00,SLC||BOS,LAX||SLC,Delta||Delta,DL||DL,Boeing 737-900||Boeing 737-900,6600||16380,590||2100,coach||coach
55a670d4376cb002c1a866b06e4d1359,2022-04-16,2022-04-21,LAX,BOS,HA3OA0MQ,PT8H2M,0,False,False,False,413.02,467.60,1,2656,1650554400||1650573180,2022-04-21T08:20:00.000-07:00||2022-04-21T15:33:00.000-05:00,1650567420||1650583320,2022-04-21T13:57:00.000-05:00||2022-04-21T19:22:00.000-04:00,MSP||BOS,LAX||MSP,Delta||Delta,DL||DL,Airbus A321||Airbus A321,13020||10140,1534||1122,coach||coach
3073c5eaed24cecf28334d7140991bf6,2022-04-16,2022-04-21,LAX,BOS,HAA0OHEN,PT5H29M,0,False,False,True,422.33,468.61,4,2606,1650554100,2022-04-21T08:15:00.000-07:00,1650573840,2022-04-21T16:44:00.000-04:00,BOS,LAX,United,UA,Boeing 737-900,19740,2606,coach
b2646ba1ee95b5b6440e6accfc0893a8,2022-04-16,2022-04-21,LAX,BOS,HAA0OHEN,PT5H29M,1,False,False,True,422.33,468.61,2,2606,1650606660,2022-04-21T22:51:00.000-07:00,1650626400,2022-04-22T07:20:00.000-04:00,BOS,LAX,United,UA,Boeing 737 MAX 9,19740,2606,coach
2a018a2bf3a2a0df6e588921a0baa02a,2022-04-16,2022-04-21,LAX,BOS,K0AJZNN1,PT5H35M,0,False,False,True,422.33,468.61,1,2606,1650555000,2022-04-21T08:30:00.000-07:00,1650575100,2022-04-21T17:05:00.000-04:00,BOS,LAX,JetBlue Airways,B6,AIRBUS INDUSTRIE A321 SHARKLETS,20100,2606,coach
052bd6da13e9010876bce0541ac6dd60,2022-04-16,2022-04-21,LAX,BOS,K0AJZNN1,PT5H35M,0,False,False,True,422.33,468.61,1,2606,1650555000,2022-04-21T08:30:00.000-07:00,1650575100,2022-04-21T17:05:00.000-04:00,BOS,LAX,American Airlines,AA,AIRBUS INDUSTRIE A321 SHARKLETS,20100,2606,coach
533c297f7d8413807bd01df9b655065f,2022-04-16,2022-04-21,LAX,BOS,HAA0OHEN,PT9H14M,0,False,False,False,422.33,473.11,4,2458,1650561300||1650589740,2022-04-21T10:15:00.000-07:00||2022-04-21T21:09:00.000-04:00,1650581220||1650594540,2022-04-21T18:47:00.000-04:00||2022-04-21T22:29:00.000-04:00,EWR||BOS,LAX||EWR,United||United,UA||UA,Boeing 757-200||Boeing 737-900,19920||4800,2458||185,coach||coach
120fbafde16f68b3cd0c1d170844bdcd,2022-04-16,2022-04-21,LAX,BOS,K0AJZNN1,PT8H1M,1,False,False,False,422.33,476.11,1,2849,1650607200||1650628560,2022-04-21T23:00:00.000-07:00||2022-04-22T07:56:00.000-04:00,1650623880||1650636060,2022-04-22T06:38:00.000-04:00||2022-04-22T10:01:00.000-04:00,CLT||BOS,LAX||CLT,American Airlines||American Airlines,AA||AA,Airbus A321||Airbus A321,16680||7500,2121||728,coach||coach
0eedfb2772dd8580b31ab8f9b1785eee,2022-04-16,2022-04-21,LAX,BOS,HAA0OHEN,PT7H31M,1,False,False,False,422.33,477.61,5,2607,1650610740||1650629700,2022-04-21T23:59:00.000-07:00||2022-04-22T07:15:00.000-05:00,1650625380||1650637800,2022-04-22T06:03:00.000-05:00||2022-04-22T10:30:00.000-04:00,ORD||BOS,LAX||ORD,United||United,UA||UA,Boeing 737-800||Boeing 737-800,14640||8100,1745||862,coach||coach
733b574a33636037ef0bb655e0afd4e2,2022-04-16,2022-04-21,LAX,BOS,K0AJZNN1,PT7H44M,0,False,False,False,422.33,477.61,2,2607,1650572100||1650591300,2022-04-21T13:15:00.000-07:00||2022-04-21T20:35:00.000-05:00,1650586800||1650599940,2022-04-21T19:20:00.000-05:00||2022-04-21T23:59:00.000-04:00,ORD||BOS,LAX||ORD,American Airlines||American Airlines,AA||AA,Boeing 737-800||Boeing 737-800,14700||8640,1745||862,coach||coach
b6a41c635e6ab4e5effeb70a62cee265,2022-04-16,2022-04-21,LAX,BOS,K0AJZNN1,PT8H5M,0,False,False,False,422.33,477.61,2,2794,1650556800||1650572700,2022-04-21T09:00:00.000-07:00||2022-04-21T15:25:00.000-05:00,1650567900||1650585900,2022-04-21T14:05:00.000-05:00||2022-04-21T20:05:00.000-04:00,DFW||BOS,LAX||DFW,American Airlines||American Airlines,AA||AA,Airbus A321||Airbus A321,11100||13200,1238||1556,coach||coach
b575b2c004a9911fb05859eff591401f,2022-04-16,2022-04-21,LAX,BOS,K0AJZNN1,PT8H10M,1,False,False,False,422.33,477.61,1,2643,1650603720||1650628740,2022-04-21T22:02:00.000-07:00||2022-04-22T07:59:00.000-04:00,1650623400||1650633120,2022-04-22T06:30:00.000-04:00||2022-04-22T09:12:00.000-04:00,JFK||BOS,LAX||JFK,American Airlines||American Airlines,AA||AA,AIRBUS INDUSTRIE A321 SHARKLETS||AIRBUS INDUSTRIE A321 SHARKLETS,19680||4380,2458||185,coach||coach
004738ab1b0b5ab276723ebd658a7ac3,2022-04-16,2022-04-21,LAX,BOS,K0AJZNN1,PT8H10M,1,False,False,False,422.33,477.61,1,2643,1650603720||1650628740,2022-04-21T22:02:00.000-07:00||2022-04-22T07:59:00.000-04:00,1650623400||1650633120,2022-04-22T06:30:00.000-04:00||2022-04-22T09:12:00.000-04:00,JFK||BOS,LAX||JFK,JetBlue Airways||JetBlue Airways,B6||B6,AIRBUS INDUSTRIE A321 SHARKLETS||AIRBUS INDUSTRIE A321 SHARKLETS,19680||4380,2458||185,coach||coach
98c1699f622d4137203a43b42815dfe1,2022-04-16,2022-04-21,LAX,BOS,HAA0OHEN,PT8H31M,1,False,False,False,422.33,477.61,4,2607,1650607140||1650629700,2022-04-21T22:59:00.000-07:00||2022-04-22T07:15:00.000-05:00,1650621120||1650637800,2022-04-22T04:52:00.000-05:00||2022-04-22T10:30:00.000-04:00,ORD||BOS,LAX||ORD,United||United,UA||UA,BOEING 787-9||Boeing 737-800,13980||8100,1745||862,coach||coach
6e4528088ecaf42a0f0922da3d92af4c,2022-04-16,2022-04-21,LAX,BOS,K0AJZNN1,PT8H57M,0,False,False,False,422.33,477.61,1,2607,1650560400||1650584700,2022-04-21T10:00:00.000-07:00||2022-04-21T18:45:00.000-05:00,1650575220||1650592620,2022-04-21T16:07:00.000-05:00||2022-04-21T21:57:00.000-04:00,ORD||BOS,LAX||ORD,American Airlines||American Airlines,AA||AA,Boeing 737-800||Airbus A321,14820||7920,1745||862,coach||coach
9ec2a776b6e73bf52fce49518fd16f39,2022-04-16,2022-04-21,LAX,BOS,K0AJZNN1,PT9H21M,0,False,False,False,422.33,477.61,3,2794,1650565800||1650586200,2022-04-21T11:30:00.000-07:00||2022-04-21T19:10:00.000-05:00,1650576300||1650599460,2022-04-21T16:25:00.000-05:00||2022-04-21T23:51:00.000-04:00,DFW||BOS,LAX||DFW,American Airlines||American Airlines,AA||AA,BOEING 787-9||Boeing 737-800,10500||13260,1238||1556,coach||coach
fb3021395def6129790a2857a90dec15,2022-04-16,2022-04-21,LAX,BOS,LH0OAJMN,PT9H17M,0,False,False,False,465.12,523.60,3,3445,1650566400||1650580500,2022-04-21T11:40:00.000-07:00||2022-04-21T15:35:00.000-07:00,1650576600||1650599820,2022-04-21T14:30:00.000-07:00||2022-04-21T23:57:00.000-04:00,SEA||BOS,LAX||SEA,Alaska Airlines||Alaska Airlines,AS||AS,Boeing 737-900||Boeing 737-900,10200||19320,956||2489,coach||coach
ad61088cb7e1147d1faa1867c0db2194,2022-04-16,2022-04-21,LAX,BOS,LH0OAJMN,PT10H27M,0,False,False,False,465.12,523.60,3,3445,1650562200||1650580500,2022-04-21T10:30:00.000-07:00||2022-04-21T15:35:00.000-07:00,1650572640||1650599820,2022-04-21T13:24:00.000-07:00||2022-04-21T23:57:00.000-04:00,SEA||BOS,LAX||SEA,Alaska Airlines||Alaska Airlines,AS||AS,Boeing 737-900||Boeing 737-900,10440||19320,956||2489,coach||coach
f212ee92491552d8c7b8247364de5d93,2022-04-16,2022-04-21,LAX,BOS,M3AIZNN1,PT7H49M,1,False,False,False,466.98,525.60,3,2607,1650610500||1650630300,2022-04-21T23:55:00.000-07:00||2022-04-22T07:25:00.000-05:00,1650624420||1650638640,2022-04-22T05:47:00.000-05:00||2022-04-22T10:44:00.000-04:00,ORD||BOS,LAX||ORD,American Airlines||American Airlines,AA||AA,Boeing 737-800||Embraer 175,13920||8340,1745||862,coach||coach
2cb2b1a13601ecd6d1ffe74747ac1254,2022-04-16,2022-04-21,LAX,BOS,I0DACAY,PT13H57M,1,False,False,False,477.20,542.19,9,2656,1650587700||1650628200,2022-04-21T17:35:00.000-07:00||2022-04-22T06:50:00.000-05:00,1650600660||1650637920,2022-04-21T23:11:00.000-05:00||2022-04-22T10:32:00.000-04:00,MSP||BOS,LAX||MSP,Sun Country Airlines||Sun Country Airlines,SY||SY,Boeing 737-800||Boeing 737-800,12960||9720,1534||1122,coach||coach
e443fbc72a8ee5960b031dbbb32e9a83,2022-04-16,2022-04-21,LAX,BOS,K0AIZNN1,PT7H39M,0,False,False,False,489.30,549.60,3,2771,1650564060||1650578340,2022-04-21T11:01:00.000-07:00||2022-04-21T16:59:00.000-05:00,1650574500||1650591600,2022-04-21T15:55:00.000-05:00||2022-04-21T21:40:00.000-04:00,DFW||BOS,ONT||DFW,American Airlines||American Airlines,AA||AA,Airbus A321||Airbus A321,10440||13260,1215||1556,coach||coach
6e345d38a053fa0a58005dacbc51e03f,2022-04-16,2022-04-21,LAX,BOS,K0AIZNN1,PT8H52M,0,False,False,False,489.30,549.60,1,2643,1650567600||1650582000,2022-04-21T12:00:00.000-07:00||2022-04-21T16:00:00.000-07:00,1650571740||1650599520,2022-04-21T13:09:00.000-07:00||2022-04-21T23:52:00.000-04:00,PHX||BOS,ONT||PHX,American Airlines||American Airlines,AA||AA,Airbus A319||,4140||17520,347||2296,coach||coach
af1763f3998cefe3d0dbbaf467daf028,2022-04-16,2022-04-21,LAX,BOS,K0AIZNN1,PT9H50M,0,False,False,False,489.30,549.60,3,2771,1650564060||1650586200,2022-04-21T11:01:00.000-07:00||2022-04-21T19:10:00.000-05:00,1650574500||1650599460,2022-04-21T15:55:00.000-05:00||2022-04-21T23:51:00.000-04:00,DFW||BOS,ONT||DFW,American Airlines||American Airlines,AA||AA,Airbus A321||Boeing 737-800,10440||13260,1215||1556,coach||coach
a421ee217a429395626c539ff1db7664,2022-04-16,2022-04-21,LAX,BOS,LH0OAJMN,PT10H4M,1,False,False,False,489.30,549.60,7,3445,1650590700||1650607800,2022-04-21T18:25:00.000-07:00||2022-04-21T23:10:00.000-07:00,1650600300||1650626940,2022-04-21T21:05:00.000-07:00||2022-04-22T07:29:00.000-04:00,SEA||BOS,ONT||SEA,Alaska Airlines||Alaska Airlines,AS||AS,Boeing 737-800||Boeing 737-900,9600||19140,956||2489,coach||coach
f83c2ecb39cc618ef8835031ba9611f7,2022-04-16,2022-04-21,LAX,BOS,LH0OAJMN,PT10H32M,0,False,False,False,489.30,549.60,3,3445,1650561900||1650580500,2022-04-21T10:25:00.000-07:00||2022-04-21T15:35:00.000-07:00,1650571500||1650599820,2022-04-21T13:05:00.000-07:00||2022-04-21T23:57:00.000-04:00,SEA||BOS,ONT||SEA,Alaska Airlines||Alaska Airlines,AS||AS,Airbus A320||Boeing 737-900,9600||19320,956||2489,coach||coach
fe4a10352078c11eadbc83e926b867b7,2022-04-16,2022-04-21,LAX,BOS,H0AJZNN1,PT5H30M,0,False,False,True,515.35,568.60,1,2606,1650561300,2022-04-21T10:15:00.000-07:00,1650581100,2022-04-21T18:45:00.000-04:00,BOS,LAX,American Airlines,AA,AIRBUS INDUSTRIE A321 SHARKLETS,19800,2606,coach
9822cdc2d3123d2015d75cda3d6c8b34,2022-04-16,2022-04-21,LAX,BOS,H0AJZNN1,PT5H30M,0,False,False,True,515.35,568.60,2,2606,1650578400,2022-04-21T15:00:00.000-07:00,1650598200,2022-04-21T23:30:00.000-04:00,BOS,LAX,American Airlines,AA,AIRBUS INDUSTRIE A321 SHARKLETS,19800,2606,coach
924e82fad0495663778d257eb1b40e5c,2022-04-16,2022-04-21,LAX,BOS,E0AJZNN1,PT5H30M,0,False,False,True,515.35,568.60,2,2606,1650578400,2022-04-21T15:00:00.000-07:00,1650598200,2022-04-21T23:30:00.000-04:00,BOS,LAX,JetBlue Airways,B6,AIRBUS INDUSTRIE A321 SHARKLETS,19800,2606,coach
af38474418f85aa11ca2aeba4d185820,2022-04-16,2022-04-21,LAX,BOS,H0AJZNN1,PT5H31M,1,False,False,True,515.35,568.60,2,2606,1650605400,2022-04-21T22:30:00.000-07:00,1650625260,2022-04-22T07:01:00.000-04:00,BOS,LAX,American Airlines,AA,AIRBUS INDUSTRIE A321 SHARKLETS,19860,2606,coach
d87c7e04bcda1c531cb238e29e56eb54,2022-04-16,2022-04-21,LAX,BOS,E0AJZNN1,PT5H31M,1,False,False,True,515.35,568.60,2,2606,1650605400,2022-04-21T22:30:00.000-07:00,1650625260,2022-04-22T07:01:00.000-04:00,BOS,LAX,JetBlue Airways,B6,AIRBUS INDUSTRIE A321 SHARKLETS,19860,2606,coach
26a9275ad613db3949a300878e72b840,2022-04-16,2022-04-21,LAX,BOS,E0AJZNN1,PT7H42M,0,False,False,False,515.35,577.60,6,2643,1650567600||1650590940,2022-04-21T12:00:00.000-07:00||2022-04-21T21:29:00.000-04:00,1650587400||1650595320,2022-04-21T20:30:00.000-04:00||2022-04-21T22:42:00.000-04:00,JFK||BOS,LAX||JFK,JetBlue Airways||JetBlue Airways,B6||B6,AIRBUS INDUSTRIE A321 SHARKLETS||AIRBUS INDUSTRIE A321 SHARKLETS,19800||4380,2458||185,coach||coach
90b9013241ce176a716e44b5dafa1da0,2022-04-16,2022-04-21,LAX,BOS,E0AJZNN1,PT7H56M,0,False,False,False,515.35,577.60,5,2643,1650567600||1650591300,2022-04-21T12:00:00.000-07:00||2022-04-21T21:35:00.000-04:00,1650587400||1650596160,2022-04-21T20:30:00.000-04:00||2022-04-21T22:56:00.000-04:00,JFK||BOS,LAX||JFK,JetBlue Airways||JetBlue Airways,B6||B6,AIRBUS INDUSTRIE A321 SHARKLETS||Embraer 190,19800||4860,2458||185,coach||coach
7ba7da1e958e6661550716e82e48c385,2022-04-16,2022-04-21,LAX,BOS,H0AJZNN1,PT8H42M,0,False,False,False,515.35,577.60,4,2643,1650564000||1650590940,2022-04-21T11:00:00.000-07:00||2022-04-21T21:29:00.000-04:00,1650583800||1650595320,2022-04-21T19:30:00.000-04:00||2022-04-21T22:42:00.000-04:00,JFK||BOS,LAX||JFK,American Airlines||American Airlines,AA||AA,AIRBUS INDUSTRIE A321 SHARKLETS||AIRBUS INDUSTRIE A321 SHARKLETS,19800||4380,2458||185,coach||coach
4f3dd96c4b919364fdca10578ec88569,2022-04-16,2022-04-21,LAX,BOS,E0AJZNN1,PT8H56M,0,False,False,False,515.35,577.60,5,2643,1650564000||1650591300,2022-04-21T11:00:00.000-07:00||2022-04-21T21:35:00.000-04:00,1650583800||1650596160,2022-04-21T19:30:00.000-04:00||2022-04-21T22:56:00.000-04:00,JFK||BOS,LAX||JFK,JetBlue Airways||JetBlue Airways,B6||B6,AIRBUS INDUSTRIE A321 SHARKLETS||Embraer 190,19800||4860,2458||185,coach||coach
1aeceefd2e453c394656792f76877217,2022-04-16,2022-04-21,LAX,BOS,H0AJZNN1,PT9H40M,0,False,False,False,515.35,577.60,3,2794,1650556800||1650578340,2022-04-21T09:00:00.000-07:00||2022-04-21T16:59:00.000-05:00,1650567900||1650591600,2022-04-21T14:05:00.000-05:00||2022-04-21T21:40:00.000-04:00,DFW||BOS,LAX||DFW,American Airlines||American Airlines,AA||AA,Airbus A321||Airbus A321,11100||13260,1238||1556,coach||coach
d986fd3716b9940d7cbe75e5b5a50b36,2022-04-16,2022-04-21,LAX,BOS,H0AJZNN1,PT10H9M,1,False,False,False,515.35,577.60,3,2666,1650584700||1650603600,2022-04-21T16:45:00.000-07:00||2022-04-21T22:00:00.000-07:00,1650589620||1650621240,2022-04-21T18:07:00.000-07:00||2022-04-22T05:54:00.000-04:00,PHX||BOS,LAX||PHX,American Airlines||American Airlines,AA||AA,Airbus A320||,4920||17640,370||2296,coach||coach
4aa77a23d5aefab5f214fae2e500beca,2022-04-16,2022-04-21,LAX,BOS,MA0OA0MQ,PT5H30M,1,False,False,True,524.65,578.60,5,2606,1650602100,2022-04-21T21:35:00.000-07:00,1650621900,2022-04-22T06:05:00.000-04:00,BOS,LAX,Delta,DL,Boeing 757-200,19800,2606,coach
2e0c62ddd0c85b3a3af828349975d7b1,2022-04-16,2022-04-21,LAX,BOS,MA0OA0MQ,PT7H15M,1,False,False,False,524.65,587.60,9,2607,1650607740||1650627000,2022-04-21T23:09:00.000-07:00||2022-04-22T07:30:00.000-04:00,1650623400||1650633840,2022-04-22T06:30:00.000-04:00||2022-04-22T09:24:00.000-04:00,DTW||BOS,LAX||DTW,Delta||Delta,DL||DL,Airbus A321||Boeing 737-900,15660||6840,1985||622,coach||coach
cdc84ce95f75882989ff50ea01498abc,2022-04-16,2022-04-21,LAX,BOS,MA0OA0MQ,PT7H20M,1,False,False,False,524.65,587.60,6,2690,1650597300||1650607140,2022-04-21T20:15:00.000-07:00||2022-04-21T23:59:00.000-06:00,1650604080||1650623700,2022-04-21T23:08:00.000-06:00||2022-04-22T06:35:00.000-04:00,SLC||BOS,LAX||SLC,Delta||Delta,DL||DL,Embraer 175 (Enhanced Winglets)||Boeing 737-900,6780||16560,590||2100,coach||coach
8e7dc1909a9a1fa9ba9c08718fa72515,2022-04-16,2022-04-21,LAX,BOS,MA0OA0MQ,PT8H11M,1,False,False,False,524.65,587.60,9,2643,1650602460||1650627000,2022-04-21T21:41:00.000-07:00||2022-04-22T07:30:00.000-04:00,1650621600||1650631920,2022-04-22T06:00:00.000-04:00||2022-04-22T08:52:00.000-04:00,JFK||BOS,LAX||JFK,Delta||Delta,DL||DL,||Embraer 175,19140||4920,2458||185,coach||coach
a92c192340188bac977c551e9f952dac,2022-04-16,2022-04-21,LAX,BOS,MA0OA0MQ,PT8H24M,1,False,False,False,524.65,587.60,9,2607,1650603600||1650627000,2022-04-21T22:00:00.000-07:00||2022-04-22T07:30:00.000-04:00,1650619020||1650633840,2022-04-22T05:17:00.000-04:00||2022-04-22T09:24:00.000-04:00,DTW||BOS,LAX||DTW,Delta||Delta,DL||DL,Airbus A321||Boeing 737-900,15420||6840,1985||622,coach||coach
5ab353a21eb49ce6f4cd88b1dc40f17d,2022-04-16,2022-04-21,LAX,BOS,EH0KUEL1,PT5H31M,0,False,False,True,572.09,629.60,7,2606,1650545100,2022-04-21T05:45:00.000-07:00,1650564960,2022-04-21T14:16:00.000-04:00,BOS,LAX,JetBlue Airways,B6,Airbus A319-321,19860,2606,coach
058b4ff3639c7f8573da69fa1233a17d,2022-04-16,2022-04-21,LAX,BOS,EH0KUEL1,PT5H33M,1,False,False,True,572.09,629.60,7,2606,1650604500,2022-04-21T22:15:00.000-07:00,1650624480,2022-04-22T06:48:00.000-04:00,BOS,LAX,JetBlue Airways,B6,Airbus A319-321,19980,2606,coach
c86bc7d8888f24efcbeff7ed3c169462,2022-04-16,2022-04-21,LAX,BOS,EH0KUEL1,PT5H36M,0,False,False,True,572.09,629.60,7,2606,1650578700,2022-04-21T15:05:00.000-07:00,1650598860,2022-04-21T23:41:00.000-04:00,BOS,LAX,JetBlue Airways,B6,Airbus A319-321,20160,2606,coach
e5764a1160ffe8072b22b7050c0fc3d6,2022-04-16,2022-04-21,LAX,BOS,EH0KUEL1,PT5H38M,0,False,False,True,572.09,629.60,7,2606,1650574560,2022-04-21T13:56:00.000-07:00,1650594840,2022-04-21T22:34:00.000-04:00,BOS,LAX,JetBlue Airways,B6,Airbus A319-321,20280,2606,coach
3715a92ecfb3d899f9cdca6a4f10c58a,2022-04-16,2022-04-21,LAX,BOS,BH3AUEL1,PT12H26M,1,False,False,False,580.19,652.90,2,2621,1650608220||1650648600,2022-04-21T23:17:00.000-07:00||2022-04-22T13:30:00.000-04:00,1650627600||1650652980,2022-04-22T07:40:00.000-04:00||2022-04-22T14:43:00.000-04:00,JFK||BOS,ONT||JFK,JetBlue Airways||JetBlue Airways,B6||B6,Airbus A321||Airbus A320,19380||4380,2436||185,coach||coach
7478cd4635b5be0e5355d3c716ebc38a,2022-04-16,2022-04-21,LAX,BOS,YH0KUEY5,PT5H31M,0,False,False,True,609.30,669.60,7,2606,1650545100,2022-04-21T05:45:00.000-07:00,1650564960,2022-04-21T14:16:00.000-04:00,BOS,LAX,American Airlines,AA,Airbus A321,19860,2606,coach
24f41749b3e5f536d00703c603d7fc69,2022-04-16,2022-04-21,LAX,BOS,YH0KUEY5,PT5H33M,1,False,False,True,609.30,669.60,7,2606,1650604500,2022-04-21T22:15:00.000-07:00,1650624480,2022-04-22T06:48:00.000-04:00,BOS,LAX,American Airlines,AA,Airbus A321,19980,2606,coach
cbef95d35c69f591244ad542acfbfb74,2022-04-16,2022-04-21,LAX,BOS,YH0KUEY5,PT5H36M,0,False,False,True,609.30,669.60,7,2606,1650578700,2022-04-21T15:05:00.000-07:00,1650598860,2022-04-21T23:41:00.000-04:00,BOS,LAX,American Airlines,AA,Airbus A321,20160,2606,coach
2024a4f72ae5b1b8a951f0c91da31bfc,2022-04-16,2022-04-21,LAX,BOS,YH0KUEY5,PT5H38M,0,False,False,True,609.30,669.60,7,2606,1650574560,2022-04-21T13:56:00.000-07:00,1650594840,2022-04-21T22:34:00.000-04:00,BOS,LAX,American Airlines,AA,Airbus A321,20280,2606,coach
6953b462f6921372930324b3d864c89c,2022-04-16,2022-04-21,LAX,BOS,KH0OAJMN,PT9H2M,1,False,False,False,632.56,703.60,1,3037,1650589500||1650601500,2022-04-21T18:05:00.000-07:00||2022-04-21T21:25:00.000-07:00,1650594600||1650622020,2022-04-21T19:30:00.000-07:00||2022-04-22T06:07:00.000-04:00,SFO||BOS,LAX||SFO,Alaska Airlines||Alaska Airlines,AS||AS,Boeing 737-900||Boeing 737-800,5100||20520,339||2698,coach||coach
bcedc2ca0c1fab72847d90f6c5f7824c,2022-04-16,2022-04-22,BOS,LAX,WAA3PFEN,PT8H1M,0,False,False,False,234.42,275.60,8,2590,1650627000||1650647880,2022-04-22T07:30:00.000-04:00||2022-04-22T11:18:00.000-06:00,1650643860||1650655860,2022-04-22T10:11:00.000-06:00||2022-04-22T12:31:00.000-07:00,DEN||ONT,BOS||DEN,United||United,UA||UA,Boeing 737-800||Boeing 737-800,16860||7980,1763||827,coach||coach
f6d6eeae3cc9cd93246a42dd804b123d,2022-04-16,2022-04-22,BOS,LAX,G3AZZNN1,PT9H7M,0,False,False,False,234.42,275.60,1,2771,1650658080||1650679320,2022-04-22T16:08:00.000-04:00||2022-04-22T21:02:00.000-05:00,1650674160||1650690900,2022-04-22T19:36:00.000-05:00||2022-04-22T22:15:00.000-07:00,DFW||ONT,BOS||DFW,American Airlines||American Airlines,AA||AA,Airbus A321||Airbus A321,16080||11580,1556||1215,coach||coach
f08da987c616143f1a94ba3b434c8619,2022-04-16,2022-04-22,BOS,LAX,WAA3PFEN,PT9H9M,1,False,False,False,234.42,275.60,3,3049,1650665760||1650693720,2022-04-22T18:16:00.000-04:00||2022-04-22T23:02:00.000-07:00,1650690000||1650698700,2022-04-22T22:00:00.000-07:00||2022-04-23T00:25:00.000-07:00,SFO||ONT,BOS||SFO,United||United,UA||UA,Boeing 737 MAX 9||Airbus A319,24240||4980,2698||351,coach||coach
e70f0ca275cf8726d84f9f95fa272f3e,2022-04-16,2022-04-22,BOS,LAX,UA3NA0BC,PT9H10M,0,True,False,False,234.42,275.60,9,2674,1650621900||1650648600,2022-04-22T06:05:00.000-04:00||2022-04-22T11:30:00.000-06:00,1650641700||1650654900,2022-04-22T09:35:00.000-06:00||2022-04-22T12:15:00.000-07:00,SLC||ONT,BOS||SLC,Delta||Delta,DL||DL,Boeing 737-900||Boeing 737-800,19800||6300,2100||574,coach||coach
07f6cb5f81738a03cbe2a508ab31be59,2022-04-16,2022-04-22,BOS,LAX,WAA3PFEN,PT9H16M,0,False,False,False,234.42,275.60,8,2590,1650622500||1650647880,2022-04-22T06:15:00.000-04:00||2022-04-22T11:18:00.000-06:00,1650639120||1650655860,2022-04-22T08:52:00.000-06:00||2022-04-22T12:31:00.000-07:00,DEN||ONT,BOS||DEN,United||United,UA||UA,Boeing 737-800||Boeing 737-800,16620||7980,1763||827,coach||coach
2b30bbf5b3fad534e5d4d5b050caa8c8,2022-04-16,2022-04-22,BOS,LAX,UA3NA0BC,PT9H19M,0,True,False,False,234.42,275.60,9,2866,1650659760||1650676320,2022-04-22T16:36:00.000-04:00||2022-04-22T21:12:00.000-04:00,1650670200||1650693300,2022-04-22T19:30:00.000-04:00||2022-04-22T22:55:00.000-07:00,ATL||ONT,BOS||ATL,Delta||Delta,DL||DL,Airbus A321||Airbus A321,10440||16980,947||1919,coach||coach
bfa0fb40f3a2345eea12e3dc5032828a,2022-04-16,2022-04-22,BOS,LAX,G3AZZNN1,PT10H2M,0,False,False,False,234.42,275.60,3,2771,1650618000||1650642300,2022-04-22T05:00:00.000-04:00||2022-04-22T10:45:00.000-05:00,1650634140||1650654120,2022-04-22T08:29:00.000-05:00||2022-04-22T12:02:00.000-07:00,DFW||ONT,BOS||DFW,American Airlines||American Airlines,AA||AA,Airbus A321||Airbus A321,16140||11820,1556||1215,coach||coach
716faf45cf18b4bcfb4d5b114f7db526,2022-04-16,2022-04-22,BOS,LAX,G3AZZNN1,PT10H33M,0,False,False,False,234.42,275.60,6,2771,1650652920||1650679320,2022-04-22T14:42:00.000-04:00||2022-04-22T21:02:00.000-05:00,1650669000||1650690900,2022-04-22T18:10:00.000-05:00||2022-04-22T22:15:00.000-07:00,DFW||ONT,BOS||DFW,American Airlines||American Airlines,AA||AA,Airbus A321||Airbus A321,16080||11580,1556||1215,coach||coach
0c2bf3d4ff4a63cc4ff3e422a9ba8772,2022-04-16,2022-04-22,BOS,LAX,RH3ABEL1,PT6H18M,0,False,False,True,274.42,309.60,7,2606,1650621720,2022-04-22T06:02:00.000-04:00,1650644400,2022-04-22T09:20:00.000-07:00,LAX,BOS,JetBlue Airways,B6,Airbus A319-321,22680,2606,coach
414223f0cbc4d48e7690bbd1f32b8952,2022-04-16,2022-04-22,BOS,LAX,LA3NA0BQ,PT6H21M,0,True,False,True,274.42,309.60,9,2606,1650638040,2022-04-22T10:34:00.000-04:00,1650660900,2022-04-22T13:55:00.000-07:00,LAX,BOS,Delta,DL,Boeing 757-200,22860,2606,coach
d2caf7210814d7bfca231413ea3f747e,2022-04-16,2022-04-22,BOS,LAX,LA3NA0BQ,PT6H21M,0,True,False,True,274.42,309.60,9,2606,1650655200,2022-04-22T15:20:00.000-04:00,1650678060,2022-04-22T18:41:00.000-07:00,LAX,BOS,Delta,DL,Boeing 757-200,22860,2606,coach
e5f63cce428023d756bf7e850f903363,2022-04-16,2022-04-22,BOS,LAX,WAA3PFEN,PT6H23M,0,False,False,True,274.42,309.60,5,2606,1650663840,2022-04-22T17:44:00.000-04:00,1650686820,2022-04-22T21:07:00.000-07:00,LAX,BOS,United,UA,Boeing 737-900,22980,2606,coach
150f7c4dfdc6b413ab593f1cb9717816,2022-04-16,2022-04-22,BOS,LAX,LA3NA0BQ,PT6H26M,0,True,False,True,274.42,309.60,9,2606,1650669600,2022-04-22T19:20:00.000-04:00,1650692760,2022-04-22T22:46:00.000-07:00,LAX,BOS,Delta,DL,Boeing 757-200,23160,2606,coach
b51bdbfea5069975d19956b2c89a2bef,2022-04-16,2022-04-22,BOS,LAX,LA3NA0BQ,PT6H26M,0,True,False,True,274.42,309.60,9,2606,1650628740,2022-04-22T07:59:00.000-04:00,1650651900,2022-04-22T11:25:00.000-07:00,LAX,BOS,Delta,DL,Boeing 757-200,23160,2606,coach
cae9cab90961916a3072639e5c2661fd,2022-04-16,2022-04-22,BOS,LAX,WAA3PFEN,PT6H27M,0,False,False,True,274.42,309.60,5,2606,1650621300,2022-04-22T05:55:00.000-04:00,1650644520,2022-04-22T09:22:00.000-07:00,LAX,BOS,United,UA,Boeing 737 MAX 9,23220,2606,coach
4e17a778ec9940cd68047331f897d1d9,2022-04-16,2022-04-22,BOS,LAX,B3AHZNN1,PT6H29M,0,False,False,True,274.42,309.60,7,2606,1650670500,2022-04-22T19:35:00.000-04:00,1650693840,2022-04-22T23:04:00.000-07:00,LAX,BOS,JetBlue Airways,B6,AIRBUS INDUSTRIE A321 SHARKLETS,23340,2606,coach
fa9a4f9f96e868806e6f860c9569fc0f,2022-04-16,2022-04-22,BOS,LAX,V3AZZNN1,PT6H29M,0,False,False,True,274.42,309.60,7,2606,1650670500,2022-04-22T19:35:00.000-04:00,1650693840,2022-04-22T23:04:00.000-07:00,LAX,BOS,American Airlines,AA,AIRBUS INDUSTRIE A321 SHARKLETS,23340,2606,coach
814dd30d1c214e4bb3a821b899b3799d,2022-04-16,2022-04-22,BOS,LAX,B3AHZNN1,PT6H35M,0,False,False,True,274.42,309.60,7,2606,1650664800,2022-04-22T18:00:00.000-04:00,1650688500,2022-04-22T21:35:00.000-07:00,LAX,BOS,JetBlue Airways,B6,AIRBUS INDUSTRIE A321 SHARKLETS,23700,2606,coach
78950d51db15954afa081d0fbb515f72,2022-04-16,2022-04-22,BOS,LAX,V3AZZNN1,PT6H35M,0,False,False,True,274.42,309.60,7,2606,1650664800,2022-04-22T18:00:00.000-04:00,1650688500,2022-04-22T21:35:00.000-07:00,LAX,BOS,American Airlines,AA,AIRBUS INDUSTRIE A321 SHARKLETS,23700,2606,coach
b3fca2a0864f2746bb808a04aec800f1,2022-04-16,2022-04-22,BOS,LAX,V3AZZNN1,PT6H38M,0,False,False,True,274.42,309.60,7,2606,1650622800,2022-04-22T06:20:00.000-04:00,1650646680,2022-04-22T09:58:00.000-07:00,LAX,BOS,American Airlines,AA,AIRBUS INDUSTRIE A321 SHARKLETS,23880,2606,coach
45f6a4a355175b347897d8af386fbbdf,2022-04-16,2022-04-22,BOS,LAX,B3AHZNN1,PT6H38M,0,False,False,True,274.42,309.60,7,2606,1650622800,2022-04-22T06:20:00.000-04:00,1650646680,2022-04-22T09:58:00.000-07:00,LAX,BOS,JetBlue Airways,B6,AIRBUS INDUSTRIE A321 SHARKLETS,23880,2606,coach
8c573d467f0c4f1ee1f7fc623ad9d787,2022-04-16,2022-04-22,BOS,LAX,LA0NA0BC,PT8H57M,0,True,False,False,267.91,311.60,9,2674,1650663900||1650689940,2022-04-22T17:45:00.000-04:00||2022-04-22T22:59:00.000-06:00,1650683820||1650696120,2022-04-22T21:17:00.000-06:00||2022-04-22T23:42:00.000-07:00,SLC||ONT,BOS||SLC,Delta||Delta,DL||DL,Boeing 737-800||Boeing 737-800,19920||6180,2100||574,coach||coach
76849655499e9d8e9716d7d0c498e799,2022-04-16,2022-04-22,BOS,LAX,V3AZZNN1,PT8H39M,0,False,False,False,274.42,317.10,7,2849,1650648000||1650660000,2022-04-22T13:20:00.000-04:00||2022-04-22T16:40:00.000-04:00,1650656700||1650679140,2022-04-22T15:45:00.000-04:00||2022-04-22T18:59:00.000-07:00,CLT||LAX,BOS||CLT,American Airlines||American Airlines,AA||AA,Airbus A320||Airbus A321,8700||19140,728||2121,coach||coach
9e390b096965bb03ab6dc22458fb716d,2022-04-16,2022-04-22,BOS,LAX,V3AZZNN1,PT8H53M,0,False,False,False,274.42,317.10,5,2849,1650627780||1650640200,2022-04-22T07:43:00.000-04:00||2022-04-22T11:10:00.000-04:00,1650636600||1650659760,2022-04-22T10:10:00.000-04:00||2022-04-22T13:36:00.000-07:00,CLT||LAX,BOS||CLT,American Airlines||American Airlines,AA||AA,Airbus A320||Airbus A321,8820||19560,728||2121,coach||coach
232be527cd74914166055e4792224728,2022-04-16,2022-04-22,BOS,LAX,V3AZZNN1,PT9H10M,0,False,False,False,274.42,317.10,5,2849,1650659700||1650673500,2022-04-22T16:35:00.000-04:00||2022-04-22T20:25:00.000-04:00,1650668460||1650692700,2022-04-22T19:01:00.000-04:00||2022-04-22T22:45:00.000-07:00,CLT||LAX,BOS||CLT,American Airlines||American Airlines,AA||AA,Airbus A321||Airbus A321,8760||19200,728||2121,coach||coach
5b7a76991064e4a3305ad646d02bef42,2022-04-16,2022-04-22,BOS,LAX,V3AZZNN1,PT9H28M,0,False,False,False,274.42,317.10,7,2849,1650652140||1650666720,2022-04-22T14:29:00.000-04:00||2022-04-22T18:32:00.000-04:00,1650661020||1650686220,2022-04-22T16:57:00.000-04:00||2022-04-22T20:57:00.000-07:00,CLT||LAX,BOS||CLT,American Airlines||American Airlines,AA||AA,Boeing 737-800||Airbus A321,8880||19500,728||2121,coach||coach
9614b1a2dab3121e4352e8954e20aa57,2022-04-16,2022-04-22,BOS,LAX,WAA3PFEN,PT8H20M,0,False,False,False,274.42,318.60,7,2643,1650621900||1650630600,2022-04-22T06:05:00.000-04:00||2022-04-22T08:30:00.000-04:00,1650626940||1650651900,2022-04-22T07:29:00.000-04:00||2022-04-22T11:25:00.000-07:00,EWR||LAX,BOS||EWR,United||United,UA||UA,Boeing 737-900||,5040||21300,185||2458,coach||coach
d14603c5f75e31b07eb2ee2620001936,2022-04-16,2022-04-22,BOS,LAX,WAA3PFEN,PT8H21M,0,False,False,False,274.42,318.60,9,2611,1650655260||1650676320,2022-04-22T15:21:00.000-04:00||2022-04-22T19:12:00.000-06:00,1650671820||1650685320,2022-04-22T17:57:00.000-06:00||2022-04-22T20:42:00.000-07:00,DEN||LAX,BOS||DEN,United||United,UA||UA,Boeing 737-900||Boeing 737-800,16560||9000,1763||848,coach||coach
72bfdcfdaba485b205e03d9cb0118ad7,2022-04-16,2022-04-22,BOS,LAX,V3AZZNN1,PT8H24M,0,False,False,False,274.42,318.60,1,2643,1650653100||1650661200,2022-04-22T14:45:00.000-04:00||2022-04-22T17:00:00.000-04:00,1650658140||1650683340,2022-04-22T16:09:00.000-04:00||2022-04-22T20:09:00.000-07:00,JFK||LAX,BOS||JFK,American Airlines||American Airlines,AA||AA,AIRBUS INDUSTRIE A321 SHARKLETS||AIRBUS INDUSTRIE A321 SHARKLETS,5040||22140,185||2458,coach||coach
565946345196fa6162f4100112f2476d,2022-04-16,2022-04-22,BOS,LAX,B3AHZNN1,PT8H24M,0,False,False,False,274.42,318.60,1,2643,1650653100||1650661200,2022-04-22T14:45:00.000-04:00||2022-04-22T17:00:00.000-04:00,1650658140||1650683340,2022-04-22T16:09:00.000-04:00||2022-04-22T20:09:00.000-07:00,JFK||LAX,BOS||JFK,JetBlue Airways||JetBlue Airways,B6||B6,AIRBUS INDUSTRIE A321 SHARKLETS||AIRBUS INDUSTRIE A321 SHARKLETS,5040||22140,185||2458,coach||coach
a7d33c6387706dc0d037faa40c70c2f1,2022-04-16,2022-04-22,BOS,LAX,V3AZZNN1,PT8H27M,0,False,False,False,274.42,318.60,6,2677,1650621600||1650630120,2022-04-22T06:00:00.000-04:00||2022-04-22T08:22:00.000-04:00,1650627300||1650652020,2022-04-22T07:35:00.000-04:00||2022-04-22T11:27:00.000-07:00,PHL||LAX,BOS||PHL,American Airlines||American Airlines,AA||AA,Airbus A321||,5700||21900,280||2397,coach||coach
b86cbcc3711a24b1415d5929ddee6aae,2022-04-16,2022-04-22,BOS,LAX,V3AZZNN1,PT8H27M,0,False,False,False,274.42,318.60,7,2607,1650626100||1650640500,2022-04-22T07:15:00.000-04:00||2022-04-22T10:15:00.000-05:00,1650636960||1650656520,2022-04-22T09:16:00.000-05:00||2022-04-22T12:42:00.000-07:00,ORD||LAX,BOS||ORD,American Airlines||American Airlines,AA||AA,Boeing 737-800||Boeing 737-800,10860||16020,862||1745,coach||coach
aaf038e93a0b5134c97a7f4adddf7ad8,2022-04-16,2022-04-22,BOS,LAX,V3AZZNN1,PT8H28M,0,False,False,False,274.42,318.60,7,2607,1650655800||1650670320,2022-04-22T15:30:00.000-04:00||2022-04-22T18:32:00.000-05:00,1650666180||1650686280,2022-04-22T17:23:00.000-05:00||2022-04-22T20:58:00.000-07:00,ORD||LAX,BOS||ORD,American Airlines||American Airlines,AA||AA,Embraer 175||Boeing 737-800,10380||15960,862||1745,coach||coach
615ea5ccee0d165aafeb421d2958ebe8,2022-04-16,2022-04-22,BOS,LAX,WAA3PFEN,PT8H29M,0,False,False,False,274.42,318.60,4,2611,1650634500||1650656100,2022-04-22T09:35:00.000-04:00||2022-04-22T13:35:00.000-06:00,1650651360||1650665040,2022-04-22T12:16:00.000-06:00||2022-04-22T15:04:00.000-07:00,DEN||LAX,BOS||DEN,United||United,UA||UA,Boeing 737 MAX 9||Boeing 737 MAX 9,16860||8940,1763||848,coach||coach
04c8ae34cff60a5af42e6e30357634b2,2022-04-16,2022-04-22,BOS,LAX,WAA3PFEN,PT8H29M,0,False,False,False,274.42,318.60,7,2607,1650621600||1650635580,2022-04-22T06:00:00.000-04:00||2022-04-22T08:53:00.000-05:00,1650631980||1650652140,2022-04-22T07:53:00.000-05:00||2022-04-22T11:29:00.000-07:00,ORD||LAX,BOS||ORD,United||United,UA||UA,Boeing 737-900||Boeing 737-800,10380||16560,862||1745,coach||coach
261c75b7b23158477f1d8c8f25c32f5d,2022-04-16,2022-04-22,BOS,LAX,V3AZZNN1,PT8H31M,0,False,False,False,274.42,318.60,3,2607,1650644460||1650659400,2022-04-22T12:21:00.000-04:00||2022-04-22T15:30:00.000-05:00,1650654420||1650675120,2022-04-22T14:07:00.000-05:00||2022-04-22T17:52:00.000-07:00,ORD||LAX,BOS||ORD,American Airlines||American Airlines,AA||AA,Embraer 175||Boeing 737-800,9960||15720,862||1745,coach||coach
c17de9ccdf551c26f1247e2188cf466c,2022-04-16,2022-04-22,BOS,LAX,WAA3PFEN,PT8H34M,0,False,False,False,274.42,318.60,4,2607,1650634860||1650649500,2022-04-22T09:41:00.000-04:00||2022-04-22T12:45:00.000-05:00,1650645120||1650665700,2022-04-22T11:32:00.000-05:00||2022-04-22T15:15:00.000-07:00,ORD||LAX,BOS||ORD,United||United,UA||UA,Boeing 737 MAX 9||Boeing 757-300,10260||16200,862||1745,coach||coach
6d549845dfc504d70bdb05046907399f,2022-04-16,2022-04-22,BOS,LAX,WAA3PFEN,PT8H34M,0,False,False,False,274.42,318.60,3,2611,1650622500||1650644400,2022-04-22T06:15:00.000-04:00||2022-04-22T10:20:00.000-06:00,1650639120||1650653340,2022-04-22T08:52:00.000-06:00||2022-04-22T11:49:00.000-07:00,DEN||LAX,BOS||DEN,United||United,UA||UA,Boeing 737-800||Boeing 757-300,16620||8940,1763||848,coach||coach
ebf4f71e8a9d8b3ee3b5077be6256c30,2022-04-16,2022-04-22,BOS,LAX,WAA3PFEN,PT8H37M,0,False,False,False,274.42,318.60,6,2643,1650641400||1650650340,2022-04-22T11:30:00.000-04:00||2022-04-22T13:59:00.000-04:00,1650646500||1650672420,2022-04-22T12:55:00.000-04:00||2022-04-22T17:07:00.000-07:00,EWR||LAX,BOS||EWR,United||United,UA||UA,Boeing 737-800||Boeing 757-200,5100||22080,185||2458,coach||coach
fe8b291905873af0ccc54d237b518e8a,2022-04-16,2022-04-22,BOS,LAX,WAA3PFEN,PT8H38M,0,False,False,False,274.42,318.60,8,2607,1650666000||1650680700,2022-04-22T18:20:00.000-04:00||2022-04-22T21:25:00.000-05:00,1650676740||1650697080,2022-04-22T20:19:00.000-05:00||2022-04-22T23:58:00.000-07:00,ORD||LAX,BOS||ORD,United||United,UA||UA,Boeing 737-900||Boeing 737-900,10740||16380,862||1745,coach||coach
d8587b0ae983b813f4357163460ddd59,2022-04-16,2022-04-22,BOS,LAX,V3AZZNN1,PT8H38M,0,False,False,False,274.42,318.60,3,2677,1650640200||1650649740,2022-04-22T11:10:00.000-04:00||2022-04-22T13:49:00.000-04:00,1650645840||1650671280,2022-04-22T12:44:00.000-04:00||2022-04-22T16:48:00.000-07:00,PHL||LAX,BOS||PHL,American Airlines||American Airlines,AA||AA,Airbus A319||,5640||21540,280||2397,coach||coach
30bdff8aace6d8917e6bccf83c0599f9,2022-04-16,2022-04-22,BOS,LAX,WAA3PFEN,PT8H39M,0,False,False,False,274.42,318.60,9,2643,1650633600||1650643140,2022-04-22T09:20:00.000-04:00||2022-04-22T11:59:00.000-04:00,1650638640||1650664740,2022-04-22T10:44:00.000-04:00||2022-04-22T14:59:00.000-07:00,EWR||LAX,BOS||EWR,United||United,UA||UA,Airbus A320||Boeing 767-300,5040||21600,185||2458,coach||coach
b53394fcbfcf2c6eeaa19fab322b2ba4,2022-04-16,2022-04-22,BOS,LAX,WAA3PFEN,PT8H40M,1,False,False,False,274.42,318.60,3,2701,1650670800||1650681300,2022-04-22T19:40:00.000-04:00||2022-04-22T22:35:00.000-04:00,1650676680||1650702000,2022-04-22T21:18:00.000-04:00||2022-04-23T01:20:00.000-07:00,IAD||LAX,BOS||IAD,United||United,UA||UA,Embraer 175 (Enhanced Winglets)||Boeing 737-900,5880||20700,406||2295,coach||coach
22ac2b00801a5e9350a1c853b50b8af5,2022-04-16,2022-04-22,BOS,LAX,V3AZZNN1,PT8H40M,0,False,False,False,274.42,318.60,6,2794,1650618000||1650637140,2022-04-22T05:00:00.000-04:00||2022-04-22T09:19:00.000-05:00,1650634140||1650649200,2022-04-22T08:29:00.000-05:00||2022-04-22T10:40:00.000-07:00,DFW||LAX,BOS||DFW,American Airlines||American Airlines,AA||AA,Airbus A321||,16140||12060,1556||1238,coach||coach
416ca581a2668bab8d381861e78229d5,2022-04-16,2022-04-22,BOS,LAX,V3AZZNN1,PT8H47M,0,False,False,False,274.42,318.60,6,2607,1650650400||1650666000,2022-04-22T14:00:00.000-04:00||2022-04-22T17:20:00.000-05:00,1650660900||1650682020,2022-04-22T15:55:00.000-05:00||2022-04-22T19:47:00.000-07:00,ORD||LAX,BOS||ORD,American Airlines||American Airlines,AA||AA,Embraer 175||Boeing 737-800,10500||16020,862||1745,coach||coach
fa42bcc1974795a4c01b2d8ee004413a,2022-04-16,2022-04-22,BOS,LAX,WAA3PFEN,PT8H47M,0,False,False,False,274.42,318.60,9,2643,1650655740||1650664800,2022-04-22T15:29:00.000-04:00||2022-04-22T18:00:00.000-04:00,1650661140||1650687360,2022-04-22T16:59:00.000-04:00||2022-04-22T21:16:00.000-07:00,EWR||LAX,BOS||EWR,United||United,UA||UA,Boeing 737-700||Boeing 757-200,5400||22560,185||2458,coach||coach
84a872d2862c2992623414d048b90bc7,2022-04-16,2022-04-22,BOS,LAX,V3AZZNN1,PT8H49M,0,False,False,False,274.42,318.60,7,2794,1650652920||1650672900,2022-04-22T14:42:00.000-04:00||2022-04-22T19:15:00.000-05:00,1650669000||1650684660,2022-04-22T18:10:00.000-05:00||2022-04-22T20:31:00.000-07:00,DFW||LAX,BOS||DFW,American Airlines||American Airlines,AA||AA,Airbus A321||BOEING 787-9,16080||11760,1556||1238,coach||coach
34707501e6649382da7eb1a35eca9050,2022-04-16,2022-04-22,BOS,LAX,WAA3PFEN,PT8H53M,0,False,False,False,274.42,318.60,1,2611,1650642180||1650665220,2022-04-22T11:43:00.000-04:00||2022-04-22T16:07:00.000-06:00,1650659040||1650674160,2022-04-22T14:24:00.000-06:00||2022-04-22T17:36:00.000-07:00,DEN||LAX,BOS||DEN,United||United,UA||UA,Boeing 737-800||Boeing 737-800,16860||8940,1763||848,coach||coach
b35d229d6bd8106b11a3251bc7cd63af,2022-04-16,2022-04-22,BOS,LAX,WAA3PFEN,PT8H54M,0,False,False,False,274.42,318.60,5,2643,1650627000||1650637800,2022-04-22T07:30:00.000-04:00||2022-04-22T10:30:00.000-04:00,1650632220||1650659040,2022-04-22T08:57:00.000-04:00||2022-04-22T13:24:00.000-07:00,EWR||LAX,BOS||EWR,United||United,UA||UA,Boeing 737-700||,5220||21240,185||2458,coach||coach
ac7f39cab49852430d24f0a45dee0a65,2022-04-16,2022-04-22,BOS,LAX,V3AZZNN1,PT8H57M,0,False,False,False,274.42,318.60,1,2794,1650644640||1650664800,2022-04-22T12:24:00.000-04:00||2022-04-22T17:00:00.000-05:00,1650660600||1650676860,2022-04-22T15:50:00.000-05:00||2022-04-22T18:21:00.000-07:00,DFW||LAX,BOS||DFW,American Airlines||American Airlines,AA||AA,Airbus A321||Airbus A321,15960||12060,1556||1238,coach||coach
741b88ffa23338b0bade9b2a8a676001,2022-04-16,2022-04-22,BOS,LAX,WAA3PFEN,PT8H58M,0,False,False,False,274.42,318.60,9,2643,1650650400||1650661200,2022-04-22T14:00:00.000-04:00||2022-04-22T17:00:00.000-04:00,1650655860||1650682680,2022-04-22T15:31:00.000-04:00||2022-04-22T19:58:00.000-07:00,EWR||LAX,BOS||EWR,United||United,UA||UA,Airbus A319||,5460||21480,185||2458,coach||coach
201261aa8e9440c29d411977e12b4c84,2022-04-16,2022-04-22,BOS,LAX,V3AZZNN1,PT9H,0,False,False,False,274.42,318.60,4,2607,1650618000||1650634200,2022-04-22T05:00:00.000-04:00||2022-04-22T08:30:00.000-05:00,1650628860||1650650400,2022-04-22T07:01:00.000-05:00||2022-04-22T11:00:00.000-07:00,ORD||LAX,BOS||ORD,American Airlines||American Airlines,AA||AA,Airbus A321||Boeing 737-800,10860||16200,862||1745,coach||coach
bee9966bc002f495f53efbc2f795f661,2022-04-16,2022-04-22,BOS,LAX,WAA3PFEN,PT9H1M,0,False,False,False,274.42,318.60,3,2607,1650660840||1650676920,2022-04-22T16:54:00.000-04:00||2022-04-22T20:22:00.000-05:00,1650671400||1650693300,2022-04-22T18:50:00.000-05:00||2022-04-22T22:55:00.000-07:00,ORD||LAX,BOS||ORD,United||United,UA||UA,Boeing 737 MAX 9||Boeing 737-800,10560||16380,862||1745,coach||coach
1e96c92c56c9693fb8269d8c540785fe,2022-04-16,2022-04-22,BOS,LAX,V3AZZNN1,PT9H3M,0,False,False,False,274.42,318.60,4,2794,1650627600||1650648120,2022-04-22T07:40:00.000-04:00||2022-04-22T12:22:00.000-05:00,1650643740||1650660180,2022-04-22T11:09:00.000-05:00||2022-04-22T13:43:00.000-07:00,DFW||LAX,BOS||DFW,American Airlines||American Airlines,AA||AA,Airbus A321||Airbus A321,16140||12060,1556||1238,coach||coach
f873c0bc896b8e6a49c29f4d7341027b,2022-04-16,2022-04-22,BOS,LAX,LA3NA0BQ,PT9H8M,0,True,False,False,274.42,318.60,9,2607,1650646080||1650661020,2022-04-22T12:48:00.000-04:00||2022-04-22T16:57:00.000-04:00,1650654000||1650678960,2022-04-22T15:00:00.000-04:00||2022-04-22T18:56:00.000-07:00,DTW||LAX,BOS||DTW,Delta||Delta,DL||DL,Airbus A319||Airbus A321,7920||17940,622||1985,coach||coach
3c3588cd2b5d9ef2c1b0ad3b90846df8,2022-04-16,2022-04-22,BOS,LAX,LA3NA0BQ,PT9H13M,0,True,False,False,274.42,318.60,9,2607,1650662460||1650677460,2022-04-22T17:21:00.000-04:00||2022-04-22T21:31:00.000-04:00,1650670680||1650695640,2022-04-22T19:38:00.000-04:00||2022-04-22T23:34:00.000-07:00,DTW||LAX,BOS||DTW,Delta||Delta,DL||DL,Airbus A321||Airbus A321,8220||18180,622||1985,coach||coach
82f739c441a155f8fb26fb153b52f017,2022-04-16,2022-04-22,BOS,LAX,WAA3PFEN,PT9H14M,0,False,False,False,274.42,318.60,6,2643,1650625800||1650637800,2022-04-22T07:10:00.000-04:00||2022-04-22T10:30:00.000-04:00,1650631020||1650659040,2022-04-22T08:37:00.000-04:00||2022-04-22T13:24:00.000-07:00,EWR||LAX,BOS||EWR,United||United,UA||UA,Boeing 737-900||,5220||21240,185||2458,coach||coach
a1c8b8cba8d61e7c886f93e6c77335ab,2022-04-16,2022-04-22,BOS,LAX,V3AZZNN1,PT9H15M,0,False,False,False,274.42,318.60,3,2794,1650622920||1650644100,2022-04-22T06:22:00.000-04:00||2022-04-22T11:15:00.000-05:00,1650639000||1650656220,2022-04-22T09:50:00.000-05:00||2022-04-22T12:37:00.000-07:00,DFW||LAX,BOS||DFW,American Airlines||American Airlines,AA||AA,Boeing 737-800||Airbus A321,16080||12120,1556||1238,coach||coach
91be09a3b9e7181d814a98990f5fcb9c,2022-04-16,2022-04-22,BOS,LAX,WAA3PFEN,PT9H25M,0,False,False,False,274.42,318.60,9,2643,1650645540||1650657600,2022-04-22T12:39:00.000-04:00||2022-04-22T16:00:00.000-04:00,1650650520||1650679440,2022-04-22T14:02:00.000-04:00||2022-04-22T19:04:00.000-07:00,EWR||LAX,BOS||EWR,United||United,UA||UA,Airbus A319||Boeing 767-300,4980||21840,185||2458,coach||coach
843e7639a718019c9e4422382e119a3c,2022-04-16,2022-04-22,BOS,LAX,V3AZZNN1,PT9H42M,0,False,False,False,274.42,318.60,7,2607,1650621600||1650640500,2022-04-22T06:00:00.000-04:00||2022-04-22T10:15:00.000-05:00,1650632460||1650656520,2022-04-22T08:01:00.000-05:00||2022-04-22T12:42:00.000-07:00,ORD||LAX,BOS||ORD,American Airlines||American Airlines,AA||AA,Boeing 737-800||Boeing 737-800,10860||16020,862||1745,coach||coach
fb0e2ae0fc429cbef43a012fc69f2f21,2022-04-16,2022-04-22,BOS,LAX,LA3NA0BQ,PT9H54M,0,True,False,False,274.42,318.60,8,2890,1650659760||1650677520,2022-04-22T16:36:00.000-04:00||2022-04-22T21:32:00.000-04:00,1650670200||1650695400,2022-04-22T19:30:00.000-04:00||2022-04-22T23:30:00.000-07:00,ATL||LAX,BOS||ATL,Delta||Delta,DL||DL,Airbus A321||Airbus A321,10440||17880,947||1943,coach||coach
12df3b5ff7d9be6da852b044c377087d,2022-04-16,2022-04-22,BOS,LAX,LA3NA0BQ,PT10H4M,0,True,False,False,274.42,318.60,9,2656,1650629100||1650651180,2022-04-22T08:05:00.000-04:00||2022-04-22T13:13:00.000-05:00,1650641280||1650665340,2022-04-22T10:28:00.000-05:00||2022-04-22T15:09:00.000-07:00,MSP||LAX,BOS||MSP,Delta||Delta,DL||DL,Airbus A321||Boeing 757,12180||14160,1122||1534,coach||coach
e2af1bafa505d26bf901fc0c6295f72a,2022-04-16,2022-04-22,BOS,LAX,WAA3PFEN,PT10H4M,0,False,False,False,274.42,318.60,3,2607,1650660840||1650680700,2022-04-22T16:54:00.000-04:00||2022-04-22T21:25:00.000-05:00,1650671400||1650697080,2022-04-22T18:50:00.000-05:00||2022-04-22T23:58:00.000-07:00,ORD||LAX,BOS||ORD,United||United,UA||UA,Boeing 737 MAX 9||Boeing 737-900,10560||16380,862||1745,coach||coach
534dd45316b7105e67cc7075479ef84b,2022-04-16,2022-04-22,BOS,LAX,LA3NA0BQ,PT10H15M,0,True,False,False,274.42,318.60,9,2656,1650621600||1650644340,2022-04-22T06:00:00.000-04:00||2022-04-22T11:19:00.000-05:00,1650633720||1650658500,2022-04-22T08:22:00.000-05:00||2022-04-22T13:15:00.000-07:00,MSP||LAX,BOS||MSP,Delta||Delta,DL||DL,Boeing 737-900||Airbus A321,12120||14160,1122||1534,coach||coach
afe0ad22a28b509dd7538c00e6fdf44b,2022-04-16,2022-04-22,BOS,LAX,VH3AUEL1,PT6H28M,0,False,False,True,283.72,319.60,7,2606,1650669540,2022-04-22T19:19:00.000-04:00,1650692820,2022-04-22T22:47:00.000-07:00,LAX,BOS,JetBlue Airways,B6,Airbus A319-321,23280,2606,coach
6f6b09b4f94bff71c3b8bd5a3132d993,2022-04-16,2022-04-22,BOS,LAX,V3AZZNN1,PT8H40M,0,False,False,False,293.02,338.60,4,2771,1650622920||1650642300,2022-04-22T06:22:00.000-04:00||2022-04-22T10:45:00.000-05:00,1650639000||1650654120,2022-04-22T09:50:00.000-05:00||2022-04-22T12:02:00.000-07:00,DFW||ONT,BOS||DFW,American Airlines||American Airlines,AA||AA,Boeing 737-800||Airbus A321,16080||11820,1556||1215,coach||coach
d8c5a7016da9f537335c80c7cf217852,2022-04-16,2022-04-22,BOS,LAX,V3AZZNN1,PT9H14M,0,False,False,False,293.02,338.60,5,2771,1650627600||1650649260,2022-04-22T07:40:00.000-04:00||2022-04-22T12:41:00.000-05:00,1650643740||1650660840,2022-04-22T11:09:00.000-05:00||2022-04-22T13:54:00.000-07:00,DFW||ONT,BOS||DFW,American Airlines||American Airlines,AA||AA,Airbus A321||Airbus A321,16140||11580,1556||1215,coach||coach
62f5084488afc364ce4d61a7048d3694,2022-04-16,2022-04-22,BOS,LAX,MH3ABEY5,PT6H18M,0,False,False,True,311.63,349.60,1,2606,1650621720,2022-04-22T06:02:00.000-04:00,1650644400,2022-04-22T09:20:00.000-07:00,LAX,BOS,American Airlines,AA,Airbus A321,22680,2606,coach
5814a79e94a13a85673623a5cabb4291,2022-04-16,2022-04-22,BOS,LAX,VAA3KKEN,PT8H38M,0,False,False,False,305.12,351.60,1,2607,1650628800||1650643380,2022-04-22T08:00:00.000-04:00||2022-04-22T11:03:00.000-05:00,1650639540||1650659880,2022-04-22T09:59:00.000-05:00||2022-04-22T13:38:00.000-07:00,ORD||LAX,BOS||ORD,United||United,UA||UA,Embraer 170||Boeing 737-800,10740||16500,862||1745,coach||coach
9f023faf79380dcc27113305a14d714d,2022-04-16,2022-04-22,BOS,LAX,VAA3KKEN,PT9H1M,0,False,False,False,305.12,351.60,2,2985,1650655740||1650674760,2022-04-22T15:29:00.000-04:00||2022-04-22T19:46:00.000-05:00,1650671220||1650688200,2022-04-22T18:47:00.000-05:00||2022-04-22T21:30:00.000-07:00,IAH||LAX,BOS||IAH,United||United,UA||UA,Boeing 737-900||Boeing 737-800,15480||13440,1602||1383,coach||coach
0a47e5a5fff9c141fe9265577a147d8f,2022-04-16,2022-04-22,BOS,LAX,I0DACAY,PT8H7M,0,False,False,False,309.75,356.58,9,2656,1650641400||1650656400,2022-04-22T11:30:00.000-04:00||2022-04-22T14:40:00.000-05:00,1650652680||1650670620,2022-04-22T13:38:00.000-05:00||2022-04-22T16:37:00.000-07:00,MSP||LAX,BOS||MSP,Sun Country Airlines||Sun Country Airlines,SY||SY,Boeing 737-800||Boeing 737-800,11280||14220,1122||1534,coach||coach
dc299778490bf46ea19790fa630f308e,2022-04-16,2022-04-22,BOS,LAX,BH0AUEL1,PT6H23M,0,False,False,True,325.58,364.60,7,2606,1650637800,2022-04-22T10:30:00.000-04:00,1650660780,2022-04-22T13:53:00.000-07:00,LAX,BOS,JetBlue Airways,B6,Airbus A319-321,22980,2606,coach
9c67958b050a14e23dfdbea1322cf0b5,2022-04-16,2022-04-22,BOS,LAX,BH0AUEL1,PT6H24M,0,False,False,True,325.58,364.60,7,2606,1650660900,2022-04-22T16:55:00.000-04:00,1650683940,2022-04-22T20:19:00.000-07:00,LAX,BOS,JetBlue Airways,B6,Airbus A319-321,23040,2606,coach
9b00e0452c19af29b772b37df8ac0829,2022-04-16,2022-04-22,BOS,LAX,VA3NR,PT9H47M,0,False,False,False,277.00,384.58,0,,1650661800||1650676800,2022-04-22T17:10:00.000-04:00||2022-04-22T21:20:00.000-04:00,1650673380||1650697020,2022-04-22T20:23:00.000-04:00||2022-04-22T23:57:00.000-07:00,FLL||LAX,BOS||FLL,Spirit Airlines||Spirit Airlines,NK||NK,||,11580||20220,None||None,coach||coach
dc33979fe2a4d7620f7bc89f05d0eeea,2022-04-16,2022-04-22,BOS,LAX,L0AZZNN1,PT7H47M,0,False,False,False,339.53,388.60,2,2643,1650623520||1650646800,2022-04-22T06:32:00.000-04:00||2022-04-22T10:00:00.000-07:00,1650644700||1650651540,2022-04-22T09:25:00.000-07:00||2022-04-22T11:19:00.000-07:00,PHX||ONT,BOS||PHX,American Airlines||American Airlines,AA||AA,||Airbus A319,21180||4740,2296||347,coach||coach
4ba93c9f412260bf6180eed62b148cdd,2022-04-16,2022-04-22,BOS,LAX,H0AJZNN1,PT6H32M,0,False,False,True,352.56,393.60,5,2606,1650630300,2022-04-22T08:25:00.000-04:00,1650653820,2022-04-22T11:57:00.000-07:00,LAX,BOS,JetBlue Airways,B6,AIRBUS INDUSTRIE A321 SHARKLETS,23520,2606,coach
0b1d572ba3fe966067fe8fc5a94212f0,2022-04-16,2022-04-22,BOS,LAX,M0AJZNN1,PT6H32M,0,False,False,True,352.56,393.60,5,2606,1650630300,2022-04-22T08:25:00.000-04:00,1650653820,2022-04-22T11:57:00.000-07:00,LAX,BOS,American Airlines,AA,AIRBUS INDUSTRIE A321 SHARKLETS,23520,2606,coach
9cedfddaabf62dcb5f825bb1ac3774fa,2022-04-16,2022-04-22,BOS,LAX,M0AJZNN1,PT8H32M,0,False,False,False,352.56,402.60,2,2607,1650637320||1650651900,2022-04-22T10:22:00.000-04:00||2022-04-22T13:25:00.000-05:00,1650648060||1650668040,2022-04-22T12:21:00.000-05:00||2022-04-22T15:54:00.000-07:00,ORD||LAX,BOS||ORD,American Airlines||American Airlines,AA||AA,Airbus A319||Boeing 737-800,10740||16140,862||1745,coach||coach
198b77592892dd7615e99248d2c642d9,2022-04-16,2022-04-22,BOS,LAX,HA0OA0MQ,PT8H50M,0,False,False,False,374.89,426.61,2,2643,1650657600||1650666900,2022-04-22T16:00:00.000-04:00||2022-04-22T18:35:00.000-04:00,1650662640||1650689400,2022-04-22T17:24:00.000-04:00||2022-04-22T21:50:00.000-07:00,EWR||LAX,BOS||EWR,Delta||Alaska Airlines,DL||AS,Embraer 175||Boeing 737-800,5040||22500,185||2458,coach||coach
c0f1bbe3860c715ef1751df0eea2ebff,2022-04-16,2022-04-22,BOS,LAX,SH3OAVMN,PT15H34M,1,False,False,False,402.79,462.20,7,3366,1650672300||1650719700,2022-04-22T20:05:00.000-04:00||2022-04-23T06:15:00.000-07:00,1650694860||1650728340,2022-04-22T23:21:00.000-07:00||2022-04-23T08:39:00.000-07:00,PDX||LAX,BOS||PDX,Alaska Airlines||Alaska Airlines,AS||AS,Boeing 737-900||Boeing 737-900,22560||8640,2531||835,coach||coach
e183526fce8740b6a7781d51794b43f0,2022-04-16,2022-04-22,BOS,LAX,HH0KUEY5,PT6H23M,0,False,False,True,470.70,520.60,7,2606,1650637800,2022-04-22T10:30:00.000-04:00,1650660780,2022-04-22T13:53:00.000-07:00,LAX,BOS,American Airlines,AA,Airbus A321,22980,2606,coach
688301834e301b2fe2a619c1256f79b6,2022-04-16,2022-04-22,LAX,BOS,M0AJZNN1,PT9H39M,0,False,False,False,352.56,402.60,3,2607,1650638700||1650665100,2022-04-22T07:45:00.000-07:00||2022-04-22T17:05:00.000-05:00,1650653340||1650673440,2022-04-22T13:49:00.000-05:00||2022-04-22T20:24:00.000-04:00,ORD||BOS,LAX||ORD,American Airlines||American Airlines,AA||AA,Boeing 737-800||Boeing 737-800,14640||8340,1745||862,coach||coach
bd1f32df3aaebee7f1c27d106ca4b5ac,2022-04-16,2022-04-22,LAX,BOS,HAA0JFEN,PT7H12M,0,False,False,False,413.02,467.60,1,2590,1650659220||1650671040,2022-04-22T13:27:00.000-07:00||2022-04-22T17:44:00.000-06:00,1650667140||1650685140,2022-04-22T16:39:00.000-06:00||2022-04-22T23:39:00.000-04:00,DEN||BOS,ONT||DEN,United||United,UA||UA,Boeing 737-800||Boeing 737-800,7920||14100,827||1763,coach||coach
2eb0c846c694e158d3aebc365117f5e5,2022-04-16,2022-04-22,LAX,BOS,HA3OA0MQ,PT9H52M,0,False,False,False,413.02,467.60,2,3445,1650650400||1650666900,2022-04-22T11:00:00.000-07:00||2022-04-22T15:35:00.000-07:00,1650660720||1650685920,2022-04-22T13:52:00.000-07:00||2022-04-22T23:52:00.000-04:00,SEA||BOS,LAX||SEA,Delta||Delta,DL||DL,Boeing 737-900||Boeing 737-900,10320||19020,956||2489,coach||coach
c029d75650f504376a7a6bd5df0275a8,2022-04-16,2022-04-22,LAX,BOS,HAA0OHEN,PT7H26M,1,False,False,False,422.33,477.61,1,2611,1650678600||1650691200,2022-04-22T18:50:00.000-07:00||2022-04-22T23:20:00.000-06:00,1650686940||1650705360,2022-04-22T22:09:00.000-06:00||2022-04-23T05:16:00.000-04:00,DEN||BOS,LAX||DEN,United||United,UA||UA,Boeing 737-800||Boeing 737-800,8340||14160,848||1763,coach||coach
d160199dd333c5a52ec407e8b4865c69,2022-04-16,2022-04-22,LAX,BOS,HAA0OHEN,PT7H31M,1,False,False,False,422.33,477.61,6,2607,1650697140||1650716100,2022-04-22T23:59:00.000-07:00||2022-04-23T07:15:00.000-05:00,1650711780||1650724200,2022-04-23T06:03:00.000-05:00||2022-04-23T10:30:00.000-04:00,ORD||BOS,LAX||ORD,United||United,UA||UA,Boeing 737-800||Boeing 737-800,14640||8100,1745||862,coach||coach
7e1730cfaf236492ddab4788eafcfbae,2022-04-16,2022-04-22,LAX,BOS,K0AJZNN1,PT7H49M,0,False,False,False,422.33,477.61,2,2607,1650638700||1650658200,2022-04-22T07:45:00.000-07:00||2022-04-22T15:10:00.000-05:00,1650653340||1650666840,2022-04-22T13:49:00.000-05:00||2022-04-22T18:34:00.000-04:00,ORD||BOS,LAX||ORD,American Airlines||American Airlines,AA||AA,Boeing 737-800||Embraer 175,14640||8640,1745||862,coach||coach
aba4bdca1de1c46d0d91437015c352b6,2022-04-16,2022-04-22,LAX,BOS,HAA0OHEN,PT8H31M,1,False,False,False,422.33,477.61,4,2607,1650693540||1650716100,2022-04-22T22:59:00.000-07:00||2022-04-23T07:15:00.000-05:00,1650707520||1650724200,2022-04-23T04:52:00.000-05:00||2022-04-23T10:30:00.000-04:00,ORD||BOS,LAX||ORD,United||United,UA||UA,BOEING 787-9||Boeing 737-800,13980||8100,1745||862,coach||coach
6c46e6dea28cbaf5d0ec7af335276570,2022-04-16,2022-04-22,LAX,BOS,HAA0OHEN,PT9H58M,1,False,False,False,422.33,477.61,2,2611,1650669480||1650691200,2022-04-22T16:18:00.000-07:00||2022-04-22T23:20:00.000-06:00,1650677700||1650705360,2022-04-22T19:35:00.000-06:00||2022-04-23T05:16:00.000-04:00,DEN||BOS,LAX||DEN,United||United,UA||UA,Boeing 737-800||Boeing 737-800,8220||14160,848||1763,coach||coach
5a0de2600c63dddbc89c163411177565,2022-04-16,2022-04-22,LAX,BOS,MA0OA0MC,PT7H39M,1,False,False,False,432.56,488.60,2,2674,1650660000||1650671160,2022-04-22T13:40:00.000-07:00||2022-04-22T17:46:00.000-06:00,1650666240||1650687540,2022-04-22T16:24:00.000-06:00||2022-04-23T00:19:00.000-04:00,SLC||BOS,ONT||SLC,Delta||Delta,DL||DL,Boeing 737-800||Boeing 737-900,6240||16380,574||2100,coach||coach
3e75d36d8b3ff339956c10e4c43d5078,2022-04-16,2022-04-22,LAX,BOS,QAA3OHEN,PT12H13M,0,False,False,False,463.26,527.21,2,2643,1650640500||1650679680,2022-04-22T08:15:00.000-07:00||2022-04-22T22:08:00.000-04:00,1650658980||1650684480,2022-04-22T16:23:00.000-04:00||2022-04-22T23:28:00.000-04:00,EWR||BOS,LAX||EWR,United||United,UA||UA,||Boeing 737 MAX 8,18480||4800,2458||185,coach||coach
6c8e30bd077ae594bacc3e1db7170bee,2022-04-16,2022-04-22,LAX,BOS,I0DACAY,PT13H57M,1,False,False,False,477.20,542.19,9,2656,1650674100||1650714600,2022-04-22T17:35:00.000-07:00||2022-04-23T06:50:00.000-05:00,1650687060||1650724320,2022-04-22T23:11:00.000-05:00||2022-04-23T10:32:00.000-04:00,MSP||BOS,LAX||MSP,Sun Country Airlines||Sun Country Airlines,SY||SY,Boeing 737-800||Boeing 737-800,12960||9720,1534||1122,coach||coach
d2749b517ca6a941d62ae9de73d33dd1,2022-04-16,2022-04-22,LAX,BOS,QAA0OQEN,PT7H4M,0,False,False,False,491.16,551.60,3,2643,1650640500||1650661080,2022-04-22T08:15:00.000-07:00||2022-04-22T16:58:00.000-04:00,1650658980||1650665940,2022-04-22T16:23:00.000-04:00||2022-04-22T18:19:00.000-04:00,EWR||BOS,LAX||EWR,United||United,UA||UA,||Boeing 737-800,18480||4860,2458||185,coach||coach
e6c7f0db8725bdada9d601381ef1d820,2022-04-16,2022-04-22,LAX,BOS,QAA0OQEN,PT8H10M,0,False,False,False,491.16,551.60,3,2643,1650640500||1650664800,2022-04-22T08:15:00.000-07:00||2022-04-22T18:00:00.000-04:00,1650658980||1650669900,2022-04-22T16:23:00.000-04:00||2022-04-22T19:25:00.000-04:00,EWR||BOS,LAX||EWR,United||United,UA||UA,||Boeing 737-700,18480||5100,2458||185,coach||coach
25afcc468c4058eb1e2e0498567c8bb8,2022-04-16,2022-04-22,LAX,BOS,QAA0OQEN,PT10H13M,0,False,False,False,491.16,551.60,3,2643,1650647700||1650679680,2022-04-22T10:15:00.000-07:00||2022-04-22T22:08:00.000-04:00,1650667620||1650684480,2022-04-22T18:47:00.000-04:00||2022-04-22T23:28:00.000-04:00,EWR||BOS,LAX||EWR,United||United,UA||UA,Boeing 757-200||Boeing 737 MAX 8,19920||4800,2458||185,coach||coach
a66ab511bb2ab57569a1afbe7b9bea12,2022-04-16,2022-04-22,LAX,BOS,Y0CXHO,PT12H35M,1,False,False,False,446.00,553.58,0,,1650673800||1650710100,2022-04-22T17:30:00.000-07:00||2022-04-23T06:35:00.000-04:00,1650689160||1650719100,2022-04-23T00:46:00.000-04:00||2022-04-23T09:05:00.000-04:00,ATL||BOS,LAX||ATL,Spirit Airlines||Spirit Airlines,NK||NK,||Airbus A319,15360||9000,None||None,coach||coach
251dff264798297e0e4d15d56e6f9a62,2022-04-16,2022-04-22,LAX,BOS,UAA0OHEN,PT5H29M,1,False,False,True,515.35,568.60,5,2606,1650693060,2022-04-22T22:51:00.000-07:00,1650712800,2022-04-23T07:20:00.000-04:00,BOS,LAX,United,UA,Boeing 737 MAX 9,19740,2606,coach
88b37328f497cf2d569f12fc55bba1bf,2022-04-16,2022-04-22,LAX,BOS,BA0QA0MQ,PT7H25M,1,False,False,False,506.98,568.60,3,2866,1650692100||1650709800,2022-04-22T22:35:00.000-07:00||2022-04-23T06:30:00.000-04:00,1650706440||1650718800,2022-04-23T05:34:00.000-04:00||2022-04-23T09:00:00.000-04:00,ATL||BOS,ONT||ATL,Delta||Delta,DL||DL,Airbus A321||Airbus A321,14340||9000,1919||947,coach||coach
097b0026b0d1c155f74ef91fe9632cf0,2022-04-16,2022-04-22,LAX,BOS,BA0QA0MQ,PT7H55M,0,False,False,False,506.98,568.60,1,2674,1650631500||1650643020,2022-04-22T05:45:00.000-07:00||2022-04-22T09:57:00.000-06:00,1650638040||1650660000,2022-04-22T08:34:00.000-06:00||2022-04-22T16:40:00.000-04:00,SLC||BOS,ONT||SLC,Delta||Delta,DL||DL,Boeing 737-800||Boeing 737-800,6540||16980,574||2100,coach||coach
2fc95484431ea9bd25d018db5acb2763,2022-04-16,2022-04-22,LAX,BOS,BA0QA0MQ,PT8H48M,0,False,False,False,506.98,568.60,1,2866,1650636000||1650658200,2022-04-22T07:00:00.000-07:00||2022-04-22T16:10:00.000-04:00,1650650160||1650667680,2022-04-22T13:56:00.000-04:00||2022-04-22T18:48:00.000-04:00,ATL||BOS,ONT||ATL,Delta||Delta,DL||DL,Airbus A321||,14160||9480,1919||947,coach||coach
639473e6204ff1070f70b7f4c24101c6,2022-04-16,2022-04-22,LAX,BOS,UAA0OHEN,PT9H19M,0,False,False,False,515.35,573.10,4,2458,1650647700||1650676200,2022-04-22T10:15:00.000-07:00||2022-04-22T21:10:00.000-04:00,1650667620||1650681240,2022-04-22T18:47:00.000-04:00||2022-04-22T22:34:00.000-04:00,EWR||BOS,LAX||EWR,United||United,UA||UA,Boeing 757-200||Boeing 737-900,19920||5040,2458||185,coach||coach
79fb89e1b47e9904d1b1fd456ea2644c,2022-04-16,2022-04-22,LAX,BOS,H0AJZNN1,PT7H24M,0,False,False,False,515.35,577.60,3,2607,1650646800||1650665100,2022-04-22T10:00:00.000-07:00||2022-04-22T17:05:00.000-05:00,1650661620||1650673440,2022-04-22T16:07:00.000-05:00||2022-04-22T20:24:00.000-04:00,ORD||BOS,LAX||ORD,American Airlines||American Airlines,AA||AA,Boeing 737-800||Boeing 737-800,14820||8340,1745||862,coach||coach
37feb51509d0347151946e66ff50031e,2022-04-16,2022-04-22,LAX,BOS,UAA0OHEN,PT7H34M,0,False,False,False,515.35,577.60,6,2643,1650633000||1650655800,2022-04-22T06:10:00.000-07:00||2022-04-22T15:30:00.000-04:00,1650652080||1650660240,2022-04-22T14:28:00.000-04:00||2022-04-22T16:44:00.000-04:00,EWR||BOS,LAX||EWR,United||United,UA||UA,Boeing 757-200||Airbus A319,19080||4440,2458||185,coach||coach
fe02a0e25c5f7cd78f891bc148296f8e,2022-04-16,2022-04-22,LAX,BOS,UAA0OHEN,PT7H37M,1,False,False,False,515.35,577.60,1,2607,1650661680||1650680940,2022-04-22T14:08:00.000-07:00||2022-04-22T21:29:00.000-05:00,1650676440||1650689100,2022-04-22T20:14:00.000-05:00||2022-04-23T00:45:00.000-04:00,ORD||BOS,LAX||ORD,United||United,UA||UA,Boeing 737-900||Boeing 737-900,14760||8160,1745||862,coach||coach
b6134922b26df845ba811b720a6b917e,2022-04-16,2022-04-22,LAX,BOS,UAA0OHEN,PT7H43M,0,False,False,False,515.35,577.60,3,2643,1650656700||1650679680,2022-04-22T12:45:00.000-07:00||2022-04-22T22:08:00.000-04:00,1650675240||1650684480,2022-04-22T20:54:00.000-04:00||2022-04-22T23:28:00.000-04:00,EWR||BOS,LAX||EWR,United||United,UA||UA,||Boeing 737 MAX 8,18540||4800,2458||185,coach||coach
8ca2243540e38d7526461866ce2ba45d,2022-04-16,2022-04-22,LAX,BOS,H0AJZNN1,PT7H44M,0,False,False,False,515.35,577.60,1,2607,1650658500||1650677700,2022-04-22T13:15:00.000-07:00||2022-04-22T20:35:00.000-05:00,1650673200||1650686340,2022-04-22T19:20:00.000-05:00||2022-04-22T23:59:00.000-04:00,ORD||BOS,LAX||ORD,American Airlines||American Airlines,AA||AA,Boeing 737-800||Boeing 737-800,14700||8640,1745||862,coach||coach
1fb01b71622b2ae57142582435d1085c,2022-04-16,2022-04-22,LAX,BOS,UAA0OHEN,PT7H54M,0,False,False,False,515.35,577.60,1,2611,1650628800||1650643200,2022-04-22T05:00:00.000-07:00||2022-04-22T10:00:00.000-06:00,1650637380||1650657240,2022-04-22T08:23:00.000-06:00||2022-04-22T15:54:00.000-04:00,DEN||BOS,LAX||DEN,United||United,UA||UA,Boeing 757-300||Boeing 737 MAX 9,8580||14040,848||1763,coach||coach
27f436e83bd53d64b77f59cddaf645d8,2022-04-16,2022-04-22,LAX,BOS,H0AJZNN1,PT8H42M,0,False,False,False,515.35,577.60,2,2643,1650650400||1650677340,2022-04-22T11:00:00.000-07:00||2022-04-22T21:29:00.000-04:00,1650670200||1650681720,2022-04-22T19:30:00.000-04:00||2022-04-22T22:42:00.000-04:00,JFK||BOS,LAX||JFK,American Airlines||American Airlines,AA||AA,AIRBUS INDUSTRIE A321 SHARKLETS||AIRBUS INDUSTRIE A321 SHARKLETS,19800||4380,2458||185,coach||coach
9435d72bd7be466565fd70c29385913c,2022-04-16,2022-04-22,LAX,BOS,UAA0OHEN,PT9H3M,0,False,False,False,515.35,577.60,3,2643,1650651900||1650679680,2022-04-22T11:25:00.000-07:00||2022-04-22T22:08:00.000-04:00,1650671820||1650684480,2022-04-22T19:57:00.000-04:00||2022-04-22T23:28:00.000-04:00,EWR||BOS,LAX||EWR,United||United,UA||UA,Boeing 757-200||Boeing 737 MAX 8,19920||4800,2458||185,coach||coach
dd3398cc94e2925bfee1e204f3e623e5,2022-04-16,2022-04-22,LAX,BOS,MA0OA0MQ,PT5H30M,0,False,False,True,524.65,578.60,4,2606,1650665100,2022-04-22T15:05:00.000-07:00,1650684900,2022-04-22T23:35:00.000-04:00,BOS,LAX,Delta,DL,Boeing 757-200,19800,2606,coach
0fc9c4a9ec392132719edd80a5f932e2,2022-04-16,2022-04-22,LAX,BOS,MA0OA0MQ,PT5H30M,1,False,False,True,524.65,578.60,8,2606,1650688500,2022-04-22T21:35:00.000-07:00,1650708300,2022-04-23T06:05:00.000-04:00,BOS,LAX,Delta,DL,Boeing 757-200,19800,2606,coach
11f3f2da6656890115e23d44013543bd,2022-04-16,2022-04-22,LAX,BOS,MA0OA0MQ,PT7H26M,0,False,False,False,524.65,587.60,1,2656,1650614160||1650630900,2022-04-22T00:56:00.000-07:00||2022-04-22T07:35:00.000-05:00,1650627360||1650640920,2022-04-22T06:36:00.000-05:00||2022-04-22T11:22:00.000-04:00,MSP||BOS,LAX||MSP,Delta||Delta,DL||DL,Boeing 737-900||Airbus A320,13200||10020,1534||1122,coach||coach
814b8867db7ff9c00a976dc90e7e21d0,2022-04-16,2022-04-22,LAX,BOS,MA0OA0MQ,PT7H32M,0,False,False,False,524.65,587.60,2,2656,1650633900||1650650700,2022-04-22T06:25:00.000-07:00||2022-04-22T13:05:00.000-05:00,1650646680||1650661020,2022-04-22T11:58:00.000-05:00||2022-04-22T16:57:00.000-04:00,MSP||BOS,LAX||MSP,Delta||Delta,DL||DL,Boeing 757||Airbus A321,12780||10320,1534||1122,coach||coach
f19e83ea1625abe100372216e708b3ec,2022-04-16,2022-04-22,LAX,BOS,MA0OA0MQ,PT7H46M,1,False,False,False,524.65,587.60,4,2647,1650690000||1650709800,2022-04-22T22:00:00.000-07:00||2022-04-23T06:30:00.000-04:00,1650704760||1650717960,2022-04-23T05:06:00.000-04:00||2022-04-23T08:46:00.000-04:00,CVG||BOS,LAX||CVG,Delta||Delta,DL||DL,Boeing 737-900||Airbus A220-100,14760||8160,1896||751,coach||coach
df6aa8f5372f80f92e1d66482c449404,2022-04-16,2022-04-22,LAX,BOS,MA0OA0MQ,PT8H2M,0,False,False,False,524.65,587.60,5,2656,1650640800||1650659580,2022-04-22T08:20:00.000-07:00||2022-04-22T15:33:00.000-05:00,1650653820||1650669720,2022-04-22T13:57:00.000-05:00||2022-04-22T19:22:00.000-04:00,MSP||BOS,LAX||MSP,Delta||Delta,DL||DL,Airbus A321||Airbus A321,13020||10140,1534||1122,coach||coach
028261b54e48c2407f494f18f20a19ea,2022-04-16,2022-04-22,LAX,BOS,MA0OA0MQ,PT9H35M,1,False,False,False,524.65,587.60,7,3445,1650673800||1650689460,2022-04-22T17:30:00.000-07:00||2022-04-22T21:51:00.000-07:00,1650683940||1650708300,2022-04-22T20:19:00.000-07:00||2022-04-23T06:05:00.000-04:00,SEA||BOS,LAX||SEA,Delta||Delta,DL||DL,Airbus A321||Boeing 737-900,10140||18840,956||2489,coach||coach
4d83ec26c428eac3838516f743533d56,2022-04-16,2022-04-22,LAX,BOS,MA0OA0MQ,PT9H57M,0,False,False,False,524.65,587.60,5,2656,1650633900||1650659580,2022-04-22T06:25:00.000-07:00||2022-04-22T15:33:00.000-05:00,1650646680||1650669720,2022-04-22T11:58:00.000-05:00||2022-04-22T19:22:00.000-04:00,MSP||BOS,LAX||MSP,Delta||Delta,DL||DL,Boeing 757||Airbus A321,12780||10140,1534||1122,coach||coach
db530ed77c2b5761a6b85e7252a595d8,2022-04-16,2022-04-22,LAX,BOS,KH0KUEL1,PT5H31M,0,False,False,True,566.97,624.09,7,2606,1650631500,2022-04-22T05:45:00.000-07:00,1650651360,2022-04-22T14:16:00.000-04:00,BOS,LAX,JetBlue Airways,B6,Airbus A319-321,19860,2606,coach
36f42c8614e768d8ee6b50772c018ac1,2022-04-16,2022-04-22,LAX,BOS,MH0OAVMN,PT9H19M,0,False,False,False,560.93,626.60,3,2643,1650647700||1650676200,2022-04-22T10:15:00.000-07:00||2022-04-22T21:10:00.000-04:00,1650667200||1650681240,2022-04-22T18:40:00.000-04:00||2022-04-22T22:34:00.000-04:00,EWR||BOS,LAX||EWR,Alaska Airlines||United,AS||UA,Boeing 737 MAX 9||Boeing 737-900,19500||5040,2458||185,coach||coach
3fd8f1693e874155ccd1e5c567ec1e04,2022-04-16,2022-04-22,LAX,BOS,MH0OAVMN,PT10H13M,0,False,False,False,560.93,626.60,3,2643,1650647700||1650679680,2022-04-22T10:15:00.000-07:00||2022-04-22T22:08:00.000-04:00,1650667200||1650684480,2022-04-22T18:40:00.000-04:00||2022-04-22T23:28:00.000-04:00,EWR||BOS,LAX||EWR,Alaska Airlines||United,AS||UA,Boeing 737 MAX 9||Boeing 737 MAX 8,19500||4800,2458||185,coach||coach
5aa72d6e2afe86a494084fc34aa12118,2022-04-16,2022-04-22,LAX,BOS,MH0OAJMN,PT9H17M,0,False,False,False,572.09,638.60,6,3445,1650652800||1650666900,2022-04-22T11:40:00.000-07:00||2022-04-22T15:35:00.000-07:00,1650663000||1650686220,2022-04-22T14:30:00.000-07:00||2022-04-22T23:57:00.000-04:00,SEA||BOS,LAX||SEA,Alaska Airlines||Alaska Airlines,AS||AS,Boeing 737-900||Boeing 737-900,10200||19320,956||2489,coach||coach
e0e9610c1ce65879d9be4a62c8318dde,2022-04-16,2022-04-22,LAX,BOS,KH0OASMN,PT7H59M,0,False,False,False,574.88,641.60,2,2643,1650641400||1650665400,2022-04-22T08:30:00.000-07:00||2022-04-22T18:10:00.000-04:00,1650660900||1650670140,2022-04-22T16:55:00.000-04:00||2022-04-22T19:29:00.000-04:00,EWR||BOS,LAX||EWR,Alaska Airlines||Delta,AS||DL,Boeing 737-900||Embraer 175,19500||4740,2458||185,coach||coach
494b228987723afc4677e14fbabd9ebd,2022-04-16,2022-04-22,LAX,BOS,K0AWZNN1,PT13H28M,1,False,False,False,570.23,642.20,2,2677,1650665040||1650708420,2022-04-22T15:04:00.000-07:00||2022-04-23T06:07:00.000-04:00,1650683580||1650713520,2022-04-22T23:13:00.000-04:00||2022-04-23T07:32:00.000-04:00,PHL||BOS,LAX||PHL,American Airlines||American Airlines,AA||AA,||Airbus A321,18540||5100,2397||280,coach||coach
7ecdfa4f9e58d8712ff677763f7f5bf8,2022-04-16,2022-04-22,LAX,BOS,H0AZZNN1,PT7H39M,0,False,False,False,581.40,648.61,1,2771,1650650460||1650664740,2022-04-22T11:01:00.000-07:00||2022-04-22T16:59:00.000-05:00,1650660900||1650678000,2022-04-22T15:55:00.000-05:00||2022-04-22T21:40:00.000-04:00,DFW||BOS,ONT||DFW,American Airlines||American Airlines,AA||AA,Airbus A321||Airbus A321,10440||13260,1215||1556,coach||coach
cf9ddf129af83cf91e3fc8ac096feb12,2022-04-16,2022-04-22,LAX,BOS,H0AZZNN1,PT7H54M,0,False,False,False,581.40,648.61,5,2771,1650657420||1650672600,2022-04-22T12:57:00.000-07:00||2022-04-22T19:10:00.000-05:00,1650667800||1650685860,2022-04-22T17:50:00.000-05:00||2022-04-22T23:51:00.000-04:00,DFW||BOS,ONT||DFW,American Airlines||American Airlines,AA||AA,Airbus A321||Boeing 737-800,10380||13260,1215||1556,coach||coach
eaa032bf01fdf7d694542630ae24da51,2022-04-16,2022-04-22,LAX,BOS,MH0OAJMN,PT10H32M,0,False,False,False,581.40,648.61,6,3445,1650648300||1650666900,2022-04-22T10:25:00.000-07:00||2022-04-22T15:35:00.000-07:00,1650657900||1650686220,2022-04-22T13:05:00.000-07:00||2022-04-22T23:57:00.000-04:00,SEA||BOS,ONT||SEA,Alaska Airlines||Alaska Airlines,AS||AS,Airbus A320||Boeing 737-900,9600||19320,956||2489,coach||coach
c9cebe1f54526fff38a394a4b902ee18,2022-04-16,2022-04-22,LAX,BOS,MH0OAJMN,PT10H35M,1,False,False,False,581.40,648.61,2,3368,1650671700||1650690480,2022-04-22T16:55:00.000-07:00||2022-04-22T22:08:00.000-07:00,1650680100||1650709800,2022-04-22T19:15:00.000-07:00||2022-04-23T06:30:00.000-04:00,PDX||BOS,ONT||PDX,Alaska Airlines||Alaska Airlines,AS||AS,Embraer 175||Boeing 737-900,8400||19320,837||2531,coach||coach
2b57e3addd0f649102f2225e06429827,2022-04-16,2022-04-22,LAX,BOS,WI3AUEL1,PT12H13M,1,False,False,False,582.19,655.05,7,2690,1650663600||1650691200,2022-04-22T14:40:00.000-07:00||2022-04-22T23:20:00.000-06:00,1650670140||1650707580,2022-04-22T17:29:00.000-06:00||2022-04-23T05:53:00.000-04:00,SLC||BOS,LAX||SLC,JetBlue Airways||JetBlue Airways,B6||B6,Airbus A320||,6540||16380,590||2100,coach||coach
9eac8fc15b18d3f92a0728563a4bff77,2022-04-16,2022-04-22,LAX,BOS,B0AJZNN1,PT5H30M,0,False,False,True,609.30,669.60,3,2606,1650647700,2022-04-22T10:15:00.000-07:00,1650667500,2022-04-22T18:45:00.000-04:00,BOS,LAX,American Airlines,AA,AIRBUS INDUSTRIE A321 SHARKLETS,19800,2606,coach
e83c24bcdb918a166566c952d651bb2f,2022-04-16,2022-04-22,LAX,BOS,EAA0OHEN,PT5H29M,0,False,False,True,617.67,678.60,5,2606,1650640500,2022-04-22T08:15:00.000-07:00,1650660240,2022-04-22T16:44:00.000-04:00,BOS,LAX,United,UA,Boeing 737-900,19740,2606,coach
7e5a723048fb152dd25cb7350a46cca6,2022-04-16,2022-04-22,LAX,BOS,BA0OA0MQ,PT5H32M,0,False,False,True,617.67,678.60,7,2606,1650638700,2022-04-22T07:45:00.000-07:00,1650658620,2022-04-22T16:17:00.000-04:00,BOS,LAX,Delta,DL,Boeing 757-200,19920,2606,coach
56c0abe76480bc1242c4861b3f378012,2022-04-16,2022-04-22,LAX,BOS,BA0OA0MQ,PT5H38M,0,False,False,True,617.67,678.60,1,2606,1650656400,2022-04-22T12:40:00.000-07:00,1650676680,2022-04-22T21:18:00.000-04:00,BOS,LAX,Delta,DL,Boeing 757-200,20280,2606,coach
9dfaaf1582b5702e7ea326c09b5ad172,2022-04-16,2022-04-22,LAX,BOS,B0AJZNN1,PT7H49M,1,False,False,False,609.30,678.60,7,2607,1650696900||1650716700,2022-04-22T23:55:00.000-07:00||2022-04-23T07:25:00.000-05:00,1650710820||1650725040,2022-04-23T05:47:00.000-05:00||2022-04-23T10:44:00.000-04:00,ORD||BOS,LAX||ORD,American Airlines||American Airlines,AA||AA,Boeing 737-800||Embraer 175,13920||8340,1745||862,coach||coach
b10510a40410b2797476e1b56989c09c,2022-04-16,2022-04-22,LAX,BOS,HA0NA0MQ,PT9H49M,1,False,False,False,609.31,678.61,2,2627,1650691500||1650718500,2022-04-22T22:25:00.000-07:00||2022-04-23T08:55:00.000-04:00,1650705300||1650726840,2022-04-23T05:15:00.000-04:00||2022-04-23T11:14:00.000-04:00,IND||BOS,LAX||IND,Delta||Delta,DL||DL,Airbus A321||Embraer 175,13800||8340,1811||816,coach||coach
251ee9eefb48c90c36c271bf927c3ae2,2022-04-16,2022-04-22,LAX,BOS,KH0OAVMN,PT15H29M,1,False,False,False,635.35,712.20,7,3445,1650686400||1650722700,2022-04-22T21:00:00.000-07:00||2022-04-23T07:05:00.000-07:00,1650696840||1650742140,2022-04-22T23:54:00.000-07:00||2022-04-23T15:29:00.000-04:00,SEA||BOS,LAX||SEA,Alaska Airlines||Alaska Airlines,AS||AS,Boeing 737-900||Boeing 737 MAX 9,10440||19440,956||2489,coach||coach
21d7f809bf8f97e32f4c887aedd48cb9,2022-04-16,2022-04-22,LAX,BOS,EH0KUEL1,PT5H35M,1,False,False,True,657.90,721.84,6,2606,1650691800,2022-04-22T22:30:00.000-07:00,1650711900,2022-04-23T07:05:00.000-04:00,BOS,LAX,JetBlue Airways,B6,Airbus A319-321,20100,2606,coach
734ce1c7f56c94278ffeacaaef1b5a02,2022-04-16,2022-04-22,LAX,BOS,EH0KUEL1,PT5H36M,0,False,False,True,657.90,721.84,1,2606,1650665100,2022-04-22T15:05:00.000-07:00,1650685260,2022-04-22T23:41:00.000-04:00,BOS,LAX,JetBlue Airways,B6,Airbus A319-321,20160,2606,coach
ef622e311290e4fc7cdce86763b1f426,2022-04-16,2022-04-22,LAX,BOS,EH0KUEL1,PT5H39M,0,False,False,True,657.90,721.84,2,2606,1650659400,2022-04-22T13:30:00.000-07:00,1650679740,2022-04-22T22:09:00.000-04:00,BOS,LAX,JetBlue Airways,B6,Airbus A319-321,20340,2606,coach
052047be47c71b2f7724351185b2f438,2022-04-16,2022-04-22,LAX,BOS,YH0KUEY5,PT5H31M,0,False,False,True,700.70,767.85,7,2606,1650631500,2022-04-22T05:45:00.000-07:00,1650651360,2022-04-22T14:16:00.000-04:00,BOS,LAX,American Airlines,AA,Airbus A321,19860,2606,coach
5897aa18b4110ec0b2767f7de0dd0ed9,2022-04-16,2022-04-22,LAX,BOS,YH0KUEY5,PT5H35M,1,False,False,True,700.70,767.85,6,2606,1650691800,2022-04-22T22:30:00.000-07:00,1650711900,2022-04-23T07:05:00.000-04:00,BOS,LAX,American Airlines,AA,Airbus A321,20100,2606,coach
99a54f3e303c1b122e5f811be62c1a44,2022-04-16,2022-04-22,LAX,BOS,YH0KUEY5,PT5H36M,0,False,False,True,700.70,767.85,1,2606,1650665100,2022-04-22T15:05:00.000-07:00,1650685260,2022-04-22T23:41:00.000-04:00,BOS,LAX,American Airlines,AA,Airbus A321,20160,2606,coach
aaf73323b4cde5975945f204e68e72dc,2022-04-16,2022-04-22,LAX,BOS,YH0KUEY5,PT5H39M,0,False,False,True,700.70,767.85,2,2606,1650659400,2022-04-22T13:30:00.000-07:00,1650679740,2022-04-22T22:09:00.000-04:00,BOS,LAX,American Airlines,AA,Airbus A321,20340,2606,coach
fb20d6656e5d58f4b659102a1aba4cf8,2022-04-16,2022-04-22,LAX,BOS,KH0OASMN,PT9H20M,0,False,False,False,693.02,768.60,2,3366,1650632400||1650646500,2022-04-22T06:00:00.000-07:00||2022-04-22T09:55:00.000-07:00,1650641400||1650666000,2022-04-22T08:30:00.000-07:00||2022-04-22T18:20:00.000-04:00,PDX||BOS,LAX||PDX,Alaska Airlines||Alaska Airlines,AS||AS,Boeing 737-900||Boeing 737-900,9000||19500,835||2531,coach||coach
d507495bef05c6a51bbdac9c3144bbfe,2022-04-16,2022-04-22,LAX,BOS,KH0OASMN,PT10H9M,1,False,False,False,693.02,768.60,2,3445,1650676800||1650694200,2022-04-22T18:20:00.000-07:00||2022-04-22T23:10:00.000-07:00,1650687420||1650713340,2022-04-22T21:17:00.000-07:00||2022-04-23T07:29:00.000-04:00,SEA||BOS,LAX||SEA,Alaska Airlines||Alaska Airlines,AS||AS,Boeing 737-900||Boeing 737-900,10620||19140,956||2489,coach||coach
e9b4af022c7e319d97631d71ef71e861,2022-04-16,2022-04-22,LAX,BOS,HH0KUEY5,PT8H22M,0,False,False,False,736.00,814.80,7,2643,1650651600||1650677340,2022-04-22T11:20:00.000-07:00||2022-04-22T21:29:00.000-04:00,1650672000||1650681720,2022-04-22T20:00:00.000-04:00||2022-04-22T22:42:00.000-04:00,JFK||BOS,LAX||JFK,American Airlines||American Airlines,AA||AA,Airbus A321||AIRBUS INDUSTRIE A321 SHARKLETS,20400||4380,2458||185,coach||coach
7169cb4efe88279f750a41a850ae3019,2022-04-16,2022-04-22,LAX,BOS,I0ATZNJC,PT5H30M,0,False,False,True,983.26,1071.61,5,2606,1650664800,2022-04-22T15:00:00.000-07:00,1650684600,2022-04-22T23:30:00.000-04:00,BOS,LAX,American Airlines,AA,AIRBUS INDUSTRIE A321 SHARKLETS,19800,2606,business
9e194f1952aa6f971b9b68df8cb25581,2022-04-16,2022-04-22,LAX,BOS,I0ATZNJC,PT5H31M,1,False,False,True,983.26,1071.61,1,2606,1650691800,2022-04-22T22:30:00.000-07:00,1650711660,2022-04-23T07:01:00.000-04:00,BOS,LAX,American Airlines,AA,AIRBUS INDUSTRIE A321 SHARKLETS,19860,2606,business
7f5e61daf4623abe67b1a5284dc7b6d7,2022-04-16,2022-04-22,LAX,BOS,I0ATZNJC,PT5H35M,0,False,False,True,983.26,1071.61,7,2606,1650641400,2022-04-22T08:30:00.000-07:00,1650661500,2022-04-22T17:05:00.000-04:00,BOS,LAX,American Airlines,AA,AIRBUS INDUSTRIE A321 SHARKLETS,20100,2606,business
68cae23594cda9a3cd8460dbd1009392,2022-04-16,2022-04-22,LAX,BOS,YA2AAN,PT5H30M,0,False,False,True,1258.60,1367.60,3,2606,1650647700,2022-04-22T10:15:00.000-07:00,1650667500,2022-04-22T18:45:00.000-04:00,BOS,LAX,JetBlue Airways,B6,AIRBUS INDUSTRIE A321 SHARKLETS,19800,2606,coach
9ef75d1a049c010fdd0d040c0be23e2a,2022-04-16,2022-04-22,LAX,BOS,YA2AAN,PT5H30M,0,False,False,True,1258.60,1367.60,3,2606,1650664800,2022-04-22T15:00:00.000-07:00,1650684600,2022-04-22T23:30:00.000-04:00,BOS,LAX,JetBlue Airways,B6,AIRBUS INDUSTRIE A321 SHARKLETS,19800,2606,coach
ee3b9f23c67d889b20a625b467a1b86d,2022-04-16,2022-04-22,LAX,BOS,YA2AAN,PT5H35M,0,False,False,True,1258.60,1367.60,2,2606,1650641400,2022-04-22T08:30:00.000-07:00,1650661500,2022-04-22T17:05:00.000-04:00,BOS,LAX,JetBlue Airways,B6,AIRBUS INDUSTRIE A321 SHARKLETS,20100,2606,coach
7792b6e240179aa78c2fb4758aebb1cc,2022-04-16,2022-04-23,BOS,LAX,N7AZZNN3,PT9H7M,0,False,False,False,184.19,221.60,5,2771,1650744480||1650765720,2022-04-23T16:08:00.000-04:00||2022-04-23T21:02:00.000-05:00,1650760560||1650777300,2022-04-23T19:36:00.000-05:00||2022-04-23T22:15:00.000-07:00,DFW||ONT,BOS||DFW,American Airlines||American Airlines,AA||AA,Airbus A321||Airbus A321,16080||11580,1556||1215,coach||coach
41874184ce4af2f1d3d5b6c741a22bd8,2022-04-16,2022-04-23,BOS,LAX,TA7NA0BC,PT9H10M,0,True,False,False,184.19,221.60,9,2674,1650708300||1650735000,2022-04-23T06:05:00.000-04:00||2022-04-23T11:30:00.000-06:00,1650728100||1650741300,2022-04-23T09:35:00.000-06:00||2022-04-23T12:15:00.000-07:00,SLC||ONT,BOS||SLC,Delta||Delta,DL||DL,Boeing 737-900||Boeing 737-800,19800||6300,2100||574,coach||coach
832effbc51b37523e0d65102d3fae4de,2022-04-16,2022-04-23,BOS,LAX,MC7ABEL1,PT6H22M,1,False,False,True,198.14,227.60,7,2606,1650761700,2022-04-23T20:55:00.000-04:00,1650784620,2022-04-24T00:17:00.000-07:00,LAX,BOS,JetBlue Airways,B6,Airbus A319-321,22920,2606,coach
47797c8ae0451dd3af17e5ded120e053,2022-04-16,2022-04-23,BOS,LAX,G7AZZNN1,PT9H42M,0,False,False,False,198.14,236.60,4,2607,1650708000||1650726900,2022-04-23T06:00:00.000-04:00||2022-04-23T10:15:00.000-05:00,1650718860||1650742920,2022-04-23T08:01:00.000-05:00||2022-04-23T12:42:00.000-07:00,ORD||LAX,BOS||ORD,American Airlines||American Airlines,AA||AA,Airbus A319||Boeing 737-800,10860||16020,862||1745,coach||coach
b2385b0244568391e003456d41c1c624,2022-04-16,2022-04-23,BOS,LAX,G7AZZNN1,PT10H42M,0,False,False,False,198.14,236.60,2,2607,1650704400||1650726900,2022-04-23T05:00:00.000-04:00||2022-04-23T10:15:00.000-05:00,1650715260||1650742920,2022-04-23T07:01:00.000-05:00||2022-04-23T12:42:00.000-07:00,ORD||LAX,BOS||ORD,American Airlines||American Airlines,AA||AA,Airbus A321||Boeing 737-800,10860||16020,862||1745,coach||coach
f392f6a04686af12aa0800e49f071402,2022-04-16,2022-04-23,BOS,LAX,RA3NR,PT13H57M,0,False,False,False,140.00,247.58,0,,1650733200||1650763200,2022-04-23T13:00:00.000-04:00||2022-04-23T21:20:00.000-04:00,1650744720||1650783420,2022-04-23T16:12:00.000-04:00||2022-04-23T23:57:00.000-07:00,FLL||LAX,BOS||FLL,Spirit Airlines||Spirit Airlines,NK||NK,||,11520||20220,None||None,coach||coach
485b4d4a149582761701e1d2535e2a98,2022-04-16,2022-04-23,BOS,LAX,V7AJZNN1,PT8H27M,0,False,False,False,222.33,262.61,3,2607,1650712500||1650726900,2022-04-23T07:15:00.000-04:00||2022-04-23T10:15:00.000-05:00,1650723360||1650742920,2022-04-23T09:16:00.000-05:00||2022-04-23T12:42:00.000-07:00,ORD||LAX,BOS||ORD,American Airlines||American Airlines,AA||AA,Boeing 737-800||Boeing 737-800,10860||16020,862||1745,coach||coach
3136c7497c3cec33eba5db047332001f,2022-04-16,2022-04-23,BOS,LAX,VC7ABEY5,PT6H22M,1,False,False,True,235.35,267.60,7,2606,1650761700,2022-04-23T20:55:00.000-04:00,1650784620,2022-04-24T00:17:00.000-07:00,LAX,BOS,American Airlines,AA,Airbus A321,22920,2606,coach
3d02cf915fc7838d865ecae5ddc6c180,2022-04-16,2022-04-23,BOS,LAX,WAA7AHEN,PT6H27M,0,False,False,True,246.51,279.60,1,2606,1650708000,2022-04-23T06:00:00.000-04:00,1650731220,2022-04-23T09:27:00.000-07:00,LAX,BOS,United,UA,Boeing 737 MAX 9,23220,2606,coach
7fd61391b2df7e13256a73eab9ceaa7b,2022-04-16,2022-04-23,BOS,LAX,WAA7KKEN,PT8H38M,0,False,False,False,238.14,279.60,1,2607,1650752400||1650767100,2022-04-23T18:20:00.000-04:00||2022-04-23T21:25:00.000-05:00,1650763140||1650783480,2022-04-23T20:19:00.000-05:00||2022-04-23T23:58:00.000-07:00,ORD||LAX,BOS||ORD,United||United,UA||UA,Boeing 737-900||Boeing 737-900,10740||16380,862||1745,coach||coach
31b30608c2466a4edcd4d5405e5fd229,2022-04-16,2022-04-23,BOS,LAX,LA7NA0BC,PT8H57M,0,True,False,False,238.14,279.60,9,2674,1650750300||1650776340,2022-04-23T17:45:00.000-04:00||2022-04-23T22:59:00.000-06:00,1650770220||1650782520,2022-04-23T21:17:00.000-06:00||2022-04-23T23:42:00.000-07:00,SLC||ONT,BOS||SLC,Delta||Delta,DL||DL,Boeing 737-800||Boeing 737-800,19920||6180,2100||574,coach||coach
1ae4ea0f140fe96e91c0dbf0ebd930ff,2022-04-16,2022-04-23,BOS,LAX,WAA7KKEN,PT10H24M,0,False,False,False,238.14,279.60,1,2607,1650746040||1650767100,2022-04-23T16:34:00.000-04:00||2022-04-23T21:25:00.000-05:00,1650756540||1650783480,2022-04-23T18:29:00.000-05:00||2022-04-23T23:58:00.000-07:00,ORD||LAX,BOS||ORD,United||United,UA||UA,Boeing 737 MAX 9||Boeing 737-900,10500||16380,862||1745,coach||coach
8700234677c5855d2f863352c59c5877,2022-04-16,2022-04-23,BOS,LAX,LAA3AHEN,PT15H10M,0,False,False,False,245.58,293.20,2,2607,1650708000||1650746640,2022-04-23T06:00:00.000-04:00||2022-04-23T15:44:00.000-05:00,1650718380||1650762600,2022-04-23T07:53:00.000-05:00||2022-04-23T18:10:00.000-07:00,ORD||LAX,BOS||ORD,United||United,UA||UA,Boeing 737-900||Boeing 757-300,10380||15960,862||1745,coach||coach
28ef01c2d09bd0ea1475c75e35871a9e,2022-04-16,2022-04-23,BOS,LAX,TAA3AHES,PT11H29M,0,False,False,False,277.21,327.20,2,2607,1650721260||1650746640,2022-04-23T09:41:00.000-04:00||2022-04-23T15:44:00.000-05:00,1650731520||1650762600,2022-04-23T11:32:00.000-05:00||2022-04-23T18:10:00.000-07:00,ORD||LAX,BOS||ORD,United||United,UA||UA,Boeing 737 MAX 9||Boeing 757-300,10260||15960,862||1745,coach||coach
df12373ec1215a69c997154b17f6175d,2022-04-16,2022-04-23,BOS,LAX,TAA3AHES,PT13H10M,0,False,False,False,277.21,327.20,2,2607,1650715200||1650746640,2022-04-23T08:00:00.000-04:00||2022-04-23T15:44:00.000-05:00,1650725460||1650762600,2022-04-23T09:51:00.000-05:00||2022-04-23T18:10:00.000-07:00,ORD||LAX,BOS||ORD,United||United,UA||UA,Boeing 737-900||Boeing 757-300,10260||15960,862||1745,coach||coach
0e4443990881ff96e857f8c1f68fb383,2022-04-16,2022-04-23,BOS,LAX,TAA3AHES,PT14H11M,0,False,False,False,277.21,327.20,2,2607,1650721260||1650756540,2022-04-23T09:41:00.000-04:00||2022-04-23T18:29:00.000-05:00,1650731520||1650772320,2022-04-23T11:32:00.000-05:00||2022-04-23T20:52:00.000-07:00,ORD||LAX,BOS||ORD,United||United,UA||UA,Boeing 737 MAX 9||BOEING 787-9,10260||15780,862||1745,coach||coach
551559171118116f6b623812fae3c7e5,2022-04-16,2022-04-23,BOS,LAX,L3AJZNN1,PT8H18M,0,False,False,False,283.72,328.60,1,2607,1650749580||1650763200,2022-04-23T17:33:00.000-04:00||2022-04-23T20:20:00.000-05:00,1650760380||1650779460,2022-04-23T19:33:00.000-05:00||2022-04-23T22:51:00.000-07:00,ORD||LAX,BOS||ORD,American Airlines||American Airlines,AA||AA,Embraer 175||Boeing 737-800,10800||16260,862||1745,coach||coach
4d92f236b1bf5018f5510fc671579ab2,2022-04-16,2022-04-23,BOS,LAX,L3AJZNN1,PT9H45M,0,False,False,False,283.72,328.60,7,2607,1650719340||1650738300,2022-04-23T09:09:00.000-04:00||2022-04-23T13:25:00.000-05:00,1650730140||1650754440,2022-04-23T11:09:00.000-05:00||2022-04-23T15:54:00.000-07:00,ORD||LAX,BOS||ORD,American Airlines||American Airlines,AA||AA,Boeing 737-800||Boeing 737-800,10800||16140,862||1745,coach||coach
2a3d4594199a2072547788566d9a07cc,2022-04-16,2022-04-23,BOS,LAX,L3AJZNN1,PT9H49M,0,False,False,False,283.72,328.60,1,2794,1650744480||1650767700,2022-04-23T16:08:00.000-04:00||2022-04-23T21:35:00.000-05:00,1650760560||1650779820,2022-04-23T19:36:00.000-05:00||2022-04-23T22:57:00.000-07:00,DFW||LAX,BOS||DFW,American Airlines||American Airlines,AA||AA,Airbus A321||Airbus A321,16080||12120,1556||1238,coach||coach
1fcd112a35a924be4b81418d593cca4d,2022-04-16,2022-04-23,BOS,LAX,Q3AJZNN1,PT10H33M,0,False,False,False,283.72,328.60,1,2643,1650727020||1650742200,2022-04-23T11:17:00.000-04:00||2022-04-23T15:30:00.000-04:00,1650731400||1650765000,2022-04-23T12:30:00.000-04:00||2022-04-23T18:50:00.000-07:00,JFK||LAX,BOS||JFK,JetBlue Airways||JetBlue Airways,B6||B6,||AIRBUS INDUSTRIE A321 SHARKLETS,4380||22800,185||2458,coach||coach
3e34f3a258d1dac6c26580304f66a5fe,2022-04-16,2022-04-23,BOS,LAX,L3AJZNN1,PT11H6M,0,False,False,False,283.72,328.60,2,2607,1650730860||1650754800,2022-04-23T12:21:00.000-04:00||2022-04-23T18:00:00.000-05:00,1650740820||1650770820,2022-04-23T14:07:00.000-05:00||2022-04-23T20:27:00.000-07:00,ORD||LAX,BOS||ORD,American Airlines||American Airlines,AA||AA,Embraer 175||Boeing 737-800,9960||16020,862||1745,coach||coach
69949baa29b3262a20170e20dc64a625,2022-04-16,2022-04-23,BOS,LAX,Q3AJZNN1,PT11H17M,0,False,False,False,283.72,328.60,1,2643,1650727020||1650744900,2022-04-23T11:17:00.000-04:00||2022-04-23T16:15:00.000-04:00,1650731400||1650767640,2022-04-23T12:30:00.000-04:00||2022-04-23T19:34:00.000-07:00,JFK||LAX,BOS||JFK,JetBlue Airways||JetBlue Airways,B6||B6,||AIRBUS INDUSTRIE A321 SHARKLETS,4380||22740,185||2458,coach||coach
fa27df060d8d894adc743754a7e5d20d,2022-04-16,2022-04-23,BOS,LAX,E0DACAY,PT8H1M,0,False,False,False,300.45,346.58,9,2656,1650727800||1650742500,2022-04-23T11:30:00.000-04:00||2022-04-23T14:35:00.000-05:00,1650739080||1650756660,2022-04-23T13:38:00.000-05:00||2022-04-23T16:31:00.000-07:00,MSP||LAX,BOS||MSP,Sun Country Airlines||Sun Country Airlines,SY||SY,Boeing 737-800||Boeing 737-800,11280||14160,1122||1534,coach||coach
2bbd643d74b464731e824f98d70968c4,2022-04-16,2022-04-23,BOS,LAX,KA7OA0MQ,PT9H22M,0,False,False,False,301.40,347.61,1,2607,1650748320||1650763860,2022-04-23T17:12:00.000-04:00||2022-04-23T21:31:00.000-04:00,1650756540||1650782040,2022-04-23T19:29:00.000-04:00||2022-04-23T23:34:00.000-07:00,DTW||LAX,BOS||DTW,Delta||Delta,DL||DL,Airbus A320||Airbus A321,8220||18180,622||1985,coach||coach
e9e156c72e4a740eca7af84c6b2ae133,2022-04-16,2022-04-23,BOS,LAX,VAA3KKEN,PT8H12M,0,False,False,False,305.12,351.60,1,2607,1650733080||1650746640,2022-04-23T12:58:00.000-04:00||2022-04-23T15:44:00.000-05:00,1650743100||1650762600,2022-04-23T14:45:00.000-05:00||2022-04-23T18:10:00.000-07:00,ORD||LAX,BOS||ORD,United||United,UA||UA,Boeing 737-700||Boeing 757-300,10020||15960,862||1745,coach||coach
c9e06f6ef55d2dff891b96d788f401ec,2022-04-16,2022-04-23,BOS,LAX,VAA3KKEN,PT8H26M,0,False,False,False,305.12,351.60,6,2607,1650746040||1650760500,2022-04-23T16:34:00.000-04:00||2022-04-23T19:35:00.000-05:00,1650756540||1650776400,2022-04-23T18:29:00.000-05:00||2022-04-23T22:00:00.000-07:00,ORD||LAX,BOS||ORD,United||United,UA||UA,Boeing 737 MAX 9||Boeing 737 MAX 9,10500||15900,862||1745,coach||coach
d79e38cefc6c017f3f822432b0fa2476,2022-04-16,2022-04-23,BOS,LAX,VAA3KKEN,PT8H34M,0,False,False,False,305.12,351.60,1,2607,1650721260||1650735900,2022-04-23T09:41:00.000-04:00||2022-04-23T12:45:00.000-05:00,1650731520||1650752100,2022-04-23T11:32:00.000-05:00||2022-04-23T15:15:00.000-07:00,ORD||LAX,BOS||ORD,United||United,UA||UA,Boeing 737 MAX 9||Boeing 757-300,10260||16200,862||1745,coach||coach
cc48c2093c2f2f399fffbb32e21f07c2,2022-04-16,2022-04-23,BOS,LAX,VAA3KKEN,PT8H38M,0,False,False,False,305.12,351.60,3,2607,1650715200||1650729780,2022-04-23T08:00:00.000-04:00||2022-04-23T11:03:00.000-05:00,1650725460||1650746280,2022-04-23T09:51:00.000-05:00||2022-04-23T13:38:00.000-07:00,ORD||LAX,BOS||ORD,United||United,UA||UA,Boeing 737-900||Boeing 737-800,10260||16500,862||1745,coach||coach
528aeb73c9353c750f9d5fe0c3993a03,2022-04-16,2022-04-23,BOS,LAX,VAA3KKEN,PT10H15M,0,False,False,False,305.12,351.60,1,2607,1650715200||1650735900,2022-04-23T08:00:00.000-04:00||2022-04-23T12:45:00.000-05:00,1650725460||1650752100,2022-04-23T09:51:00.000-05:00||2022-04-23T15:15:00.000-07:00,ORD||LAX,BOS||ORD,United||United,UA||UA,Boeing 737-900||Boeing 757-300,10260||16200,862||1745,coach||coach
cecb9a5ab7ce4b18c7dda4648adb0331,2022-04-16,2022-04-23,BOS,LAX,E0DACAY,PT12H30M,0,False,False,False,300.45,352.18,9,2656,1650727800||1650759000,2022-04-23T11:30:00.000-04:00||2022-04-23T19:10:00.000-05:00,1650739080||1650772800,2022-04-23T13:38:00.000-05:00||2022-04-23T21:00:00.000-07:00,MSP||LAX,BOS||MSP,Sun Country Airlines||Sun Country Airlines,SY||SY,Boeing 737-800||Boeing 737-800,11280||13800,1122||1534,coach||coach
c92a377d900b2e36ea07d4371239571b,2022-04-16,2022-04-23,BOS,LAX,BH0AUEL1,PT6H18M,0,False,False,True,325.58,364.60,7,2606,1650708120,2022-04-23T06:02:00.000-04:00,1650730800,2022-04-23T09:20:00.000-07:00,LAX,BOS,JetBlue Airways,B6,Airbus A319-321,22680,2606,coach
74e0ca0c150b33f52dc6f2fe689693c7,2022-04-16,2022-04-23,BOS,LAX,BH0AUEL1,PT6H25M,0,False,False,True,325.58,364.60,7,2606,1650747600,2022-04-23T17:00:00.000-04:00,1650770700,2022-04-23T20:25:00.000-07:00,LAX,BOS,JetBlue Airways,B6,Airbus A319-321,23100,2606,coach
0bb287bd9a065f845b63082adbaf914e,2022-04-16,2022-04-23,BOS,LAX,QA3OA0MQ,PT6H21M,0,False,False,True,338.60,378.60,2,2606,1650724440,2022-04-23T10:34:00.000-04:00,1650747300,2022-04-23T13:55:00.000-07:00,LAX,BOS,Delta,DL,Boeing 757-200,22860,2606,coach
980b5cf83d9c0cc1b4bc8f40cb895ce6,2022-04-16,2022-04-23,BOS,LAX,QA3OA0MQ,PT6H21M,0,False,False,True,338.60,378.60,5,2606,1650741600,2022-04-23T15:20:00.000-04:00,1650764460,2022-04-23T18:41:00.000-07:00,LAX,BOS,Delta,DL,Boeing 757-200,22860,2606,coach
037bef3f33c9aa43440f24195974d8a1,2022-04-16,2022-04-23,BOS,LAX,QA3OA0MQ,PT6H26M,0,False,False,True,338.60,378.60,3,2606,1650715200,2022-04-23T08:00:00.000-04:00,1650738360,2022-04-23T11:26:00.000-07:00,LAX,BOS,Delta,DL,Boeing 757-200,23160,2606,coach
afe02cb0b36acd97729c686ff54fc65c,2022-04-16,2022-04-23,BOS,LAX,M0AJZNN1,PT6H35M,0,False,False,True,352.56,393.60,1,2606,1650751200,2022-04-23T18:00:00.000-04:00,1650774900,2022-04-23T21:35:00.000-07:00,LAX,BOS,American Airlines,AA,AIRBUS INDUSTRIE A321 SHARKLETS,23700,2606,coach
7cfd5fb1a57ef55155b79577245960b5,2022-04-16,2022-04-23,BOS,LAX,H0AJZNN1,PT6H35M,0,False,False,True,352.56,393.60,1,2606,1650751200,2022-04-23T18:00:00.000-04:00,1650774900,2022-04-23T21:35:00.000-07:00,LAX,BOS,JetBlue Airways,B6,AIRBUS INDUSTRIE A321 SHARKLETS,23700,2606,coach
74bbd6c464070ce6b50682e420ad0020,2022-04-16,2022-04-23,BOS,LAX,QAA3JFEN,PT9H13M,0,False,False,False,351.63,401.60,1,2590,1650708900||1650734100,2022-04-23T06:15:00.000-04:00||2022-04-23T11:15:00.000-06:00,1650725520||1650742080,2022-04-23T08:52:00.000-06:00||2022-04-23T12:28:00.000-07:00,DEN||ONT,BOS||DEN,United||United,UA||UA,Boeing 737-800||Boeing 737-900,16620||7980,1763||827,coach||coach
9cd8e51f4280f8987868653227b64945,2022-04-16,2022-04-23,BOS,LAX,M0AJZNN1,PT7H57M,0,False,False,False,352.56,402.60,7,2607,1650742200||1650754800,2022-04-23T15:30:00.000-04:00||2022-04-23T18:00:00.000-05:00,1650752580||1650770820,2022-04-23T17:23:00.000-05:00||2022-04-23T20:27:00.000-07:00,ORD||LAX,BOS||ORD,American Airlines||American Airlines,AA||AA,Embraer 175||Boeing 737-800,10380||16020,862||1745,coach||coach
64fed788142deb5ad2319678477c0e61,2022-04-16,2022-04-23,BOS,LAX,M0AJZNN1,PT8H31M,0,False,False,False,352.56,402.60,3,2607,1650730860||1650745800,2022-04-23T12:21:00.000-04:00||2022-04-23T15:30:00.000-05:00,1650740820||1650761520,2022-04-23T14:07:00.000-05:00||2022-04-23T17:52:00.000-07:00,ORD||LAX,BOS||ORD,American Airlines||American Airlines,AA||AA,Embraer 175||Boeing 737-800,9960||15720,862||1745,coach||coach
f2a2f6527901bb94397f5f2eb70c143e,2022-04-16,2022-04-23,BOS,LAX,M0AJZNN1,PT8H49M,0,False,False,False,352.56,402.60,3,2794,1650739320||1650759300,2022-04-23T14:42:00.000-04:00||2022-04-23T19:15:00.000-05:00,1650755400||1650771060,2022-04-23T18:10:00.000-05:00||2022-04-23T20:31:00.000-07:00,DFW||LAX,BOS||DFW,American Airlines||American Airlines,AA||AA,Airbus A321||BOEING 787-9,16080||11760,1556||1238,coach||coach
d55a53698bc7561e472029d4730bb089,2022-04-16,2022-04-23,BOS,LAX,QH7OAVMN,PT15H34M,1,False,False,False,369.30,426.20,7,3366,1650758700||1650806100,2022-04-23T20:05:00.000-04:00||2022-04-24T06:15:00.000-07:00,1650781260||1650814740,2022-04-23T23:21:00.000-07:00||2022-04-24T08:39:00.000-07:00,PDX||LAX,BOS||PDX,Alaska Airlines||Alaska Airlines,AS||AS,Boeing 737-900||Boeing 737 MAX 9,22560||8640,2531||835,coach||coach
86227aef8b2b4029cfef4adc3f54c20e,2022-04-16,2022-04-23,BOS,LAX,QC0KUEL1,PT13H52M,0,False,False,False,399.72,458.90,7,2621,1650727020||1650754320,2022-04-23T11:17:00.000-04:00||2022-04-23T18:52:00.000-04:00,1650731400||1650776940,2022-04-23T12:30:00.000-04:00||2022-04-23T22:09:00.000-07:00,JFK||ONT,BOS||JFK,JetBlue Airways||JetBlue Airways,B6||B6,||Airbus A320,4380||22620,185||2436,coach||coach
3a5699dcdd8c51fb4e63995102aefe68,2022-04-16,2022-04-23,BOS,LAX,HAA0JFEN,PT7H58M,0,False,False,False,413.02,467.60,3,2590,1650713400||1650734100,2022-04-23T07:30:00.000-04:00||2022-04-23T11:15:00.000-06:00,1650730260||1650742080,2022-04-23T10:11:00.000-06:00||2022-04-23T12:28:00.000-07:00,DEN||ONT,BOS||DEN,United||United,UA||UA,Boeing 737-800||Boeing 737-900,16860||7980,1763||827,coach||coach
785e2bb7ba6a841652f06e15dc505214,2022-04-16,2022-04-23,BOS,LAX,K0AJZNN1,PT6H29M,0,False,False,True,422.33,468.61,7,2606,1650756900,2022-04-23T19:35:00.000-04:00,1650780240,2022-04-23T23:04:00.000-07:00,LAX,BOS,JetBlue Airways,B6,AIRBUS INDUSTRIE A321 SHARKLETS,23340,2606,coach
5007c7357cbb3fab2aff774217c21eee,2022-04-16,2022-04-23,BOS,LAX,K0AJZNN1,PT6H29M,0,False,False,True,422.33,468.61,7,2606,1650756900,2022-04-23T19:35:00.000-04:00,1650780240,2022-04-23T23:04:00.000-07:00,LAX,BOS,American Airlines,AA,AIRBUS INDUSTRIE A321 SHARKLETS,23340,2606,coach
f524d8b14bfd3d170d56f646215e5a8f,2022-04-16,2022-04-23,BOS,LAX,K0AJZNN1,PT6H38M,0,False,False,True,422.33,468.61,7,2606,1650709200,2022-04-23T06:20:00.000-04:00,1650733080,2022-04-23T09:58:00.000-07:00,LAX,BOS,American Airlines,AA,AIRBUS INDUSTRIE A321 SHARKLETS,23880,2606,coach
572dd024bc47ee74bfd8fffbd1de6ff0,2022-04-16,2022-04-23,BOS,LAX,K0AJZNN1,PT6H38M,0,False,False,True,422.33,468.61,7,2606,1650709200,2022-04-23T06:20:00.000-04:00,1650733080,2022-04-23T09:58:00.000-07:00,LAX,BOS,JetBlue Airways,B6,AIRBUS INDUSTRIE A321 SHARKLETS,23880,2606,coach
e1712a5dec4762a55e3fc50bd545a894,2022-04-16,2022-04-23,BOS,LAX,QH7OAVMN,PT15H10M,1,False,False,False,472.00,536.60,7,3368,1650758700||1650805200,2022-04-23T20:05:00.000-04:00||2022-04-24T06:00:00.000-07:00,1650781260||1650813300,2022-04-23T23:21:00.000-07:00||2022-04-24T08:15:00.000-07:00,PDX||ONT,BOS||PDX,Alaska Airlines||Alaska Airlines,AS||AS,Boeing 737-900||Airbus A320,22560||8100,2531||837,coach||coach
7415c82fda89b814d7904db529c16736,2022-04-16,2022-04-23,BOS,LAX,EAA0OHEN,PT9H44M,0,False,False,False,481.86,541.60,7,2643,1650747600||1650760140,2022-04-23T17:00:00.000-04:00||2022-04-23T20:29:00.000-04:00,1650753120||1650782640,2022-04-23T18:32:00.000-04:00||2022-04-23T23:44:00.000-07:00,EWR||LAX,BOS||EWR,United||Alaska Airlines,UA||AS,Airbus A320||Boeing 737 MAX 9,5520||22500,185||2458,coach||coach
effc9b18abd247fcd98f7432e04eee08,2022-04-16,2022-04-23,BOS,LAX,H0AJZNN1,PT6H32M,0,False,False,True,515.35,568.60,1,2606,1650716700,2022-04-23T08:25:00.000-04:00,1650740220,2022-04-23T11:57:00.000-07:00,LAX,BOS,American Airlines,AA,AIRBUS INDUSTRIE A321 SHARKLETS,23520,2606,coach
452210131b7bd121a90311e1487354a5,2022-04-16,2022-04-23,BOS,LAX,E0AJZNN1,PT6H32M,0,False,False,True,515.35,568.60,1,2606,1650716700,2022-04-23T08:25:00.000-04:00,1650740220,2022-04-23T11:57:00.000-07:00,LAX,BOS,JetBlue Airways,B6,AIRBUS INDUSTRIE A321 SHARKLETS,23520,2606,coach
f07cd455b910ff12192cb0151efbc585,2022-04-16,2022-04-23,BOS,LAX,HH0KUEY5,PT6H18M,0,False,False,True,532.09,586.60,7,2606,1650708120,2022-04-23T06:02:00.000-04:00,1650730800,2022-04-23T09:20:00.000-07:00,LAX,BOS,American Airlines,AA,Airbus A321,22680,2606,coach
d11d179861ab2d81da5e8dec405a2887,2022-04-16,2022-04-23,BOS,LAX,HH0KUEY5,PT6H25M,0,False,False,True,532.09,586.60,7,2606,1650747600,2022-04-23T17:00:00.000-04:00,1650770700,2022-04-23T20:25:00.000-07:00,LAX,BOS,American Airlines,AA,Airbus A321,23100,2606,coach
9107cf174582998f5b72523de9dd66e4,2022-04-16,2022-04-23,LAX,BOS,MA0OA0MC,PT7H39M,1,False,False,False,432.56,488.60,2,2674,1650746400||1650757560,2022-04-23T13:40:00.000-07:00||2022-04-23T17:46:00.000-06:00,1650752640||1650773940,2022-04-23T16:24:00.000-06:00||2022-04-24T00:19:00.000-04:00,SLC||BOS,ONT||SLC,Delta||Delta,DL||DL,Boeing 737-800||Boeing 737-900,6240||16380,574||2100,coach||coach
3de10f3d71cfaa7f04584229ebae6f4f,2022-04-16,2022-04-23,LAX,BOS,BA0QA0MQ,PT7H55M,0,False,False,False,506.98,568.60,1,2674,1650717900||1650729420,2022-04-23T05:45:00.000-07:00||2022-04-23T09:57:00.000-06:00,1650724440||1650746400,2022-04-23T08:34:00.000-06:00||2022-04-23T16:40:00.000-04:00,SLC||BOS,ONT||SLC,Delta||Delta,DL||DL,Boeing 737-800||Boeing 737-800,6540||16980,574||2100,coach||coach
11f8d3e7de464a6bc3b5cdb9ba40ae1b,2022-04-16,2022-04-23,LAX,BOS,H0AJZNN1,PT7H7M,0,False,False,False,515.35,577.60,1,2634,1650729960||1650745500,2022-04-23T09:06:00.000-07:00||2022-04-23T15:25:00.000-05:00,1650743040||1650755580,2022-04-23T14:44:00.000-05:00||2022-04-23T19:13:00.000-04:00,STL||BOS,LAX||STL,American Airlines||American Airlines,AA||AA,Airbus A319||Airbus A319,13080||10080,1589||1045,coach||coach
dca8a5c3b57c2c46aadd1ee17b60bc2f,2022-04-16,2022-04-23,LAX,BOS,UAA0OHEN,PT7H26M,1,False,False,False,515.35,577.60,3,2611,1650765000||1650777600,2022-04-23T18:50:00.000-07:00||2022-04-23T23:20:00.000-06:00,1650773340||1650791760,2022-04-23T22:09:00.000-06:00||2022-04-24T05:16:00.000-04:00,DEN||BOS,LAX||DEN,United||United,UA||UA,Airbus A320||Airbus A320,8340||14160,848||1763,coach||coach
1fc565cd733959d7b6130ed6b386a8b7,2022-04-16,2022-04-23,LAX,BOS,MA0OA0MQ,PT7H34M,1,False,False,False,524.65,587.60,2,2690,1650746700||1650757560,2022-04-23T13:45:00.000-07:00||2022-04-23T17:46:00.000-06:00,1650753300||1650773940,2022-04-23T16:35:00.000-06:00||2022-04-24T00:19:00.000-04:00,SLC||BOS,LAX||SLC,Delta||Delta,DL||DL,Boeing 737-900||Boeing 737-900,6600||16380,590||2100,coach||coach
0cda6817e15ebcd47aad0e455870ae25,2022-04-16,2022-04-23,LAX,BOS,MA0OA0MQ,PT7H45M,0,False,False,False,524.65,587.60,3,2690,1650718500||1650729420,2022-04-23T05:55:00.000-07:00||2022-04-23T09:57:00.000-06:00,1650725520||1650746400,2022-04-23T08:52:00.000-06:00||2022-04-23T16:40:00.000-04:00,SLC||BOS,LAX||SLC,Delta||Delta,DL||DL,Boeing 737-900||Boeing 737-800,7020||16980,590||2100,coach||coach
ecedf548a87f7cb5ac667daf4cff4341,2022-04-16,2022-04-23,LAX,BOS,MA0OA0MQ,PT7H46M,1,False,False,False,524.65,587.60,2,2647,1650776400||1650796200,2022-04-23T22:00:00.000-07:00||2022-04-24T06:30:00.000-04:00,1650791160||1650804360,2022-04-24T05:06:00.000-04:00||2022-04-24T08:46:00.000-04:00,CVG||BOS,LAX||CVG,Delta||Delta,DL||DL,Boeing 737-900||Airbus A220-100,14760||8160,1896||751,coach||coach
aeacaa631f92ab0e4b7d1f3b681b4228,2022-04-16,2022-04-23,LAX,BOS,VH7OAVMN,PT11H25M,0,False,False,False,537.67,601.60,2,3366,1650718800||1650740400,2022-04-23T06:00:00.000-07:00||2022-04-23T12:00:00.000-07:00,1650727800||1650759900,2022-04-23T08:30:00.000-07:00||2022-04-23T20:25:00.000-04:00,PDX||BOS,LAX||PDX,Alaska Airlines||Alaska Airlines,AS||AS,Boeing 737-900||Boeing 737-900,9000||19500,835||2531,coach||coach
186b801728009910eb00b068f114768b,2022-04-16,2022-04-23,LAX,BOS,HH0KUEL1,PT5H31M,0,False,False,True,556.28,612.60,7,2606,1650717900,2022-04-23T05:45:00.000-07:00,1650737760,2022-04-23T14:16:00.000-04:00,BOS,LAX,JetBlue Airways,B6,Airbus A319-321,19860,2606,coach
733186bd5a8ba3cdb33a44c105278bd3,2022-04-16,2022-04-23,LAX,BOS,TA7NX0ME,PT14H19M,1,False,False,False,546.98,617.20,2,2690,1650722400||1650757560,2022-04-23T07:00:00.000-07:00||2022-04-23T17:46:00.000-06:00,1650729420||1650773940,2022-04-23T09:57:00.000-06:00||2022-04-24T00:19:00.000-04:00,SLC||BOS,LAX||SLC,Delta||Delta,DL||DL,Boeing 737-900||Boeing 737-900,7020||16380,590||2100,coach||coach
d104a164e386f11afcb8c0568587f72a,2022-04-16,2022-04-23,LAX,BOS,MH7OASMN,PT8H15M,0,False,False,False,562.79,628.60,2,3368,1650730200||1650740400,2022-04-23T09:10:00.000-07:00||2022-04-23T12:00:00.000-07:00,1650738300||1650759900,2022-04-23T11:25:00.000-07:00||2022-04-23T20:25:00.000-04:00,PDX||BOS,ONT||PDX,Alaska Airlines||Alaska Airlines,AS||AS,Boeing 737-900||Boeing 737-900,8100||19500,837||2531,coach||coach
7d3228636cfb801be0fdd58267275b72,2022-04-16,2022-04-23,LAX,BOS,NH7OAVMN,PT10H26M,1,False,False,False,585.11,657.09,3,2613,1650754200||1650762000||1650777600,2022-04-23T15:50:00.000-07:00||2022-04-23T18:00:00.000-07:00||2022-04-23T23:20:00.000-06:00,1650758520||1650768540||1650791760,2022-04-23T17:02:00.000-07:00||2022-04-23T20:49:00.000-06:00||2022-04-24T05:16:00.000-04:00,LAS||DEN||BOS,LAX||LAS||DEN,Alaska Airlines||United||United,AS||UA||UA,Embraer 175||Boeing 737-900||Airbus A320,4320||6540||14160,241||609||1763,coach||coach||coach
6de82ea909ab2b5f04921f16bda3a128,2022-04-16,2022-04-23,LAX,BOS,SAA7AKEN,PT7H34M,0,False,False,False,593.48,661.59,3,2611,1650715200||1650728400,2022-04-23T05:00:00.000-07:00||2022-04-23T09:40:00.000-06:00,1650723780||1650742440,2022-04-23T08:23:00.000-06:00||2022-04-23T15:34:00.000-04:00,DEN||BOS,LAX||DEN,United||United,UA||UA,Boeing 757-300||Boeing 737 MAX 9,8580||14040,848||1763,coach||coach
16af759209205bbd468d2c5dfee8f16c,2022-04-16,2022-04-23,LAX,BOS,B0AJZNN1,PT5H31M,1,False,False,True,609.30,669.60,2,2606,1650778200,2022-04-23T22:30:00.000-07:00,1650798060,2022-04-24T07:01:00.000-04:00,BOS,LAX,American Airlines,AA,AIRBUS INDUSTRIE A321 SHARKLETS,19860,2606,coach
d9ec0fa3a091657f4d8756ff23e79203,2022-04-16,2022-04-23,LAX,BOS,T0DACAY,PT14H2M,1,False,False,False,602.78,677.19,9,2656,1650760200||1650801000,2022-04-23T17:30:00.000-07:00||2022-04-24T06:50:00.000-05:00,1650773460||1650810720,2022-04-23T23:11:00.000-05:00||2022-04-24T10:32:00.000-04:00,MSP||BOS,LAX||MSP,Sun Country Airlines||Sun Country Airlines,SY||SY,Boeing 737-800||Boeing 737-800,13260||9720,1534||1122,coach||coach
6de4922090e4631db3f486aabc8b52cd,2022-04-16,2022-04-23,LAX,BOS,SAA7OWEN,PT12H48M,1,False,False,False,602.79,677.20,4,2590,1650745680||1650777600,2022-04-23T13:28:00.000-07:00||2022-04-23T23:20:00.000-06:00,1650753600||1650791760,2022-04-23T16:40:00.000-06:00||2022-04-24T05:16:00.000-04:00,DEN||BOS,ONT||DEN,United||United,UA||UA,Boeing 737-900||Airbus A320,7920||14160,827||1763,coach||coach
ffb3b709f37b1035c26c99b899d3af52,2022-04-16,2022-04-23,LAX,BOS,BA0OA0MQ,PT5H30M,0,False,False,True,617.67,678.60,5,2606,1650751500,2022-04-23T15:05:00.000-07:00,1650771300,2022-04-23T23:35:00.000-04:00,BOS,LAX,Delta,DL,Boeing 757-200,19800,2606,coach
1050b0279e99f77d4e924a836ccbffc4,2022-04-16,2022-04-23,LAX,BOS,BA0OA0MQ,PT7H20M,1,False,False,False,617.67,687.60,2,2690,1650770100||1650779940,2022-04-23T20:15:00.000-07:00||2022-04-23T23:59:00.000-06:00,1650776880||1650796500,2022-04-23T23:08:00.000-06:00||2022-04-24T06:35:00.000-04:00,SLC||BOS,LAX||SLC,Delta||Delta,DL||DL,Embraer 175 (Enhanced Winglets)||Boeing 737-900,6780||16560,590||2100,coach||coach
3729ecfef4a184f0f88450dc66f39a01,2022-04-16,2022-04-23,LAX,BOS,EAA0OHEN,PT8H31M,1,False,False,False,617.67,687.60,2,2607,1650779940||1650802500,2022-04-23T22:59:00.000-07:00||2022-04-24T07:15:00.000-05:00,1650793920||1650810600,2022-04-24T04:52:00.000-05:00||2022-04-24T10:30:00.000-04:00,ORD||BOS,LAX||ORD,United||United,UA||UA,BOEING 787-9||Boeing 737-700,13980||8100,1745||862,coach||coach
4cd8a73fe8a64d2bf41ab3dd529ddc07,2022-04-16,2022-04-23,LAX,BOS,WAA7OWEN,PT7H31M,1,False,False,False,640.00,711.60,1,2607,1650783540||1650802500,2022-04-23T23:59:00.000-07:00||2022-04-24T07:15:00.000-05:00,1650798180||1650810600,2022-04-24T06:03:00.000-05:00||2022-04-24T10:30:00.000-04:00,ORD||BOS,LAX||ORD,United||United,UA||UA,Boeing 737-900||Boeing 737-700,14640||8100,1745||862,coach||coach
2257f8b224533ca3d3297e6ca87b9ada,2022-04-16,2022-04-23,LAX,BOS,VH7OAVMN,PT10H4M,1,False,False,False,640.00,711.60,7,3445,1650763500||1650780600,2022-04-23T18:25:00.000-07:00||2022-04-23T23:10:00.000-07:00,1650773100||1650799740,2022-04-23T21:05:00.000-07:00||2022-04-24T07:29:00.000-04:00,SEA||BOS,ONT||SEA,Alaska Airlines||Alaska Airlines,AS||AS,Boeing 737-900||Boeing 737-900,9600||19140,956||2489,coach||coach
67c845e81638d0d5ac070e2a75c97ec5,2022-04-16,2022-04-23,LAX,BOS,WAA7AQEN,PT10H54M,0,False,False,False,658.60,731.60,3,3037,1650726900||1650744900,2022-04-23T08:15:00.000-07:00||2022-04-23T13:15:00.000-07:00,1650732480||1650766140,2022-04-23T09:48:00.000-07:00||2022-04-23T22:09:00.000-04:00,SFO||BOS,LAX||SFO,United||United,UA||UA,Boeing 737 MAX 9||Boeing 737 MAX 9,5580||21240,339||2698,coach||coach
84ab04a8a8bc6bf83d7c6ad5e42b414b,2022-04-16,2022-04-23,LAX,BOS,VAA0JKEN,PT13H9M,0,False,False,False,680.00,760.20,1,3049,1650718800||1650744900,2022-04-23T06:00:00.000-07:00||2022-04-23T13:15:00.000-07:00,1650723900||1650766140,2022-04-23T07:25:00.000-07:00||2022-04-23T22:09:00.000-04:00,SFO||BOS,ONT||SFO,United||United,UA||UA,Airbus A319||Boeing 737 MAX 9,5100||21240,351||2698,coach||coach
71e00d740142e3e170dcd52f72443e32,2022-04-16,2022-04-23,LAX,BOS,MAA0AQEN,PT7H11M,0,False,False,False,693.02,768.60,2,2590,1650745680||1650757440,2022-04-23T13:28:00.000-07:00||2022-04-23T17:44:00.000-06:00,1650753600||1650771540,2022-04-23T16:40:00.000-06:00||2022-04-23T23:39:00.000-04:00,DEN||BOS,ONT||DEN,United||United,UA||UA,Boeing 737-900||Boeing 737-800,7920||14100,827||1763,coach||coach
35309cdaec3e52d41259a5066da53e17,2022-04-16,2022-04-23,LAX,BOS,MAA0AQEN,PT8H22M,0,False,False,False,693.02,768.60,1,3049,1650736020||1650744900,2022-04-23T10:47:00.000-07:00||2022-04-23T13:15:00.000-07:00,1650741600||1650766140,2022-04-23T12:20:00.000-07:00||2022-04-23T22:09:00.000-04:00,SFO||BOS,ONT||SFO,United||United,UA||UA,Canadair Regional Jet||Boeing 737 MAX 9,5580||21240,351||2698,coach||coach
22562ae12dcf4998d3ec7cea40cf7862,2022-04-16,2022-04-23,LAX,BOS,KH0OASMN,PT9H59M,0,False,False,False,693.02,768.60,1,3445,1650718800||1650735060,2022-04-23T06:00:00.000-07:00||2022-04-23T10:31:00.000-07:00,1650729540||1650754740,2022-04-23T08:59:00.000-07:00||2022-04-23T18:59:00.000-04:00,SEA||BOS,LAX||SEA,Alaska Airlines||Alaska Airlines,AS||AS,Boeing 737-900||Boeing 737-900,10740||19680,956||2489,coach||coach
94a55303a50c7d6a59d6277842e9c947,2022-04-16,2022-04-23,LAX,BOS,KH0OASMN,PT10H35M,1,False,False,False,693.02,768.60,4,3366,1650757500||1650776280,2022-04-23T16:45:00.000-07:00||2022-04-23T21:58:00.000-07:00,1650766200||1650795600,2022-04-23T19:10:00.000-07:00||2022-04-24T06:20:00.000-04:00,PDX||BOS,LAX||PDX,Alaska Airlines||Alaska Airlines,AS||AS,Boeing 737-900||Boeing 737-900,8700||19320,835||2531,coach||coach
f7b4f8e98f3cccc8a402c0091f950fb6,2022-04-16,2022-04-23,LAX,BOS,SAA7AKEN,PT7H50M,0,False,False,False,695.81,771.60,3,2611,1650737700||1650751560,2022-04-23T11:15:00.000-07:00||2022-04-23T16:06:00.000-06:00,1650746100||1650765900,2022-04-23T14:35:00.000-06:00||2022-04-23T22:05:00.000-04:00,DEN||BOS,LAX||DEN,United||United,UA||UA,Boeing 737-900||Boeing 737-900,8400||14340,848||1763,coach||coach
f822347ad897e614b9ca94184bf462d1,2022-04-16,2022-04-23,LAX,BOS,SAA7AKEN,PT9H24M,0,False,False,False,695.81,771.60,2,2611,1650737700||1650757440,2022-04-23T11:15:00.000-07:00||2022-04-23T17:44:00.000-06:00,1650746100||1650771540,2022-04-23T14:35:00.000-06:00||2022-04-23T23:39:00.000-04:00,DEN||BOS,LAX||DEN,United||United,UA||UA,Boeing 737-900||Boeing 737-800,8400||14100,848||1763,coach||coach
9bab8ff7494f149c880691b7b7f3799a,2022-04-16,2022-04-23,LAX,BOS,EH0KUEL1,PT5H33M,1,False,False,True,743.72,814.10,7,2606,1650777300,2022-04-23T22:15:00.000-07:00,1650797280,2022-04-24T06:48:00.000-04:00,BOS,LAX,JetBlue Airways,B6,Airbus A319-321,19980,2606,coach
3a694fde177d27f2b30a98e4f8ca6699,2022-04-16,2022-04-23,LAX,BOS,EH0KUEL1,PT5H39M,0,False,False,True,743.72,814.10,2,2606,1650743700,2022-04-23T12:55:00.000-07:00,1650764040,2022-04-23T21:34:00.000-04:00,BOS,LAX,JetBlue Airways,B6,Airbus A319-321,20340,2606,coach
cd1c5aadd7e2794e7cd12bb532f60683,2022-04-16,2022-04-23,LAX,BOS,MAA0OHEN,PT5H29M,1,False,False,True,757.21,828.60,7,2606,1650780660,2022-04-23T23:11:00.000-07:00,1650800400,2022-04-24T07:40:00.000-04:00,BOS,LAX,United,UA,Boeing 737 MAX 9,19740,2606,coach
276874f575248c47b0d8e64d203d20c9,2022-04-16,2022-04-23,LAX,BOS,YH0KUEY5,PT5H31M,0,False,False,True,792.09,866.10,7,2606,1650717900,2022-04-23T05:45:00.000-07:00,1650737760,2022-04-23T14:16:00.000-04:00,BOS,LAX,American Airlines,AA,Airbus A321,19860,2606,coach
b7da078cd62a65ba71960a432db3f4d2,2022-04-16,2022-04-23,LAX,BOS,YH0KUEY5,PT5H33M,1,False,False,True,792.09,866.10,7,2606,1650777300,2022-04-23T22:15:00.000-07:00,1650797280,2022-04-24T06:48:00.000-04:00,BOS,LAX,American Airlines,AA,Airbus A321,19980,2606,coach
da075390434154ecb7e6f38d3dd236cd,2022-04-16,2022-04-23,LAX,BOS,YH0KUEY5,PT5H39M,0,False,False,True,792.09,866.10,2,2606,1650743700,2022-04-23T12:55:00.000-07:00,1650764040,2022-04-23T21:34:00.000-04:00,BOS,LAX,American Airlines,AA,Airbus A321,20340,2606,coach
b918f80994e6addbf97f0e4382af3044,2022-04-16,2022-04-23,LAX,BOS,Y0N,PT5H32M,0,False,False,True,915.35,998.60,1,2606,1650725100,2022-04-23T07:45:00.000-07:00,1650745020,2022-04-23T16:17:00.000-04:00,BOS,LAX,Delta,DL,Boeing 757-200,19920,2606,coach
359d058d14d03f25b2b6ff9d7bc67356,2022-04-16,2022-04-23,LAX,BOS,R7ATZNJC,PT5H30M,0,False,False,True,1140.47,1240.61,1,2606,1650751200,2022-04-23T15:00:00.000-07:00,1650771000,2022-04-23T23:30:00.000-04:00,BOS,LAX,American Airlines,AA,AIRBUS INDUSTRIE A321 SHARKLETS,19800,2606,business
c28555875aa65e2dca7173040048df81,2022-04-16,2022-04-23,LAX,BOS,R7ATZNJC,PT5H35M,0,False,False,True,1140.47,1240.61,2,2606,1650727800,2022-04-23T08:30:00.000-07:00,1650747900,2022-04-23T17:05:00.000-04:00,BOS,LAX,American Airlines,AA,AIRBUS INDUSTRIE A321 SHARKLETS,20100,2606,business
00c578ba0d1b129e779ce333934fddd2,2022-04-16,2022-04-23,LAX,BOS,YA2AAN,PT5H31M,1,False,False,True,1258.60,1367.60,2,2606,1650778200,2022-04-23T22:30:00.000-07:00,1650798060,2022-04-24T07:01:00.000-04:00,BOS,LAX,JetBlue Airways,B6,AIRBUS INDUSTRIE A321 SHARKLETS,19860,2606,coach
7ddb1ff4cbe48c25bb5a3610c5e633b4,2022-04-16,2022-04-24,BOS,LAX,SAA7PFEN,PT9H8M,0,False,False,False,184.19,221.60,9,2590,1650795780||1650820680,2022-04-24T06:23:00.000-04:00||2022-04-24T11:18:00.000-06:00,1650812400||1650828660,2022-04-24T09:00:00.000-06:00||2022-04-24T12:31:00.000-07:00,DEN||ONT,BOS||DEN,United||United,UA||UA,Airbus A320||Boeing 737-800,16620||7980,1763||827,coach||coach
02b99b54918ed2b2bc96b8180740f089,2022-04-16,2022-04-24,BOS,LAX,WAA7KKEN,PT8H26M,0,False,False,False,238.14,279.60,5,2611,1650795780||1650817200,2022-04-24T06:23:00.000-04:00||2022-04-24T10:20:00.000-06:00,1650812400||1650826140,2022-04-24T09:00:00.000-06:00||2022-04-24T11:49:00.000-07:00,DEN||LAX,BOS||DEN,United||United,UA||UA,Airbus A320||Boeing 757-300,16620||8940,1763||848,coach||coach
0fc3f8a2706deb2e696c53141ad84a63,2022-04-16,2022-04-24,BOS,LAX,WAA7KKEN,PT9H29M,0,False,False,False,238.14,279.60,4,2611,1650795780||1650821100,2022-04-24T06:23:00.000-04:00||2022-04-24T11:25:00.000-06:00,1650812400||1650829920,2022-04-24T09:00:00.000-06:00||2022-04-24T12:52:00.000-07:00,DEN||LAX,BOS||DEN,United||United,UA||UA,Airbus A320||Boeing 737 MAX 9,16620||8820,1763||848,coach||coach
eb297612a50dd785ef447b73f79709ee,2022-04-16,2022-04-24,BOS,LAX,V7AIZNN1,PT10H2M,0,False,False,False,277.21,321.60,1,2771,1650790800||1650815100,2022-04-24T05:00:00.000-04:00||2022-04-24T10:45:00.000-05:00,1650806940||1650826920,2022-04-24T08:29:00.000-05:00||2022-04-24T12:02:00.000-07:00,DFW||ONT,BOS||DFW,American Airlines||American Airlines,AA||AA,Airbus A321||Boeing 737-800,16140||11820,1556||1215,coach||coach
ec70951c384ea040671725aa8ae667bc,2022-04-16,2022-04-24,BOS,LAX,L3AJZNN1,PT8H40M,0,False,False,False,283.72,328.60,1,2794,1650790800||1650809940,2022-04-24T05:00:00.000-04:00||2022-04-24T09:19:00.000-05:00,1650806940||1650822000,2022-04-24T08:29:00.000-05:00||2022-04-24T10:40:00.000-07:00,DFW||LAX,BOS||DFW,American Airlines||American Airlines,AA||AA,Airbus A321||,16140||12060,1556||1238,coach||coach
766d5bee84e74699c1367527a44173b9,2022-04-16,2022-04-24,BOS,LAX,VAA7JFEN,PT8H1M,0,False,False,False,284.65,329.60,1,2590,1650799800||1650820680,2022-04-24T07:30:00.000-04:00||2022-04-24T11:18:00.000-06:00,1650816660||1650828660,2022-04-24T10:11:00.000-06:00||2022-04-24T12:31:00.000-07:00,DEN||ONT,BOS||DEN,United||United,UA||UA,Boeing 737-800||Boeing 737-800,16860||7980,1763||827,coach||coach
7c2ed96efebf9e41a51a8bbd74c4e20e,2022-04-16,2022-04-24,BOS,LAX,KA7OA0MQ,PT6H26M,0,False,False,True,301.40,338.61,1,2606,1650801540,2022-04-24T07:59:00.000-04:00,1650824700,2022-04-24T11:25:00.000-07:00,LAX,BOS,Delta,DL,Boeing 757-200,23160,2606,coach
31c7ae860aa838c50cfcd1013b01ee4c,2022-04-16,2022-04-24,BOS,LAX,KA7OA0MQ,PT8H34M,0,False,False,False,301.40,347.61,1,2607,1650792600||1650805140,2022-04-24T05:30:00.000-04:00||2022-04-24T08:59:00.000-04:00,1650800700||1650823440,2022-04-24T07:45:00.000-04:00||2022-04-24T11:04:00.000-07:00,DTW||LAX,BOS||DTW,Delta||Delta,DL||DL,Airbus A321||Airbus A321,8100||18300,622||1985,coach||coach
c42472f69d20e70af6ae96ece75426da,2022-04-16,2022-04-24,BOS,LAX,KA7OA0MQ,PT10H15M,0,False,False,False,301.40,347.61,5,2656,1650794400||1650817140,2022-04-24T06:00:00.000-04:00||2022-04-24T11:19:00.000-05:00,1650806520||1650831300,2022-04-24T08:22:00.000-05:00||2022-04-24T13:15:00.000-07:00,MSP||LAX,BOS||MSP,Delta||Delta,DL||DL,Airbus A321||Airbus A321,12120||14160,1122||1534,coach||coach
13523e63443e0745b25efeef7acc73c0,2022-04-16,2022-04-24,BOS,LAX,VAA3OHEN,PT6H27M,0,False,False,True,310.70,348.60,2,2606,1650794100,2022-04-24T05:55:00.000-04:00,1650817320,2022-04-24T09:22:00.000-07:00,LAX,BOS,United,UA,Boeing 737 MAX 9,23220,2606,coach
a48d2e9736b9178cf5c1b56f7fb3f825,2022-04-16,2022-04-24,BOS,LAX,BH0AUEL1,PT6H18M,0,False,False,True,325.58,364.60,7,2606,1650794520,2022-04-24T06:02:00.000-04:00,1650817200,2022-04-24T09:20:00.000-07:00,LAX,BOS,JetBlue Airways,B6,Airbus A319-321,22680,2606,coach
75e6886bc2485b6d1445c22c7934bdde,2022-04-16,2022-04-24,BOS,LAX,BH0AUEL1,PT6H28M,0,False,False,True,325.58,364.60,7,2606,1650842340,2022-04-24T19:19:00.000-04:00,1650865620,2022-04-24T22:47:00.000-07:00,LAX,BOS,JetBlue Airways,B6,Airbus A319-321,23280,2606,coach
8231e9e678c0f6b38625baa6aa2b950b,2022-04-16,2022-04-24,BOS,LAX,QA3OA0MQ,PT6H26M,0,False,False,True,338.60,378.60,1,2606,1650842400,2022-04-24T19:20:00.000-04:00,1650865560,2022-04-24T22:46:00.000-07:00,LAX,BOS,Delta,DL,Boeing 757-200,23160,2606,coach
e326c17b45fa427f1f007575bcb70275,2022-04-16,2022-04-24,BOS,LAX,QA7OA0MQ,PT9H10M,0,False,False,False,330.23,378.60,5,2674,1650794700||1650821400,2022-04-24T06:05:00.000-04:00||2022-04-24T11:30:00.000-06:00,1650814500||1650827700,2022-04-24T09:35:00.000-06:00||2022-04-24T12:15:00.000-07:00,SLC||ONT,BOS||SLC,Delta||Delta,DL||DL,Boeing 737-900||Boeing 737-800,19800||6300,2100||574,coach||coach
621975de34f14078fa09cc234b2b514f,2022-04-16,2022-04-24,BOS,LAX,V7CXNR,PT9H47M,0,False,False,False,274.00,381.58,0,,1650834600||1650849600,2022-04-24T17:10:00.000-04:00||2022-04-24T21:20:00.000-04:00,1650846180||1650869820,2022-04-24T20:23:00.000-04:00||2022-04-24T23:57:00.000-07:00,FLL||LAX,BOS||FLL,Spirit Airlines||Spirit Airlines,NK||NK,||,11580||20220,None||None,coach||coach
a839f7a6b4f728818398245de0198fca,2022-04-16,2022-04-24,BOS,LAX,L0AZZNN1,PT8H40M,0,False,False,False,339.53,388.60,1,2771,1650795720||1650815100,2022-04-24T06:22:00.000-04:00||2022-04-24T10:45:00.000-05:00,1650811800||1650826920,2022-04-24T09:50:00.000-05:00||2022-04-24T12:02:00.000-07:00,DFW||ONT,BOS||DFW,American Airlines||American Airlines,AA||AA,Boeing 737-800||Boeing 737-800,16080||11820,1556||1215,coach||coach
4b0db85a106e392fb5c087b25c4af392,2022-04-16,2022-04-24,BOS,LAX,H0AJZNN1,PT6H38M,0,False,False,True,352.56,393.60,7,2606,1650795600,2022-04-24T06:20:00.000-04:00,1650819480,2022-04-24T09:58:00.000-07:00,LAX,BOS,JetBlue Airways,B6,AIRBUS INDUSTRIE A321 SHARKLETS,23880,2606,coach
16327f6d8eea767a3f5b87475caaa14f,2022-04-16,2022-04-24,BOS,LAX,M0AJZNN1,PT6H38M,0,False,False,True,352.56,393.60,7,2606,1650795600,2022-04-24T06:20:00.000-04:00,1650819480,2022-04-24T09:58:00.000-07:00,LAX,BOS,American Airlines,AA,AIRBUS INDUSTRIE A321 SHARKLETS,23880,2606,coach
b2b1f86bd717f90e17f93f6c7dcb5338,2022-04-16,2022-04-24,BOS,LAX,MH0AUEY5,PT11H15M,1,False,False,False,374.88,426.60,2,2643,1650832860||1650850800,2022-04-24T16:41:00.000-04:00||2022-04-24T21:40:00.000-04:00,1650837600||1650873360,2022-04-24T18:00:00.000-04:00||2022-04-25T00:56:00.000-07:00,JFK||LAX,BOS||JFK,American Airlines||American Airlines,AA||AA,Embraer 175||Airbus A321,4740||22560,185||2458,coach||coach
9c808a4554c6603318f11695ddb7bdbe,2022-04-16,2022-04-24,BOS,LAX,HA0NA0MC,PT8H57M,0,False,False,False,384.19,436.60,7,2674,1650836700||1650862740,2022-04-24T17:45:00.000-04:00||2022-04-24T22:59:00.000-06:00,1650856620||1650868920,2022-04-24T21:17:00.000-06:00||2022-04-24T23:42:00.000-07:00,SLC||ONT,BOS||SLC,Delta||Delta,DL||DL,Boeing 737-800||Boeing 737-800,19920||6180,2100||574,coach||coach
47e91ebf1923678f0191380212202ff2,2022-04-16,2022-04-24,BOS,LAX,M0AIZNN1,PT7H47M,0,False,False,False,397.21,450.60,1,2643,1650796320||1650819600,2022-04-24T06:32:00.000-04:00||2022-04-24T10:00:00.000-07:00,1650817500||1650824340,2022-04-24T09:25:00.000-07:00||2022-04-24T11:19:00.000-07:00,PHX||ONT,BOS||PHX,American Airlines||American Airlines,AA||AA,||Airbus A319,21180||4740,2296||347,coach||coach
cc6581c7cf29359a0e71b1a037d3de31,2022-04-16,2022-04-24,BOS,LAX,HA3OA0MQ,PT6H21M,0,False,False,True,413.02,458.60,6,2606,1650810840,2022-04-24T10:34:00.000-04:00,1650833700,2022-04-24T13:55:00.000-07:00,LAX,BOS,Delta,DL,Boeing 757-200,22860,2606,coach
25be435c4e7f0740550a58d3e8831751,2022-04-16,2022-04-24,BOS,LAX,HA3OA0MQ,PT7H41M,0,False,False,False,413.02,467.60,4,2656,1650817620||1650831300,2022-04-24T12:27:00.000-04:00||2022-04-24T15:15:00.000-05:00,1650829440||1650845280,2022-04-24T14:44:00.000-05:00||2022-04-24T17:08:00.000-07:00,MSP||LAX,BOS||MSP,Delta||Delta,DL||DL,Airbus A320||Airbus A321,11820||13980,1122||1534,coach||coach
a1a3991204da48f696efaa383133f9ee,2022-04-16,2022-04-24,BOS,LAX,HA3OA0MQ,PT8H19M,0,False,False,False,413.02,467.60,2,2656,1650825660||1650841320,2022-04-24T14:41:00.000-04:00||2022-04-24T18:02:00.000-05:00,1650837600||1650855600,2022-04-24T17:00:00.000-05:00||2022-04-24T20:00:00.000-07:00,MSP||LAX,BOS||MSP,Delta||Delta,DL||DL,Airbus A321||Boeing 757-200,11940||14280,1122||1534,coach||coach
fd9800874f029e5e37baee7248a3843f,2022-04-16,2022-04-24,BOS,LAX,HAA0OHEN,PT6H23M,0,False,False,True,422.33,468.61,4,2606,1650836640,2022-04-24T17:44:00.000-04:00,1650859620,2022-04-24T21:07:00.000-07:00,LAX,BOS,United,UA,Boeing 737-800,22980,2606,coach
b4326b516c83010875e7849effa1fb44,2022-04-16,2022-04-24,BOS,LAX,K0AJZNN1,PT6H29M,0,False,False,True,422.33,468.61,2,2606,1650843300,2022-04-24T19:35:00.000-04:00,1650866640,2022-04-24T23:04:00.000-07:00,LAX,BOS,JetBlue Airways,B6,AIRBUS INDUSTRIE A321 SHARKLETS,23340,2606,coach
8323fda494091c76b4e72f88f3f2bb0c,2022-04-16,2022-04-24,BOS,LAX,K0AJZNN1,PT6H29M,0,False,False,True,422.33,468.61,2,2606,1650843300,2022-04-24T19:35:00.000-04:00,1650866640,2022-04-24T23:04:00.000-07:00,LAX,BOS,American Airlines,AA,AIRBUS INDUSTRIE A321 SHARKLETS,23340,2606,coach
eb10f4e2c33707d3f4360ff634bfec3a,2022-04-16,2022-04-24,BOS,LAX,G0AJZNN3,PT9H45M,0,False,False,False,420.47,475.61,1,2607,1650805740||1650824700,2022-04-24T09:09:00.000-04:00||2022-04-24T13:25:00.000-05:00,1650816540||1650840840,2022-04-24T11:09:00.000-05:00||2022-04-24T15:54:00.000-07:00,ORD||LAX,BOS||ORD,American Airlines||American Airlines,AA||AA,Boeing 737-800||Boeing 737-800,10800||16140,862||1745,coach||coach
12b3a617dd2602df4acc8d37d3edf45e,2022-04-16,2022-04-24,BOS,LAX,V7AJZNN1,PT14H30M,1,False,False,False,416.74,477.20,7,2930,1650844500||1650884400,2022-04-24T19:55:00.000-04:00||2022-04-25T06:00:00.000-05:00,1650862140||1650896700,2022-04-24T23:49:00.000-05:00||2022-04-25T07:25:00.000-07:00,AUS||LAX,BOS||AUS,American Airlines||American Airlines,AA||AA,Airbus A319||Airbus A319,17640||12300,1694||1236,coach||coach
932596afc0ad3b741ceedd6e85401239,2022-04-16,2022-04-24,BOS,LAX,K0AJZNN1,PT8H44M,0,False,False,False,422.33,477.61,2,2643,1650805440||1650814140,2022-04-24T09:04:00.000-04:00||2022-04-24T11:29:00.000-04:00,1650810600||1650836880,2022-04-24T10:30:00.000-04:00||2022-04-24T14:48:00.000-07:00,JFK||LAX,BOS||JFK,American Airlines||American Airlines,AA||AA,AIRBUS INDUSTRIE A321 SHARKLETS||AIRBUS INDUSTRIE A321 SHARKLETS,5160||22740,185||2458,coach||coach
71ad87c5d50020f9da482f7ec57dc797,2022-04-16,2022-04-24,BOS,LAX,K0AJZNN1,PT8H44M,0,False,False,False,422.33,477.61,2,2643,1650805440||1650814140,2022-04-24T09:04:00.000-04:00||2022-04-24T11:29:00.000-04:00,1650810600||1650836880,2022-04-24T10:30:00.000-04:00||2022-04-24T14:48:00.000-07:00,JFK||LAX,BOS||JFK,JetBlue Airways||JetBlue Airways,B6||B6,AIRBUS INDUSTRIE A321 SHARKLETS||AIRBUS INDUSTRIE A321 SHARKLETS,5160||22740,185||2458,coach||coach
9182a074d9f890c54b0f78db2d9b9497,2022-04-16,2022-04-24,BOS,LAX,K0AJZNN1,PT10H19M,0,False,False,False,422.33,477.61,5,3599,1650827520||1650843300,2022-04-24T15:12:00.000-04:00||2022-04-24T19:35:00.000-04:00,1650840600||1650864660,2022-04-24T18:50:00.000-04:00||2022-04-24T22:31:00.000-07:00,MIA||LAX,BOS||MIA,American Airlines||American Airlines,AA||AA,Boeing 737-800||,13080||21360,1260||2339,coach||coach
ec816b08db58cde853df6ebe6bd5fe9f,2022-04-16,2022-04-24,BOS,LAX,QH7OAVMN,PT15H59M,0,False,False,False,434.42,496.20,2,3366,1650800100||1650849000,2022-04-24T07:35:00.000-04:00||2022-04-24T18:10:00.000-07:00,1650822660||1650857640,2022-04-24T10:51:00.000-07:00||2022-04-24T20:34:00.000-07:00,PDX||LAX,BOS||PDX,Alaska Airlines||Alaska Airlines,AS||AS,Boeing 737-900||Airbus A320,22560||8640,2531||835,coach||coach
b3fbeffc838f511ba1759daa07f32836,2022-04-16,2022-04-24,BOS,LAX,TA7SX0ME,PT12H9M,0,False,False,False,444.65,507.20,4,2656,1650794400||1650823980,2022-04-24T06:00:00.000-04:00||2022-04-24T13:13:00.000-05:00,1650806520||1650838140,2022-04-24T08:22:00.000-05:00||2022-04-24T15:09:00.000-07:00,MSP||LAX,BOS||MSP,Delta||Delta,DL||DL,Airbus A321||Boeing 757,12120||14160,1122||1534,coach||coach
fe59a0566cc539a421a3ec18c6a0b65f,2022-04-16,2022-04-24,BOS,LAX,TA7SX0ME,PT14H8M,0,False,False,False,444.65,507.20,4,2656,1650794400||1650831300,2022-04-24T06:00:00.000-04:00||2022-04-24T15:15:00.000-05:00,1650806520||1650845280,2022-04-24T08:22:00.000-05:00||2022-04-24T17:08:00.000-07:00,MSP||LAX,BOS||MSP,Delta||Delta,DL||DL,Airbus A321||Airbus A321,12120||13980,1122||1534,coach||coach
40e952068de436637711428374bb45c0,2022-04-16,2022-04-24,BOS,LAX,MA3OA0MQ,PT10H44M,0,False,False,False,457.68,515.61,2,2643,1650830400||1650846540,2022-04-24T16:00:00.000-04:00||2022-04-24T20:29:00.000-04:00,1650835440||1650869040,2022-04-24T17:24:00.000-04:00||2022-04-24T23:44:00.000-07:00,EWR||LAX,BOS||EWR,Delta||Alaska Airlines,DL||AS,Canadair Regional Jet 900||Boeing 737-900,5040||22500,185||2458,coach||coach
4a650f59fc0aa4d0aff60250360cb450,2022-04-16,2022-04-24,BOS,LAX,MA3OA0MQ,PT12H34M,0,False,False,False,457.68,521.21,1,2643,1650823800||1650846540,2022-04-24T14:10:00.000-04:00||2022-04-24T20:29:00.000-04:00,1650828900||1650869040,2022-04-24T15:35:00.000-04:00||2022-04-24T23:44:00.000-07:00,EWR||LAX,BOS||EWR,Delta||Alaska Airlines,DL||AS,Embraer 175||Boeing 737-900,5100||22500,185||2458,coach||coach
63460ea19351e92a63e21a9f44f5e25c,2022-04-16,2022-04-24,BOS,LAX,QAA0OHEN,PT14H5M,0,False,False,False,466.98,531.20,4,2643,1650818340||1650846540,2022-04-24T12:39:00.000-04:00||2022-04-24T20:29:00.000-04:00,1650823320||1650869040,2022-04-24T14:02:00.000-04:00||2022-04-24T23:44:00.000-07:00,EWR||LAX,BOS||EWR,United||Alaska Airlines,UA||AS,Airbus A319||Boeing 737-900,4980||22500,185||2458,coach||coach
68de630b9773b0c40214d668390f92b6,2022-04-16,2022-04-24,BOS,LAX,SH3OAVMN,PT15H34M,1,False,False,False,467.91,532.20,1,3366,1650845100||1650892500,2022-04-24T20:05:00.000-04:00||2022-04-25T06:15:00.000-07:00,1650867660||1650901140,2022-04-24T23:21:00.000-07:00||2022-04-25T08:39:00.000-07:00,PDX||LAX,BOS||PDX,Alaska Airlines||Alaska Airlines,AS||AS,Boeing 737-900||Boeing 737 MAX 9,22560||8640,2531||835,coach||coach
f20c8fe9f59b13e04573ff370f16ae20,2022-04-16,2022-04-24,BOS,LAX,QH0KUEL1,PT6H24M,0,False,False,True,483.72,534.60,7,2606,1650833700,2022-04-24T16:55:00.000-04:00,1650856740,2022-04-24T20:19:00.000-07:00,LAX,BOS,JetBlue Airways,B6,Airbus A319-321,23040,2606,coach
a19276c8b406e459ce974d972e8cc310,2022-04-16,2022-04-24,BOS,LAX,HA0OA0MQ,PT8H40M,0,False,False,False,491.16,551.60,2,2701,1650795300||1650805800,2022-04-24T06:15:00.000-04:00||2022-04-24T09:10:00.000-04:00,1650801780||1650826500,2022-04-24T08:03:00.000-04:00||2022-04-24T11:55:00.000-07:00,DCA||LAX,BOS||DCA,Delta||Alaska Airlines,DL||AS,Embraer 175||AIRBUS INDUSTRIE A321 SHARKLETS,6480||20700,406||2295,coach||coach
f39ce565ce2c415401bad66170bb1f50,2022-04-16,2022-04-24,BOS,LAX,QAA0OFEN,PT8H38M,1,False,False,False,491.17,551.61,1,2701,1650843720||1650854100,2022-04-24T19:42:00.000-04:00||2022-04-24T22:35:00.000-04:00,1650849600||1650874800,2022-04-24T21:20:00.000-04:00||2022-04-25T01:20:00.000-07:00,IAD||LAX,BOS||IAD,United||United,UA||UA,Embraer 175 (Enhanced Winglets)||Boeing 737-900,5880||20700,406||2295,coach||coach
640ca176b128b3d7796fbde243b2bf99,2022-04-16,2022-04-24,BOS,LAX,MA3OA0MQ,PT8H50M,0,False,False,False,505.12,566.60,2,2643,1650830400||1650839700,2022-04-24T16:00:00.000-04:00||2022-04-24T18:35:00.000-04:00,1650835440||1650862200,2022-04-24T17:24:00.000-04:00||2022-04-24T21:50:00.000-07:00,EWR||LAX,BOS||EWR,Delta||Alaska Airlines,DL||AS,Canadair Regional Jet 900||Boeing 737-800,5040||22500,185||2458,coach||coach
0bb6147174d4a2105a0db5fa7ed00ea4,2022-04-16,2022-04-24,BOS,LAX,MA3OA0MQ,PT10H40M,0,False,False,False,505.12,566.60,1,2643,1650823800||1650839700,2022-04-24T14:10:00.000-04:00||2022-04-24T18:35:00.000-04:00,1650828900||1650862200,2022-04-24T15:35:00.000-04:00||2022-04-24T21:50:00.000-07:00,EWR||LAX,BOS||EWR,Delta||Alaska Airlines,DL||AS,Embraer 175||Boeing 737-800,5100||22500,185||2458,coach||coach
fc3b96c6a0858677858b6eb77ded12eb,2022-04-16,2022-04-24,BOS,LAX,H0AJZNN1,PT6H35M,0,False,False,True,515.35,568.60,1,2606,1650837600,2022-04-24T18:00:00.000-04:00,1650861300,2022-04-24T21:35:00.000-07:00,LAX,BOS,American Airlines,AA,AIRBUS INDUSTRIE A321 SHARKLETS,23700,2606,coach
f5b89b7df329cd47935247221e1135e3,2022-04-16,2022-04-24,BOS,LAX,E0AJZNN1,PT6H35M,0,False,False,True,515.35,568.60,1,2606,1650837600,2022-04-24T18:00:00.000-04:00,1650861300,2022-04-24T21:35:00.000-07:00,LAX,BOS,JetBlue Airways,B6,AIRBUS INDUSTRIE A321 SHARKLETS,23700,2606,coach
b991d01b0dfc14848f3fb9ceedba2d70,2022-04-16,2022-04-24,BOS,LAX,SH3OAVMN,PT15H10M,1,False,False,False,505.49,572.60,1,3368,1650845100||1650891600,2022-04-24T20:05:00.000-04:00||2022-04-25T06:00:00.000-07:00,1650867660||1650899700,2022-04-24T23:21:00.000-07:00||2022-04-25T08:15:00.000-07:00,PDX||ONT,BOS||PDX,Alaska Airlines||Alaska Airlines,AS||AS,Boeing 737-900||Boeing 737 MAX 9,22560||8100,2531||837,coach||coach
f2db3a6586ccc5b4b959d2b31afc20c8,2022-04-16,2022-04-24,BOS,LAX,MA0OA0MQ,PT6H21M,0,False,False,True,524.65,578.60,4,2606,1650828000,2022-04-24T15:20:00.000-04:00,1650850860,2022-04-24T18:41:00.000-07:00,LAX,BOS,Delta,DL,Boeing 757-200,22860,2606,coach
05f80c2bf0adaf344de84db12a240e1e,2022-04-16,2022-04-24,BOS,LAX,QH7OAVMN,PT11H39M,0,False,False,False,518.51,581.00,5,3368,1650800100||1650834000,2022-04-24T07:35:00.000-04:00||2022-04-24T14:00:00.000-07:00,1650822660||1650842040,2022-04-24T10:51:00.000-07:00||2022-04-24T16:14:00.000-07:00,PDX||ONT,BOS||PDX,Alaska Airlines||Alaska Airlines,AS||AS,Boeing 737-900||Embraer 175,22560||8040,2531||837,coach||coach
e12bcc6914d6344f3c6a07a90a3c5dd4,2022-04-16,2022-04-24,BOS,LAX,QAA0OHEN,PT12H11M,0,False,False,False,514.42,582.20,5,2643,1650818340||1650839700,2022-04-24T12:39:00.000-04:00||2022-04-24T18:35:00.000-04:00,1650823320||1650862200,2022-04-24T14:02:00.000-04:00||2022-04-24T21:50:00.000-07:00,EWR||LAX,BOS||EWR,United||Alaska Airlines,UA||AS,Airbus A319||Boeing 737-800,4980||22500,185||2458,coach||coach
b1f720564edf3ae74311dd64af112581,2022-04-16,2022-04-24,BOS,LAX,HH0KUEY5,PT6H18M,0,False,False,True,532.09,586.60,7,2606,1650794520,2022-04-24T06:02:00.000-04:00,1650817200,2022-04-24T09:20:00.000-07:00,LAX,BOS,American Airlines,AA,Airbus A321,22680,2606,coach
1d53a09e9e7b55b774271a2ef6f0af85,2022-04-16,2022-04-24,BOS,LAX,HH0KUEY5,PT6H24M,0,False,False,True,532.09,586.60,7,2606,1650833700,2022-04-24T16:55:00.000-04:00,1650856740,2022-04-24T20:19:00.000-07:00,LAX,BOS,American Airlines,AA,Airbus A321,23040,2606,coach
a2561289911ba1c553af5b88508fc45e,2022-04-16,2022-04-24,BOS,LAX,HH0KUEY5,PT6H28M,0,False,False,True,532.09,586.60,7,2606,1650842340,2022-04-24T19:19:00.000-04:00,1650865620,2022-04-24T22:47:00.000-07:00,LAX,BOS,American Airlines,AA,Airbus A321,23280,2606,coach
d0ca605124dd14a63cca75705e851f61,2022-04-16,2022-04-24,BOS,LAX,BA0QA0MQ,PT9H14M,0,False,False,False,541.40,605.61,4,2643,1650835800||1650846540,2022-04-24T17:30:00.000-04:00||2022-04-24T20:29:00.000-04:00,1650841380||1650869040,2022-04-24T19:03:00.000-04:00||2022-04-24T23:44:00.000-07:00,EWR||LAX,BOS||EWR,Delta||Alaska Airlines,DL||AS,Embraer 175||Boeing 737-900,5580||22500,185||2458,coach||coach
2248c1b233f5bb295197673b4e7be84a,2022-04-16,2022-04-24,BOS,LAX,HH0KUEL1,PT6H23M,0,False,False,True,556.28,612.60,7,2606,1650810600,2022-04-24T10:30:00.000-04:00,1650833580,2022-04-24T13:53:00.000-07:00,LAX,BOS,JetBlue Airways,B6,Airbus A319-321,22980,2606,coach
c86daccd92938cfb9350785cbad11295,2022-04-16,2022-04-24,BOS,LAX,QAA0OFEN,PT8H30M,0,False,False,False,556.28,621.60,7,2701,1650825900||1650835800,2022-04-24T14:45:00.000-04:00||2022-04-24T17:30:00.000-04:00,1650831900||1650856500,2022-04-24T16:25:00.000-04:00||2022-04-24T20:15:00.000-07:00,IAD||LAX,BOS||IAD,United||Alaska Airlines,UA||AS,Boeing 737-900||Airbus A320,6000||20700,406||2295,coach||coach
74fe22f6d8975aaf5cdcffa1db80ddbf,2022-04-16,2022-04-24,BOS,LAX,QH7OAVMN,PT11H7M,0,False,False,False,564.65,630.60,2,3366,1650800100||1650831600,2022-04-24T07:35:00.000-04:00||2022-04-24T13:20:00.000-07:00,1650822660||1650840120,2022-04-24T10:51:00.000-07:00||2022-04-24T15:42:00.000-07:00,PDX||LAX,BOS||PDX,Alaska Airlines||Alaska Airlines,AS||AS,Boeing 737-900||Airbus A320,22560||8520,2531||835,coach||coach
2f2841b73d12886e8b794285d3e906ef,2022-04-16,2022-04-24,BOS,LAX,QH7OAVMN,PT12H55M,0,False,False,False,564.65,636.20,2,3366,1650800100||1650837900,2022-04-24T07:35:00.000-04:00||2022-04-24T15:05:00.000-07:00,1650822660||1650846600,2022-04-24T10:51:00.000-07:00||2022-04-24T17:30:00.000-07:00,PDX||LAX,BOS||PDX,Alaska Airlines||Alaska Airlines,AS||AS,Boeing 737-900||Embraer 175,22560||8700,2531||835,coach||coach
0ebfd3265d244d1b42a3c096c78d7b4e,2022-04-16,2022-04-24,BOS,LAX,B0AJZNN1,PT6H32M,0,False,False,True,609.30,669.60,7,2606,1650803100,2022-04-24T08:25:00.000-04:00,1650826620,2022-04-24T11:57:00.000-07:00,LAX,BOS,American Airlines,AA,AIRBUS INDUSTRIE A321 SHARKLETS,23520,2606,coach
91d4e51fddc0f1802a0f2b6d84c8690d,2022-04-16,2022-04-24,BOS,LAX,YH0KUEY5,PT6H23M,0,False,False,True,792.09,866.10,7,2606,1650810600,2022-04-24T10:30:00.000-04:00,1650833580,2022-04-24T13:53:00.000-07:00,LAX,BOS,American Airlines,AA,Airbus A321,22980,2606,coach
9c8a7b9a33437c1c7912f1eeac63122e,2022-04-16,2022-04-24,BOS,LAX,YA2AAN,PT6H32M,0,False,False,True,1258.60,1367.60,7,2606,1650803100,2022-04-24T08:25:00.000-04:00,1650826620,2022-04-24T11:57:00.000-07:00,LAX,BOS,JetBlue Airways,B6,AIRBUS INDUSTRIE A321 SHARKLETS,23520,2606,coach
7d5907663a23119cec3fe32accc8d0d6,2022-04-16,2022-04-24,LAX,BOS,B0CXNR,PT12H35M,1,False,False,False,382.00,489.58,0,,1650846600||1650882900,2022-04-24T17:30:00.000-07:00||2022-04-25T06:35:00.000-04:00,1650861960||1650891900,2022-04-25T00:46:00.000-04:00||2022-04-25T09:05:00.000-04:00,ATL||BOS,LAX||ATL,Spirit Airlines||Spirit Airlines,NK||NK,||Airbus A319,15360||9000,None||None,coach||coach
a3f868dbc244b571d6846db2189e605d,2022-04-16,2022-04-24,LAX,BOS,T0DACAY,PT7H33M,1,False,False,False,435.34,491.59,9,2656,1650869940||1650887400,2022-04-24T23:59:00.000-07:00||2022-04-25T06:50:00.000-05:00,1650882720||1650897120,2022-04-25T05:32:00.000-05:00||2022-04-25T10:32:00.000-04:00,MSP||BOS,LAX||MSP,Sun Country Airlines||Sun Country Airlines,SY||SY,Boeing 737-800||Boeing 737-800,12780||9720,1534||1122,coach||coach
97569d5c9c1990fcedd2844d5969a55c,2022-04-16,2022-04-24,LAX,BOS,HAA0OHEN,PT10H17M,1,False,False,False,463.26,526.11,1,2745,1650852420||1650867300||1650885300,2022-04-24T19:07:00.000-07:00||2022-04-25T00:15:00.000-06:00||2022-04-25T07:15:00.000-04:00,1650859680||1650883020||1650889440,2022-04-24T22:08:00.000-06:00||2022-04-25T06:37:00.000-04:00||2022-04-25T08:24:00.000-04:00,SLC||EWR||BOS,LAX||SLC||EWR,United||United||United,UA||UA||UA,Embraer 175 (Enhanced Winglets)||Boeing 737-800||Airbus A320,7260||15720||4140,590||1970||185,coach||coach||coach
aa8571dccbf8944a6cea18d1edac0e07,2022-04-16,2022-04-24,LAX,BOS,QAA0OKEN,PT7H19M,1,False,False,False,533.02,596.60,1,2611,1650851820||1650864000,2022-04-24T18:57:00.000-07:00||2022-04-24T23:20:00.000-06:00,1650860160||1650878160,2022-04-24T22:16:00.000-06:00||2022-04-25T05:16:00.000-04:00,DEN||BOS,LAX||DEN,United||United,UA||UA,Boeing 737-900||Boeing 737-800,8340||14160,848||1763,coach||coach
d2c5460235f794f84bdb5131df79a9f3,2022-04-16,2022-04-24,LAX,BOS,QAA0OKEN,PT9H51M,1,False,False,False,533.02,596.60,1,2611,1650842700||1650864000,2022-04-24T16:25:00.000-07:00||2022-04-24T23:20:00.000-06:00,1650850800||1650878160,2022-04-24T19:40:00.000-06:00||2022-04-25T05:16:00.000-04:00,DEN||BOS,LAX||DEN,United||United,UA||UA,Boeing 737-800||Boeing 737-800,8100||14160,848||1763,coach||coach
1267187632757ca3d1023105233e9b90,2022-04-16,2022-04-24,LAX,BOS,QAA0OKEN,PT12H49M,1,False,False,False,533.02,602.20,1,2590,1650832020||1650864000,2022-04-24T13:27:00.000-07:00||2022-04-24T23:20:00.000-06:00,1650839940||1650878160,2022-04-24T16:39:00.000-06:00||2022-04-25T05:16:00.000-04:00,DEN||BOS,ONT||DEN,United||United,UA||UA,Boeing 737-800||Boeing 737-800,7920||14160,827||1763,coach||coach
938400fafa5b669a074e9adce55c9954,2022-04-16,2022-04-24,LAX,BOS,QAA3AKEN,PT14H21M,1,False,False,False,541.40,611.21,3,2607,1650869940||1650913200,2022-04-24T23:59:00.000-07:00||2022-04-25T14:00:00.000-05:00,1650884580||1650921600,2022-04-25T06:03:00.000-05:00||2022-04-25T17:20:00.000-04:00,ORD||BOS,LAX||ORD,United||United,UA||UA,Boeing 737-800||Boeing 737-900,14640||8400,1745||862,coach||coach
12584fa2e8e0ba070907d32282a152f3,2022-04-16,2022-04-24,LAX,BOS,HH0KUEL1,PT5H33M,1,False,False,True,556.28,612.60,7,2606,1650863700,2022-04-24T22:15:00.000-07:00,1650883680,2022-04-25T06:48:00.000-04:00,BOS,LAX,JetBlue Airways,B6,Airbus A319-321,19980,2606,coach
fcf367613d8064eab9b66fde53e43120,2022-04-16,2022-04-24,LAX,BOS,MH7OAVMN,PT10H4M,1,False,False,False,556.28,621.60,5,3445,1650849900||1650867000,2022-04-24T18:25:00.000-07:00||2022-04-24T23:10:00.000-07:00,1650859500||1650886140,2022-04-24T21:05:00.000-07:00||2022-04-25T07:29:00.000-04:00,SEA||BOS,ONT||SEA,Alaska Airlines||Alaska Airlines,AS||AS,Boeing 737-800||Boeing 737-900,9600||19140,956||2489,coach||coach
11f2b3ebe331383a831b235c1570ffbf,2022-04-16,2022-04-24,LAX,BOS,QA7QA0MQ,PT13H33M,1,False,False,False,574.89,647.21,1,2627,1650864300||1650904920,2022-04-24T22:25:00.000-07:00||2022-04-25T12:42:00.000-04:00,1650878100||1650913080,2022-04-25T05:15:00.000-04:00||2022-04-25T14:58:00.000-04:00,IND||BOS,LAX||IND,Delta||Delta,DL||DL,Airbus A321||Embraer 175,13800||8160,1811||816,coach||coach
c31f9e77cd3131bcd442b4966140d12d,2022-04-16,2022-04-24,LAX,BOS,L0AIZNN1,PT17H17M,1,False,False,False,572.10,648.71,1,2613,1650857400||1650888900||1650911100,2022-04-24T20:30:00.000-07:00||2022-04-25T06:15:00.000-06:00||2022-04-25T13:25:00.000-05:00,1650866220||1650897840||1650919620,2022-04-24T23:57:00.000-06:00||2022-04-25T09:44:00.000-05:00||2022-04-25T16:47:00.000-04:00,DEN||ORD||BOS,LAX||DEN||ORD,American Airlines||American Airlines||American Airlines,AA||AA||AA,Embraer 175||Boeing 737-800||Embraer 175,8820||8940||8520,848||903||862,coach||coach||coach
0512acc533bb0edde0f0a03bc9f84a88,2022-04-16,2022-04-24,LAX,BOS,QAA3AKEN,PT7H31M,1,False,False,False,587.91,655.60,3,2607,1650869940||1650888900,2022-04-24T23:59:00.000-07:00||2022-04-25T07:15:00.000-05:00,1650884580||1650897000,2022-04-25T06:03:00.000-05:00||2022-04-25T10:30:00.000-04:00,ORD||BOS,LAX||ORD,United||United,UA||UA,Boeing 737-800||Boeing 737-800,14640||8100,1745||862,coach||coach
4ebe55215affd7aac78f279ae21c230f,2022-04-16,2022-04-24,LAX,BOS,QAA3AKEN,PT8H31M,1,False,False,False,587.91,655.60,5,2607,1650866340||1650888900,2022-04-24T22:59:00.000-07:00||2022-04-25T07:15:00.000-05:00,1650880320||1650897000,2022-04-25T04:52:00.000-05:00||2022-04-25T10:30:00.000-04:00,ORD||BOS,LAX||ORD,United||United,UA||UA,BOEING 787-9||Boeing 737-800,13980||8100,1745||862,coach||coach
f223de1d00cb0c252b6518af2a146121,2022-04-16,2022-04-24,LAX,BOS,SAA7AKEN,PT12H21M,0,False,False,False,593.48,667.19,1,2611,1650807900||1650838020,2022-04-24T06:45:00.000-07:00||2022-04-24T16:07:00.000-06:00,1650816420||1650852360,2022-04-24T10:07:00.000-06:00||2022-04-24T22:06:00.000-04:00,DEN||BOS,LAX||DEN,United||United,UA||UA,Boeing 737 MAX 9||Boeing 737 MAX 9,8520||14340,848||1763,coach||coach
fa139dae7bedc11398bc9b1c97096bcc,2022-04-16,2022-04-24,LAX,BOS,SAA7AKEN,PT13H54M,0,False,False,False,593.48,667.19,1,2611,1650807900||1650843840,2022-04-24T06:45:00.000-07:00||2022-04-24T17:44:00.000-06:00,1650816420||1650857940,2022-04-24T10:07:00.000-06:00||2022-04-24T23:39:00.000-04:00,DEN||BOS,LAX||DEN,United||United,UA||UA,Boeing 737 MAX 9||Boeing 737-800,8520||14100,848||1763,coach||coach
ff510a3a96503d06618eb685f9d2273b,2022-04-16,2022-04-24,LAX,BOS,SAA7AKEN,PT14H6M,0,False,False,False,593.48,667.19,1,2611,1650801600||1650838020,2022-04-24T05:00:00.000-07:00||2022-04-24T16:07:00.000-06:00,1650810180||1650852360,2022-04-24T08:23:00.000-06:00||2022-04-24T22:06:00.000-04:00,DEN||BOS,LAX||DEN,United||United,UA||UA,Boeing 757-300||Boeing 737 MAX 9,8580||14340,848||1763,coach||coach
30c0072dddbcb128018e77160633060e,2022-04-16,2022-04-24,LAX,BOS,QA0OX0MC,PT13H50M,1,False,False,False,593.49,667.20,3,2690,1650833100||1650866340,2022-04-24T13:45:00.000-07:00||2022-04-24T23:59:00.000-06:00,1650839700||1650882900,2022-04-24T16:35:00.000-06:00||2022-04-25T06:35:00.000-04:00,SLC||BOS,LAX||SLC,Delta||Delta,DL||DL,Boeing 737-900||Boeing 737-900,6600||16560,590||2100,coach||coach
d426de10c0186e154a0e7ac5243a58f1,2022-04-16,2022-04-24,LAX,BOS,LH7OAVMN,PT14H57M,0,False,False,False,593.49,667.20,3,3445,1650805200||1650839700,2022-04-24T06:00:00.000-07:00||2022-04-24T15:35:00.000-07:00,1650815220||1650859020,2022-04-24T08:47:00.000-07:00||2022-04-24T23:57:00.000-04:00,SEA||BOS,ONT||SEA,Alaska Airlines||Alaska Airlines,AS||AS,Airbus A320||Boeing 737-900,10020||19320,956||2489,coach||coach
052355531716bf2cd30f84c276102625,2022-04-16,2022-04-24,LAX,BOS,KA7NA0MC,PT16H5M,1,False,False,False,593.49,667.20,2,3445,1650823200||1650862260,2022-04-24T11:00:00.000-07:00||2022-04-24T21:51:00.000-07:00,1650833520||1650881100,2022-04-24T13:52:00.000-07:00||2022-04-25T06:05:00.000-04:00,SEA||BOS,LAX||SEA,Delta||Delta,DL||DL,Boeing 737-900||Boeing 737-900,10320||18840,956||2489,coach||coach
95cd97f9d92c32cdd01705554872df1c,2022-04-16,2022-04-24,LAX,BOS,B0AJZNN1,PT8H1M,1,False,False,False,609.30,677.10,7,2849,1650866400||1650887760,2022-04-24T23:00:00.000-07:00||2022-04-25T07:56:00.000-04:00,1650883080||1650895260,2022-04-25T06:38:00.000-04:00||2022-04-25T10:01:00.000-04:00,CLT||BOS,LAX||CLT,American Airlines||American Airlines,AA||AA,Airbus A321||Airbus A321,16680||7500,2121||728,coach||coach
97c269832d99131d9702536deafd0acb,2022-04-16,2022-04-24,LAX,BOS,LA7QA0MQ,PT14H52M,0,False,False,False,602.80,677.21,1,3445,1650805200||1650839700,2022-04-24T06:00:00.000-07:00||2022-04-24T15:35:00.000-07:00,1650815460||1650858720,2022-04-24T08:51:00.000-07:00||2022-04-24T23:52:00.000-04:00,SEA||BOS,ONT||SEA,Delta||Delta,DL||DL,Embraer 175 (Enhanced Winglets)||Boeing 737-900,10260||19020,956||2489,coach||coach
8cec77b02579a6bb128dd66008138b8e,2022-04-16,2022-04-24,LAX,BOS,EAA0OHEN,PT5H29M,1,False,False,True,617.67,678.60,8,2606,1650865860,2022-04-24T22:51:00.000-07:00,1650885600,2022-04-25T07:20:00.000-04:00,BOS,LAX,United,UA,Boeing 737 MAX 9,19740,2606,coach
43b0756ad85193bac30993d9305d8dd7,2022-04-16,2022-04-24,LAX,BOS,BA0OA0MQ,PT5H30M,1,False,False,True,617.67,678.60,4,2606,1650861300,2022-04-24T21:35:00.000-07:00,1650881100,2022-04-25T06:05:00.000-04:00,BOS,LAX,Delta,DL,Boeing 757-200,19800,2606,coach
56de53ed262de393c31b9fb0e9df6bdc,2022-04-16,2022-04-24,LAX,BOS,B0AJZNN1,PT7H49M,1,False,False,False,609.30,678.60,7,2607,1650869700||1650889500,2022-04-24T23:55:00.000-07:00||2022-04-25T07:25:00.000-05:00,1650883620||1650897840,2022-04-25T05:47:00.000-05:00||2022-04-25T10:44:00.000-04:00,ORD||BOS,LAX||ORD,American Airlines||American Airlines,AA||AA,Boeing 737-800||Embraer 175,13920||8340,1745||862,coach||coach
aade9699aeb490122a5235ceced1b510,2022-04-16,2022-04-24,LAX,BOS,B0AJZNN1,PT9H21M,1,False,False,False,609.30,678.60,7,2677,1650863100||1650890700,2022-04-24T22:05:00.000-07:00||2022-04-25T08:45:00.000-04:00,1650881580||1650896760,2022-04-25T06:13:00.000-04:00||2022-04-25T10:26:00.000-04:00,PHL||BOS,LAX||PHL,American Airlines||American Airlines,AA||AA,||Airbus A319,18480||6060,2397||280,coach||coach
0c4909f8821808b7d9568b3f9531a1f0,2022-04-16,2022-04-24,LAX,BOS,B0AJZNN1,PT10H,1,False,False,False,609.30,678.60,7,2677,1650863100||1650894000,2022-04-24T22:05:00.000-07:00||2022-04-25T09:40:00.000-04:00,1650881580||1650899100,2022-04-25T06:13:00.000-04:00||2022-04-25T11:05:00.000-04:00,PHL||BOS,LAX||PHL,American Airlines||American Airlines,AA||AA,||,18480||5100,2397||280,coach||coach
1b248302e728d5e87f85d62fa3132c04,2022-04-16,2022-04-24,LAX,BOS,BA0OA0MQ,PT7H32M,0,False,False,False,617.67,687.60,2,2656,1650806700||1650823500,2022-04-24T06:25:00.000-07:00||2022-04-24T13:05:00.000-05:00,1650819480||1650833820,2022-04-24T11:58:00.000-05:00||2022-04-24T16:57:00.000-04:00,MSP||BOS,LAX||MSP,Delta||Delta,DL||DL,Boeing 757||Airbus A321,12780||10320,1534||1122,coach||coach
5f526aca542c2339bf81d45732ad6f9d,2022-04-16,2022-04-24,LAX,BOS,BA0OA0MQ,PT7H34M,1,False,False,False,617.67,687.60,4,2690,1650833100||1650843960,2022-04-24T13:45:00.000-07:00||2022-04-24T17:46:00.000-06:00,1650839700||1650860340,2022-04-24T16:35:00.000-06:00||2022-04-25T00:19:00.000-04:00,SLC||BOS,LAX||SLC,Delta||Delta,DL||DL,Boeing 737-900||Boeing 737-900,6600||16380,590||2100,coach||coach
5297127e29329df0d5a93f2764510bce,2022-04-16,2022-04-24,LAX,BOS,BA0OA0MQ,PT8H2M,0,False,False,False,617.67,687.60,2,2656,1650813600||1650832380,2022-04-24T08:20:00.000-07:00||2022-04-24T15:33:00.000-05:00,1650826620||1650842520,2022-04-24T13:57:00.000-05:00||2022-04-24T19:22:00.000-04:00,MSP||BOS,LAX||MSP,Delta||Delta,DL||DL,Airbus A321||Airbus A321,13020||10140,1534||1122,coach||coach
92d2936a40ad05e0b2ce7bef52351b3b,2022-04-16,2022-04-24,LAX,BOS,BA0OA0MQ,PT9H57M,0,False,False,False,617.67,687.60,4,2656,1650806700||1650832380,2022-04-24T06:25:00.000-07:00||2022-04-24T15:33:00.000-05:00,1650819480||1650842520,2022-04-24T11:58:00.000-05:00||2022-04-24T19:22:00.000-04:00,MSP||BOS,LAX||MSP,Delta||Delta,DL||DL,Boeing 757||Airbus A321,12780||10140,1534||1122,coach||coach
ce6a570a39d4f4b894507f1a6fa821b5,2022-04-16,2022-04-24,LAX,BOS,BA0OA0MQ,PT10H9M,1,False,False,False,617.67,687.60,4,2690,1650823800||1650843960,2022-04-24T11:10:00.000-07:00||2022-04-24T17:46:00.000-06:00,1650830520||1650860340,2022-04-24T14:02:00.000-06:00||2022-04-25T00:19:00.000-04:00,SLC||BOS,LAX||SLC,Delta||Delta,DL||DL,Boeing 737-900||Boeing 737-900,6720||16380,590||2100,coach||coach
858a9b9ae3a25887a865856b7c33b16c,2022-04-16,2022-04-24,LAX,BOS,BA0OA0MQ,PT11H2M,0,False,False,False,617.67,687.60,1,3445,1650819000||1650839700,2022-04-24T09:50:00.000-07:00||2022-04-24T15:35:00.000-07:00,1650829320||1650858720,2022-04-24T12:42:00.000-07:00||2022-04-24T23:52:00.000-04:00,SEA||BOS,LAX||SEA,Delta||Delta,DL||DL,Boeing 737-800||Boeing 737-900,10320||19020,956||2489,coach||coach
db7aa02d1399f83d23b58861d1e2727a,2022-04-16,2022-04-24,LAX,BOS,LA7QX0MQ,PT12H24M,0,False,False,False,630.70,707.20,2,2656,1650813600||1650848280,2022-04-24T08:20:00.000-07:00||2022-04-24T19:58:00.000-05:00,1650826620||1650858240,2022-04-24T13:57:00.000-05:00||2022-04-24T23:44:00.000-04:00,MSP||BOS,LAX||MSP,Delta||Delta,DL||DL,Airbus A321||Boeing 737-900,13020||9960,1534||1122,coach||coach
b661c5a35ca8a2c6eb817cefba717566,2022-04-16,2022-04-24,LAX,BOS,LA7QX0MQ,PT14H19M,0,False,False,False,630.70,707.20,2,2656,1650806700||1650848280,2022-04-24T06:25:00.000-07:00||2022-04-24T19:58:00.000-05:00,1650819480||1650858240,2022-04-24T11:58:00.000-05:00||2022-04-24T23:44:00.000-04:00,MSP||BOS,LAX||MSP,Delta||Delta,DL||DL,Boeing 757||Boeing 737-900,12780||9960,1534||1122,coach||coach
a7baf7a7c1513061726abae98711b873,2022-04-16,2022-04-24,LAX,BOS,WAA7OKEN,PT10H11M,0,False,False,False,649.30,721.60,1,2611,1650815700||1650838020,2022-04-24T08:55:00.000-07:00||2022-04-24T16:07:00.000-06:00,1650824100||1650852360,2022-04-24T12:15:00.000-06:00||2022-04-24T22:06:00.000-04:00,DEN||BOS,LAX||DEN,United||United,UA||UA,Boeing 737-900||Boeing 737 MAX 9,8400||14340,848||1763,coach||coach
657b6a68e3504ff3102375bc71c21d99,2022-04-16,2022-04-24,LAX,BOS,WAA7OKEN,PT11H44M,0,False,False,False,649.30,727.20,1,2611,1650815700||1650843840,2022-04-24T08:55:00.000-07:00||2022-04-24T17:44:00.000-06:00,1650824100||1650857940,2022-04-24T12:15:00.000-06:00||2022-04-24T23:39:00.000-04:00,DEN||BOS,LAX||DEN,United||United,UA||UA,Boeing 737-900||Boeing 737-800,8400||14100,848||1763,coach||coach
3101f21e7fe6006c8303bdc13cfe40f5,2022-04-16,2022-04-24,LAX,BOS,MH7OAVMN,PT14H57M,0,False,False,False,649.30,727.20,3,3445,1650805200||1650839700,2022-04-24T06:00:00.000-07:00||2022-04-24T15:35:00.000-07:00,1650815940||1650859020,2022-04-24T08:59:00.000-07:00||2022-04-24T23:57:00.000-04:00,SEA||BOS,LAX||SEA,Alaska Airlines||Alaska Airlines,AS||AS,Boeing 737-900||Boeing 737-900,10740||19320,956||2489,coach||coach
9cc8c8163f38abac760a30777e51a080,2022-04-16,2022-04-24,LAX,BOS,HA7OA0MQ,PT7H38M,1,False,False,False,667.91,741.60,2,2627,1650864300||1650883500,2022-04-24T22:25:00.000-07:00||2022-04-25T06:45:00.000-04:00,1650878100||1650891780,2022-04-25T05:15:00.000-04:00||2022-04-25T09:03:00.000-04:00,IND||BOS,LAX||IND,Delta||Delta,DL||DL,Airbus A321||Embraer 175,13800||8280,1811||816,coach||coach
498bc2d7d90ff1d70a1854688b74cdfb,2022-04-16,2022-04-24,LAX,BOS,QH0JUEL1,PT14H48M,1,False,False,False,662.70,741.60,7,2621,1650867420||1650915300,2022-04-24T23:17:00.000-07:00||2022-04-25T15:35:00.000-04:00,1650886800||1650920700,2022-04-25T07:40:00.000-04:00||2022-04-25T17:05:00.000-04:00,JFK||BOS,ONT||JFK,JetBlue Airways||JetBlue Airways,B6||B6,Airbus A321||,19380||5400,2436||185,coach||coach
9c5d372e0079ebc186db734b0c83b154,2022-04-16,2022-04-24,LAX,BOS,QA7QA0MQ,PT9H5M,1,False,False,False,668.84,747.10,6,2842,1650864300||1650881700||1650888900,2022-04-24T22:25:00.000-07:00||2022-04-25T06:15:00.000-04:00||2022-04-25T07:15:00.000-05:00,1650878100||1650886200||1650897000,2022-04-25T05:15:00.000-04:00||2022-04-25T06:30:00.000-05:00||2022-04-25T10:30:00.000-04:00,IND||ORD||BOS,LAX||IND||ORD,Delta||United||United,DL||UA||UA,Airbus A321||Embraer 170||Boeing 737-800,13800||4500||8100,1811||169||862,coach||coach||coach
d2121449ad77702303185fb93b448ea4,2022-04-16,2022-04-24,LAX,BOS,HH7OASMN,PT10H40M,1,False,False,False,686.51,761.60,7,3366,1650843600||1650862680,2022-04-24T16:40:00.000-07:00||2022-04-24T21:58:00.000-07:00,1650852300||1650882000,2022-04-24T19:05:00.000-07:00||2022-04-25T06:20:00.000-04:00,PDX||BOS,LAX||PDX,Alaska Airlines||Alaska Airlines,AS||AS,Boeing 737-800||Boeing 737-800,8700||19320,835||2531,coach||coach
ff0c077b04ad0f75d2c8c30172bc7d29,2022-04-16,2022-04-24,LAX,BOS,M3AIZNN1,PT7H48M,0,False,False,False,689.31,764.61,1,2634,1650813900||1650831900,2022-04-24T08:25:00.000-07:00||2022-04-24T15:25:00.000-05:00,1650826860||1650841980,2022-04-24T14:01:00.000-05:00||2022-04-24T19:13:00.000-04:00,STL||BOS,LAX||STL,American Airlines||American Airlines,AA||AA,Airbus A319||Airbus A319,12960||10080,1589||1045,coach||coach
028dcab708545dab2bd46700e19af0f0,2022-04-16,2022-04-24,LAX,BOS,L7AKZRN1,PT10H,0,False,False,False,708.84,785.60,2,2794,1650822660||1650845400,2022-04-24T10:51:00.000-07:00||2022-04-24T19:10:00.000-05:00,1650833700||1650858660,2022-04-24T15:55:00.000-05:00||2022-04-24T23:51:00.000-04:00,DFW||BOS,LAX||DFW,American Airlines||American Airlines,AA||AA,Airbus A321||Boeing 737-800,11040||13260,1238||1556,coach||coach
262aa0142c5f191320ec9bc980cb4e2b,2022-04-16,2022-04-24,LAX,BOS,QAA0OKEN,PT7H12M,0,False,False,False,714.41,791.59,4,2590,1650832020||1650843840,2022-04-24T13:27:00.000-07:00||2022-04-24T17:44:00.000-06:00,1650839940||1650857940,2022-04-24T16:39:00.000-06:00||2022-04-24T23:39:00.000-04:00,DEN||BOS,ONT||DEN,United||United,UA||UA,Boeing 737-800||Boeing 737-800,7920||14100,827||1763,coach||coach
e7f40741c8d4c8780aabfce76e5cf351,2022-04-16,2022-04-24,LAX,BOS,QAA0OKEN,PT7H52M,0,False,False,False,714.41,791.59,1,2611,1650824040||1650838020,2022-04-24T11:14:00.000-07:00||2022-04-24T16:07:00.000-06:00,1650832440||1650852360,2022-04-24T14:34:00.000-06:00||2022-04-24T22:06:00.000-04:00,DEN||BOS,LAX||DEN,United||United,UA||UA,Boeing 737 MAX 9||Boeing 737 MAX 9,8400||14340,848||1763,coach||coach
4754e49d458bc24af305e7f98e62b6bc,2022-04-16,2022-04-24,LAX,BOS,QAA0OKEN,PT9H25M,0,False,False,False,714.41,791.59,4,2611,1650824040||1650843840,2022-04-24T11:14:00.000-07:00||2022-04-24T17:44:00.000-06:00,1650832440||1650857940,2022-04-24T14:34:00.000-06:00||2022-04-24T23:39:00.000-04:00,DEN||BOS,LAX||DEN,United||United,UA||UA,Boeing 737 MAX 9||Boeing 737-800,8400||14100,848||1763,coach||coach
9fe9d60f1a19f78e532b81154fed07f2,2022-04-16,2022-04-24,LAX,BOS,QA7QA0MQ,PT10H48M,1,False,False,False,714.42,797.20,1,2607,1650862800||1650895200,2022-04-24T22:00:00.000-07:00||2022-04-25T10:00:00.000-04:00,1650878220||1650901680,2022-04-25T05:17:00.000-04:00||2022-04-25T11:48:00.000-04:00,DTW||BOS,LAX||DTW,Delta||Delta,DL||DL,Airbus A321||Airbus A319,15420||6480,1985||622,coach||coach
5719cd937065906d634b432863dad393,2022-04-16,2022-04-24,LAX,BOS,BH0OASMN,PT8H56M,1,False,False,False,728.37,806.60,5,2643,1650864900||1650891600,2022-04-24T22:35:00.000-07:00||2022-04-25T09:00:00.000-04:00,1650884400||1650897060,2022-04-25T07:00:00.000-04:00||2022-04-25T10:31:00.000-04:00,EWR||BOS,LAX||EWR,Alaska Airlines||Delta,AS||DL,Boeing 737-800||Canadair Regional Jet 900,19500||5460,2458||185,coach||coach
327f3ee8a11ef6bacb0ee0fdb375368f,2022-04-16,2022-04-24,LAX,BOS,MA7OA0MC,PT9H27M,1,False,False,False,733.02,811.60,4,3037,1650847200||1650860700,2022-04-24T17:40:00.000-07:00||2022-04-24T21:25:00.000-07:00,1650851640||1650881220,2022-04-24T18:54:00.000-07:00||2022-04-25T06:07:00.000-04:00,SFO||BOS,LAX||SFO,Delta||Alaska Airlines,DL||AS,Embraer 175 (Enhanced Winglets)||Boeing 737-900,4440||20520,339||2698,coach||coach
955e9e689f0f64a701a33d3dcfbfbf40,2022-04-16,2022-04-24,LAX,BOS,EH0KUEL1,PT5H31M,0,False,False,True,743.72,814.10,7,2606,1650804300,2022-04-24T05:45:00.000-07:00,1650824160,2022-04-24T14:16:00.000-04:00,BOS,LAX,JetBlue Airways,B6,Airbus A319-321,19860,2606,coach
16daac354eb037e7f9a4d8a9c24b2516,2022-04-16,2022-04-24,LAX,BOS,EH0KUEL1,PT5H36M,0,False,False,True,743.72,814.10,5,2606,1650837900,2022-04-24T15:05:00.000-07:00,1650858060,2022-04-24T23:41:00.000-04:00,BOS,LAX,JetBlue Airways,B6,Airbus A319-321,20160,2606,coach
5df26741db304f598829c581bdf10060,2022-04-16,2022-04-24,LAX,BOS,L7AIZNN1,PT7H54M,0,False,False,False,737.67,816.60,2,2771,1650830220||1650845400,2022-04-24T12:57:00.000-07:00||2022-04-24T19:10:00.000-05:00,1650840600||1650858660,2022-04-24T17:50:00.000-05:00||2022-04-24T23:51:00.000-04:00,DFW||BOS,ONT||DFW,American Airlines||American Airlines,AA||AA,Boeing 737-800||Boeing 737-800,10380||13260,1215||1556,coach||coach
803a22a96f26cdb2394bdbb096317bfb,2022-04-16,2022-04-24,LAX,BOS,YH0OASMR,PT9H2M,1,False,False,False,770.60,852.00,1,3037,1650848700||1650860700,2022-04-24T18:05:00.000-07:00||2022-04-24T21:25:00.000-07:00,1650853800||1650881220,2022-04-24T19:30:00.000-07:00||2022-04-25T06:07:00.000-04:00,SFO||BOS,LAX||SFO,Alaska Airlines||Alaska Airlines,AS||AS,Airbus A320||Boeing 737-900,5100||20520,339||2698,coach||coach
8d31a4145b8c32785d86d8f9d6cea626,2022-04-16,2022-04-24,LAX,BOS,YH0KUEY5,PT5H31M,0,False,False,True,792.09,866.10,7,2606,1650804300,2022-04-24T05:45:00.000-07:00,1650824160,2022-04-24T14:16:00.000-04:00,BOS,LAX,American Airlines,AA,Airbus A321,19860,2606,coach
b7c2249056f6b6039c5557f43a25e288,2022-04-16,2022-04-24,LAX,BOS,YH0KUEY5,PT5H33M,1,False,False,True,792.09,866.10,7,2606,1650863700,2022-04-24T22:15:00.000-07:00,1650883680,2022-04-25T06:48:00.000-04:00,BOS,LAX,American Airlines,AA,Airbus A321,19980,2606,coach
84b2bb8b8b33661072a9a363690738e3,2022-04-16,2022-04-24,LAX,BOS,YH0KUEY5,PT5H36M,0,False,False,True,792.09,866.10,5,2606,1650837900,2022-04-24T15:05:00.000-07:00,1650858060,2022-04-24T23:41:00.000-04:00,BOS,LAX,American Airlines,AA,Airbus A321,20160,2606,coach
12c82cfe42a7ae147d5da1f897fdc3d0,2022-04-16,2022-04-24,LAX,BOS,I7ATZNJC,PT5H35M,0,False,False,True,831.63,908.60,1,2606,1650814200,2022-04-24T08:30:00.000-07:00,1650834300,2022-04-24T17:05:00.000-04:00,BOS,LAX,American Airlines,AA,AIRBUS INDUSTRIE A321 SHARKLETS,20100,2606,business
ce7889d4f753e91b685d6c2412f54235,2022-04-16,2022-04-24,LAX,BOS,LH7OAVMN,PT9H20M,0,False,False,False,835.35,921.60,7,3366,1650805200||1650819300,2022-04-24T06:00:00.000-07:00||2022-04-24T09:55:00.000-07:00,1650814200||1650838800,2022-04-24T08:30:00.000-07:00||2022-04-24T18:20:00.000-04:00,PDX||BOS,LAX||PDX,Alaska Airlines||Alaska Airlines,AS||AS,Boeing 737-900||Boeing 737-900,9000||19500,835||2531,coach||coach
bd46b71da231a3e170ea639dc517a083,2022-04-16,2022-04-24,LAX,BOS,Y0N,PT5H30M,0,False,False,True,915.35,998.60,4,2606,1650837900,2022-04-24T15:05:00.000-07:00,1650857700,2022-04-24T23:35:00.000-04:00,BOS,LAX,Delta,DL,Boeing 757-200,19800,2606,coach
6b5be516c7374c283a8b93ddcb65efb6,2022-04-16,2022-04-24,LAX,BOS,Y0N,PT5H32M,0,False,False,True,915.35,998.60,1,2606,1650811500,2022-04-24T07:45:00.000-07:00,1650831420,2022-04-24T16:17:00.000-04:00,BOS,LAX,Delta,DL,Boeing 757-200,19920,2606,coach
a9344599458b628ebfbfe969f70a71bd,2022-04-16,2022-04-24,LAX,BOS,Y0N,PT5H38M,0,False,False,True,915.35,998.60,1,2606,1650829200,2022-04-24T12:40:00.000-07:00,1650849480,2022-04-24T21:18:00.000-04:00,BOS,LAX,Delta,DL,Boeing 757-200,20280,2606,coach
887ea6ca4f76230d567021ceacaa7afb,2022-04-16,2022-04-24,LAX,BOS,BAA0AFEM,PT5H29M,0,False,False,True,961.86,1048.60,7,2606,1650813300,2022-04-24T08:15:00.000-07:00,1650833040,2022-04-24T16:44:00.000-04:00,BOS,LAX,United,UA,Boeing 737-800,19740,2606,premium coach
480641c6446cec801d90c2e868a9f9e8,2022-04-16,2022-04-24,LAX,BOS,YH0OASMR,PT7H54M,0,False,False,False,1086.89,1192.01,3,2643,1650820500||1650844080,2022-04-24T10:15:00.000-07:00||2022-04-24T19:48:00.000-04:00,1650840000||1650848940,2022-04-24T18:40:00.000-04:00||2022-04-24T21:09:00.000-04:00,EWR||BOS,LAX||EWR,Alaska Airlines||Delta,AS||DL,Boeing 737 MAX 9||Embraer 175,19500||4860,2458||185,coach||coach
09754e63c52b47af1a2cf6e936fa4abc,2022-04-16,2022-04-24,LAX,BOS,YA2AAN,PT5H35M,0,False,False,True,1258.60,1367.60,3,2606,1650814200,2022-04-24T08:30:00.000-07:00,1650834300,2022-04-24T17:05:00.000-04:00,BOS,LAX,JetBlue Airways,B6,AIRBUS INDUSTRIE A321 SHARKLETS,20100,2606,coach
d646c3a8aa76ea35b3d3db03d2f13ed9,2022-04-16,2022-04-24,LAX,BOS,YA2AAN,PT5H30M,0,False,False,True,1263.26,1372.61,4,2606,1650837600,2022-04-24T15:00:00.000-07:00,1650857400,2022-04-24T23:30:00.000-04:00,BOS,LAX,American Airlines,AA,AIRBUS INDUSTRIE A321 SHARKLETS,19800,2606,coach
917d58ba728f1be0b57ed52a277a59d6,2022-04-16,2022-04-24,LAX,BOS,YA2AAN,PT5H30M,0,False,False,True,1263.26,1372.61,2,2606,1650820500,2022-04-24T10:15:00.000-07:00,1650840300,2022-04-24T18:45:00.000-04:00,BOS,LAX,American Airlines,AA,AIRBUS INDUSTRIE A321 SHARKLETS,19800,2606,coach
a0b353d024e851369ef36356665d94cb,2022-04-16,2022-04-24,LAX,BOS,A7ATZNFC,PT5H31M,1,False,False,True,1841.86,1994.60,4,2606,1650864600,2022-04-24T22:30:00.000-07:00,1650884460,2022-04-25T07:01:00.000-04:00,BOS,LAX,American Airlines,AA,AIRBUS INDUSTRIE A321 SHARKLETS,19860,2606,first
dd34ca2ed23049909195aa80949ca780,2022-04-16,2022-04-24,LAX,BOS,L0AHZNN1,PT13H50M,0,False,False,False,2068.84,2253.20,7,3445,1650809220||1650839700,2022-04-24T07:07:00.000-07:00||2022-04-24T15:35:00.000-07:00,1650820140||1650859020,2022-04-24T10:09:00.000-07:00||2022-04-24T23:57:00.000-04:00,SEA||BOS,LAX||SEA,American Airlines||American Airlines,AA||AA,Embraer 175||Boeing 737,10920||19320,956||2489,coach||first
cc564f4624e00748da937c2768183c2d,2022-04-16,2022-04-25,BOS,LAX,GA3NR,PT9H47M,0,False,False,False,124.20,193.78,0,,1650921000||1650936000,2022-04-25T17:10:00.000-04:00||2022-04-25T21:20:00.000-04:00,1650932580||1650956220,2022-04-25T20:23:00.000-04:00||2022-04-25T23:57:00.000-07:00,FLL||LAX,BOS||FLL,Spirit Airlines||Spirit Airlines,NK||NK,||,11580||20220,None||None,coach||coach
ecac91b6e6494af8fa71ba77166a58d7,2022-04-16,2022-04-25,BOS,LAX,XA7NA0BC,PT14H56M,1,True,False,False,170.23,212.20,9,2643,1650905460||1650936420,2022-04-25T12:51:00.000-04:00||2022-04-25T21:27:00.000-04:00,1650910860||1650959220,2022-04-25T14:21:00.000-04:00||2022-04-26T00:47:00.000-07:00,JFK||LAX,BOS||JFK,Delta||Delta,DL||DL,Embraer 175||,5400||22800,185||2458,coach||coach
ddd7f9d5e553eb63efb4e49a2de5250c,2022-04-16,2022-04-25,BOS,LAX,TA7NA0BC,PT9H10M,0,True,False,False,184.19,221.60,9,2674,1650881100||1650907800,2022-04-25T06:05:00.000-04:00||2022-04-25T11:30:00.000-06:00,1650900900||1650914100,2022-04-25T09:35:00.000-06:00||2022-04-25T12:15:00.000-07:00,SLC||ONT,BOS||SLC,Delta||Delta,DL||DL,Boeing 737-900||Boeing 737-800,19800||6300,2100||574,coach||coach
6e0b90db49b0de7d39fa9bf9df8c2dca,2022-04-16,2022-04-25,BOS,LAX,MC7ABEL1,PT6H18M,0,False,False,True,198.14,227.60,7,2606,1650880920,2022-04-25T06:02:00.000-04:00,1650903600,2022-04-25T09:20:00.000-07:00,LAX,BOS,JetBlue Airways,B6,Airbus A319-321,22680,2606,coach
026e1afd5a34818bc055936d775c4dd8,2022-04-16,2022-04-25,BOS,LAX,SAA7PFEN,PT6H23M,0,False,False,True,198.14,227.60,7,2606,1650923040,2022-04-25T17:44:00.000-04:00,1650946020,2022-04-25T21:07:00.000-07:00,LAX,BOS,United,UA,Boeing 737-900,22980,2606,coach
bb18390060acc2e80b2235bda6cd1338,2022-04-16,2022-04-25,BOS,LAX,MC7ABEL1,PT6H25M,0,False,False,True,198.14,227.60,7,2606,1650920400,2022-04-25T17:00:00.000-04:00,1650943500,2022-04-25T20:25:00.000-07:00,LAX,BOS,JetBlue Airways,B6,Airbus A319-321,23100,2606,coach
4f016c2488bdbacf402bae902a82448e,2022-04-16,2022-04-25,BOS,LAX,UA7NA0BQ,PT6H26M,0,True,False,True,198.14,227.60,9,2606,1650929700,2022-04-25T19:35:00.000-04:00,1650952860,2022-04-25T23:01:00.000-07:00,LAX,BOS,Delta,DL,Boeing 757-200,23160,2606,coach
782985497b9ae7a5e683f47501faf9f6,2022-04-16,2022-04-25,BOS,LAX,SAA7PFEN,PT6H27M,0,False,False,True,198.14,227.60,8,2606,1650880500,2022-04-25T05:55:00.000-04:00,1650903720,2022-04-25T09:22:00.000-07:00,LAX,BOS,United,UA,Boeing 737 MAX 9,23220,2606,coach
6c3897cf64ad3543f77f3aefcd194604,2022-04-16,2022-04-25,BOS,LAX,MC7ABEL1,PT6H28M,0,False,False,True,198.14,227.60,7,2606,1650928740,2022-04-25T19:19:00.000-04:00,1650952020,2022-04-25T22:47:00.000-07:00,LAX,BOS,JetBlue Airways,B6,Airbus A319-321,23280,2606,coach
d8d63426d58755645f724fe8226fdb22,2022-04-16,2022-04-25,BOS,LAX,XA7NA0BQ,PT15H53M,1,True,False,False,188.83,232.19,9,2930,1650927480||1650972000,2022-04-25T18:58:00.000-04:00||2022-04-26T06:20:00.000-05:00,1650943980||1650984660,2022-04-25T22:33:00.000-05:00||2022-04-26T07:51:00.000-07:00,AUS||LAX,BOS||AUS,Delta||Delta,DL||DL,Airbus A220-100||Airbus A320,16500||12660,1694||1236,coach||coach
990c61f99f0ed41ac965e9359114dbf3,2022-04-16,2022-04-25,BOS,LAX,G7AZZNN1,PT9H28M,0,False,False,False,198.14,235.10,4,2849,1650911340||1650925920,2022-04-25T14:29:00.000-04:00||2022-04-25T18:32:00.000-04:00,1650920220||1650945420,2022-04-25T16:57:00.000-04:00||2022-04-25T20:57:00.000-07:00,CLT||LAX,BOS||CLT,American Airlines||American Airlines,AA||AA,Boeing 737-800||Airbus A321,8880||19500,728||2121,coach||coach
9c3f77a357013cef28412165d83fdce2,2022-04-16,2022-04-25,BOS,LAX,G7AZZNN1,PT10H37M,0,False,False,False,198.14,235.10,3,2849,1650907200||1650925920,2022-04-25T13:20:00.000-04:00||2022-04-25T18:32:00.000-04:00,1650915900||1650945420,2022-04-25T15:45:00.000-04:00||2022-04-25T20:57:00.000-07:00,CLT||LAX,BOS||CLT,American Airlines||American Airlines,AA||AA,Airbus A320||Airbus A321,8700||19500,728||2121,coach||coach
d037872cbe7ddf5501ebdb171453bd05,2022-04-16,2022-04-25,BOS,LAX,UA7NA0BQ,PT7H41M,0,True,False,False,198.14,236.60,9,2656,1650904020||1650917700,2022-04-25T12:27:00.000-04:00||2022-04-25T15:15:00.000-05:00,1650915840||1650931680,2022-04-25T14:44:00.000-05:00||2022-04-25T17:08:00.000-07:00,MSP||LAX,BOS||MSP,Delta||Delta,DL||DL,Airbus A320||Airbus A321,11820||13980,1122||1534,coach||coach
ce93604a001ead04990d27ec1bf3f5ad,2022-04-16,2022-04-25,BOS,LAX,UA7NA0BQ,PT8H19M,0,True,False,False,198.14,236.60,9,2656,1650912060||1650927720,2022-04-25T14:41:00.000-04:00||2022-04-25T18:02:00.000-05:00,1650924000||1650942000,2022-04-25T17:00:00.000-05:00||2022-04-25T20:00:00.000-07:00,MSP||LAX,BOS||MSP,Delta||Delta,DL||DL,Airbus A321||Boeing 757-200,11940||14280,1122||1534,coach||coach
1eee016beb06f9131cda81f77ab08cbd,2022-04-16,2022-04-25,BOS,LAX,SAA7PFEN,PT8H20M,0,False,False,False,198.14,236.60,7,2643,1650881100||1650889800,2022-04-25T06:05:00.000-04:00||2022-04-25T08:30:00.000-04:00,1650886140||1650911100,2022-04-25T07:29:00.000-04:00||2022-04-25T11:25:00.000-07:00,EWR||LAX,BOS||EWR,United||United,UA||UA,Boeing 737-900||,5040||21300,185||2458,coach||coach
cd780a04b342ebc8e30c7942b30da358,2022-04-16,2022-04-25,BOS,LAX,SAA7PFEN,PT8H34M,0,False,False,False,198.14,236.60,2,2611,1650881700||1650903600,2022-04-25T06:15:00.000-04:00||2022-04-25T10:20:00.000-06:00,1650898320||1650912540,2022-04-25T08:52:00.000-06:00||2022-04-25T11:49:00.000-07:00,DEN||LAX,BOS||DEN,United||United,UA||UA,Boeing 737-800||Boeing 757-300,16620||8940,1763||848,coach||coach
c1f7449f9a22459bc5e1874702c76043,2022-04-16,2022-04-25,BOS,LAX,SAA7PFEN,PT8H38M,0,False,False,False,198.14,236.60,1,2607,1650925200||1650939900,2022-04-25T18:20:00.000-04:00||2022-04-25T21:25:00.000-05:00,1650935940||1650956280,2022-04-25T20:19:00.000-05:00||2022-04-25T23:58:00.000-07:00,ORD||LAX,BOS||ORD,United||United,UA||UA,Boeing 737-900||Boeing 737-900,10740||16380,862||1745,coach||coach
8a9b25fea76e115a8fa24b5eacca1e20,2022-04-16,2022-04-25,BOS,LAX,V7AHZNN1,PT8H39M,0,False,False,False,198.14,236.60,6,2643,1650896460||1650906000,2022-04-25T10:21:00.000-04:00||2022-04-25T13:00:00.000-04:00,1650901440||1650927600,2022-04-25T11:44:00.000-04:00||2022-04-25T16:00:00.000-07:00,JFK||LAX,BOS||JFK,JetBlue Airways||JetBlue Airways,B6||B6,AIRBUS INDUSTRIE A321 SHARKLETS||Airbus A319-321,4980||21600,185||2458,coach||coach
0969c6bcf2efb463572593759ccf4113,2022-04-16,2022-04-25,BOS,LAX,SAA7PFEN,PT9H1M,0,False,False,False,198.14,236.60,1,2607,1650920040||1650936120,2022-04-25T16:54:00.000-04:00||2022-04-25T20:22:00.000-05:00,1650930600||1650952500,2022-04-25T18:50:00.000-05:00||2022-04-25T22:55:00.000-07:00,ORD||LAX,BOS||ORD,United||United,UA||UA,Boeing 737 MAX 9||Boeing 737-800,10560||16380,862||1745,coach||coach
1549ed73ff2c98a70ad4edc8c24f0d60,2022-04-16,2022-04-25,BOS,LAX,UA7NA0BQ,PT9H13M,0,True,False,False,198.14,236.60,9,2607,1650921660||1650936660,2022-04-25T17:21:00.000-04:00||2022-04-25T21:31:00.000-04:00,1650929880||1650954840,2022-04-25T19:38:00.000-04:00||2022-04-25T23:34:00.000-07:00,DTW||LAX,BOS||DTW,Delta||Delta,DL||DL,Airbus A321||Airbus A321,8220||18180,622||1985,coach||coach
d8112e180093011c55827939c4948186,2022-04-16,2022-04-25,BOS,LAX,SAA7PFEN,PT9H37M,0,False,False,False,198.14,236.60,4,2611,1650881700||1650907500,2022-04-25T06:15:00.000-04:00||2022-04-25T11:25:00.000-06:00,1650898320||1650916320,2022-04-25T08:52:00.000-06:00||2022-04-25T12:52:00.000-07:00,DEN||LAX,BOS||DEN,United||United,UA||UA,Boeing 737-800||Boeing 737-900,16620||8820,1763||848,coach||coach
b01208bd54dc09b7f7ee58970c8fb61d,2022-04-16,2022-04-25,BOS,LAX,V7AHZNN1,PT9H56M,0,False,False,False,198.14,236.60,7,2643,1650891840||1650906000,2022-04-25T09:04:00.000-04:00||2022-04-25T13:00:00.000-04:00,1650897000||1650927600,2022-04-25T10:30:00.000-04:00||2022-04-25T16:00:00.000-07:00,JFK||LAX,BOS||JFK,JetBlue Airways||JetBlue Airways,B6||B6,AIRBUS INDUSTRIE A321 SHARKLETS||Airbus A319-321,5160||21600,185||2458,coach||coach
e7ae27c2a3aff1c2d4ee782a446d8528,2022-04-16,2022-04-25,BOS,LAX,UA7NA0BQ,PT10H4M,0,True,False,False,198.14,236.60,9,2656,1650888300||1650910380,2022-04-25T08:05:00.000-04:00||2022-04-25T13:13:00.000-05:00,1650900480||1650924540,2022-04-25T10:28:00.000-05:00||2022-04-25T15:09:00.000-07:00,MSP||LAX,BOS||MSP,Delta||Delta,DL||DL,Airbus A321||Boeing 757,12180||14160,1122||1534,coach||coach
eb0a2b363fb5ef0b9c7ce186cebfe534,2022-04-16,2022-04-25,BOS,LAX,SAA7PFEN,PT10H4M,0,False,False,False,198.14,236.60,1,2607,1650920040||1650939900,2022-04-25T16:54:00.000-04:00||2022-04-25T21:25:00.000-05:00,1650930600||1650956280,2022-04-25T18:50:00.000-05:00||2022-04-25T23:58:00.000-07:00,ORD||LAX,BOS||ORD,United||United,UA||UA,Boeing 737 MAX 9||Boeing 737-900,10560||16380,862||1745,coach||coach
4cafb4b050b97e64d7165f2a12413799,2022-04-16,2022-04-25,BOS,LAX,UA7NA0BQ,PT10H15M,0,True,False,False,198.14,236.60,9,2656,1650880800||1650903540,2022-04-25T06:00:00.000-04:00||2022-04-25T11:19:00.000-05:00,1650892920||1650917700,2022-04-25T08:22:00.000-05:00||2022-04-25T13:15:00.000-07:00,MSP||LAX,BOS||MSP,Delta||Delta,DL||DL,Boeing 737-900||Airbus A321,12120||14160,1122||1534,coach||coach
08b42482d97b01ae1c908d0cf5e29d11,2022-04-16,2022-04-25,BOS,LAX,G7AZZNN1,PT10H24M,1,False,False,False,198.14,236.60,2,2643,1650919260||1650933900,2022-04-25T16:41:00.000-04:00||2022-04-25T20:45:00.000-04:00,1650924000||1650956700,2022-04-25T18:00:00.000-04:00||2022-04-26T00:05:00.000-07:00,JFK||LAX,BOS||JFK,American Airlines||American Airlines,AA||AA,Embraer 175||AIRBUS INDUSTRIE A321 SHARKLETS,4740||22800,185||2458,coach||coach
d8e1c37d3e53b99fd0ded7b6cafecc5d,2022-04-16,2022-04-25,BOS,LAX,V7AHZNN1,PT10H24M,1,False,False,False,198.14,236.60,2,2643,1650919260||1650933900,2022-04-25T16:41:00.000-04:00||2022-04-25T20:45:00.000-04:00,1650924000||1650956700,2022-04-25T18:00:00.000-04:00||2022-04-26T00:05:00.000-07:00,JFK||LAX,BOS||JFK,JetBlue Airways||JetBlue Airways,B6||B6,Embraer 175||AIRBUS INDUSTRIE A321 SHARKLETS,4740||22800,185||2458,coach||coach
5d907783cf0631147a2481f19f9b968f,2022-04-16,2022-04-25,BOS,LAX,UA7NA0BQ,PT10H27M,0,True,False,False,198.14,236.60,9,2607,1650905280||1650924780,2022-04-25T12:48:00.000-04:00||2022-04-25T18:13:00.000-04:00,1650913200||1650942900,2022-04-25T15:00:00.000-04:00||2022-04-25T20:15:00.000-07:00,DTW||LAX,BOS||DTW,Delta||Delta,DL||DL,Airbus A319||Airbus A321,7920||18120,622||1985,coach||coach
5c90d615495bf7bfde07c9a6ac5df7a3,2022-04-16,2022-04-25,BOS,LAX,UA7NA0BQ,PT10H28M,1,True,False,False,198.14,236.60,9,2643,1650921540||1650936420,2022-04-25T17:19:00.000-04:00||2022-04-25T21:27:00.000-04:00,1650926700||1650959220,2022-04-25T18:45:00.000-04:00||2022-04-26T00:47:00.000-07:00,JFK||LAX,BOS||JFK,Delta||Delta,DL||DL,Airbus A220-100||,5160||22800,185||2458,coach||coach
b602a921b088a8f487d90d653c7a3964,2022-04-16,2022-04-25,BOS,LAX,UA7NA0BQ,PT10H33M,0,True,False,False,198.14,236.60,9,2656,1650904020||1650927720,2022-04-25T12:27:00.000-04:00||2022-04-25T18:02:00.000-05:00,1650915840||1650942000,2022-04-25T14:44:00.000-05:00||2022-04-25T20:00:00.000-07:00,MSP||LAX,BOS||MSP,Delta||Delta,DL||DL,Airbus A320||Boeing 757-200,11820||14280,1122||1534,coach||coach
774c042539c1b693a96c41d2d38d95c2,2022-04-16,2022-04-25,BOS,LAX,G7AZZNN1,PT10H37M,0,False,False,False,198.14,236.60,1,2794,1650877200||1650903300,2022-04-25T05:00:00.000-04:00||2022-04-25T11:15:00.000-05:00,1650893340||1650915420,2022-04-25T08:29:00.000-05:00||2022-04-25T12:37:00.000-07:00,DFW||LAX,BOS||DFW,American Airlines||American Airlines,AA||AA,Airbus A321||Airbus A321,16140||12120,1556||1238,coach||coach
db3df471d19f87025c81e4a98c82dff4,2022-04-16,2022-04-25,BOS,LAX,UA7NA0BQ,PT11H19M,0,True,False,False,198.14,236.60,9,2643,1650909300||1650926940,2022-04-25T13:55:00.000-04:00||2022-04-25T18:49:00.000-04:00,1650914520||1650950040,2022-04-25T15:22:00.000-04:00||2022-04-25T22:14:00.000-07:00,JFK||LAX,BOS||JFK,Delta||Delta,DL||DL,Embraer 175||Boeing 767,5220||23100,185||2458,coach||coach
02cd5d962a8e53633f42dcf9941a1d2d,2022-04-16,2022-04-25,BOS,LAX,WH7ABEL1,PT6H23M,0,False,False,True,222.33,253.61,7,2606,1650897000,2022-04-25T10:30:00.000-04:00,1650919980,2022-04-25T13:53:00.000-07:00,LAX,BOS,JetBlue Airways,B6,Airbus A319-321,22980,2606,coach
4acab005bbaef777a855a57071882652,2022-04-16,2022-04-25,BOS,LAX,B7AJZNN1,PT6H35M,0,False,False,True,222.33,253.61,3,2606,1650924000,2022-04-25T18:00:00.000-04:00,1650947700,2022-04-25T21:35:00.000-07:00,LAX,BOS,JetBlue Airways,B6,AIRBUS INDUSTRIE A321 SHARKLETS,23700,2606,coach
e972fd6b9e509985ab6e1ebff193d2a3,2022-04-16,2022-04-25,BOS,LAX,V7AJZNN1,PT6H35M,0,False,False,True,222.33,253.61,3,2606,1650924000,2022-04-25T18:00:00.000-04:00,1650947700,2022-04-25T21:35:00.000-07:00,LAX,BOS,American Airlines,AA,AIRBUS INDUSTRIE A321 SHARKLETS,23700,2606,coach
8222ea362c7a5eaa17bcfbe837675f08,2022-04-16,2022-04-25,BOS,LAX,V7AJZNN1,PT6H38M,0,False,False,True,222.33,253.61,3,2606,1650882000,2022-04-25T06:20:00.000-04:00,1650905880,2022-04-25T09:58:00.000-07:00,LAX,BOS,American Airlines,AA,AIRBUS INDUSTRIE A321 SHARKLETS,23880,2606,coach
4768d46b12c2399b5e950baf8cfebdd2,2022-04-16,2022-04-25,BOS,LAX,V7AJZNN1,PT8H39M,0,False,False,False,222.33,261.11,5,2849,1650907200||1650919200,2022-04-25T13:20:00.000-04:00||2022-04-25T16:40:00.000-04:00,1650915900||1650938340,2022-04-25T15:45:00.000-04:00||2022-04-25T18:59:00.000-07:00,CLT||LAX,BOS||CLT,American Airlines||American Airlines,AA||AA,Airbus A320||Airbus A321,8700||19140,728||2121,coach||coach
67bd782116aff0dc6bb63fe06cad283e,2022-04-16,2022-04-25,BOS,LAX,V7AJZNN1,PT11H4M,0,False,False,False,222.33,261.11,4,2849,1650898500||1650919200,2022-04-25T10:55:00.000-04:00||2022-04-25T16:40:00.000-04:00,1650907320||1650938340,2022-04-25T13:22:00.000-04:00||2022-04-25T18:59:00.000-07:00,CLT||LAX,BOS||CLT,American Airlines||American Airlines,AA||AA,Airbus A321||Airbus A321,8820||19140,728||2121,coach||coach
9f0641bb2c3636e1c3f115d9082bbeab,2022-04-16,2022-04-25,BOS,LAX,V7AJZNN1,PT8H24M,0,False,False,False,222.33,262.61,1,2643,1650912300||1650920400,2022-04-25T14:45:00.000-04:00||2022-04-25T17:00:00.000-04:00,1650917340||1650942540,2022-04-25T16:09:00.000-04:00||2022-04-25T20:09:00.000-07:00,JFK||LAX,BOS||JFK,American Airlines||American Airlines,AA||AA,AIRBUS INDUSTRIE A321 SHARKLETS||AIRBUS INDUSTRIE A321 SHARKLETS,5040||22140,185||2458,coach||coach
3e6b1671ab79f69a2270f10e711fb89b,2022-04-16,2022-04-25,BOS,LAX,V7AJZNN1,PT8H40M,0,False,False,False,222.33,262.61,4,2794,1650877200||1650896340,2022-04-25T05:00:00.000-04:00||2022-04-25T09:19:00.000-05:00,1650893340||1650908400,2022-04-25T08:29:00.000-05:00||2022-04-25T10:40:00.000-07:00,DFW||LAX,BOS||DFW,American Airlines||American Airlines,AA||AA,Airbus A321||,16140||12060,1556||1238,coach||coach
5f15b8d2760a510ab158c791ef6ffd6a,2022-04-16,2022-04-25,BOS,LAX,VC7ABEY5,PT6H18M,0,False,False,True,235.35,267.60,7,2606,1650880920,2022-04-25T06:02:00.000-04:00,1650903600,2022-04-25T09:20:00.000-07:00,LAX,BOS,American Airlines,AA,Airbus A321,22680,2606,coach
3f257b52ed5ff1813a5333a6cece59c2,2022-04-16,2022-04-25,BOS,LAX,VC7ABEY5,PT6H25M,0,False,False,True,235.35,267.60,7,2606,1650920400,2022-04-25T17:00:00.000-04:00,1650943500,2022-04-25T20:25:00.000-07:00,LAX,BOS,American Airlines,AA,Airbus A321,23100,2606,coach
5efe9e5ceac06c944323582cd827f1f3,2022-04-16,2022-04-25,BOS,LAX,VC7ABEY5,PT6H28M,0,False,False,True,235.35,267.60,7,2606,1650928740,2022-04-25T19:19:00.000-04:00,1650952020,2022-04-25T22:47:00.000-07:00,LAX,BOS,American Airlines,AA,Airbus A321,23280,2606,coach
8cc379afc4ba322670b1badd79481f6d,2022-04-16,2022-04-25,BOS,LAX,S7AHZNN3,PT14H30M,1,False,False,False,226.04,272.19,7,2930,1650930900||1650970800,2022-04-25T19:55:00.000-04:00||2022-04-26T06:00:00.000-05:00,1650948540||1650983100,2022-04-25T23:49:00.000-05:00||2022-04-26T07:25:00.000-07:00,AUS||LAX,BOS||AUS,American Airlines||American Airlines,AA||AA,Airbus A319||Airbus A319,17640||12300,1694||1236,coach||coach
4ee8efb965b488a4712e3c9413a230db,2022-04-16,2022-04-25,BOS,LAX,LA7OA0BQ,PT6H21M,0,True,False,True,245.58,278.60,9,2606,1650914400,2022-04-25T15:20:00.000-04:00,1650937260,2022-04-25T18:41:00.000-07:00,LAX,BOS,Delta,DL,Boeing 757-200,22860,2606,coach
afa55381f92f48b9cefaf49345aff59b,2022-04-16,2022-04-25,BOS,LAX,LA7OA0BQ,PT6H26M,0,True,False,True,245.58,278.60,9,2606,1650887940,2022-04-25T07:59:00.000-04:00,1650911100,2022-04-25T11:25:00.000-07:00,LAX,BOS,Delta,DL,Boeing 757-200,23160,2606,coach
bfa231b16c77a3c0fcae49a7b622e6a1,2022-04-16,2022-04-25,BOS,LAX,WAA7KKEN,PT8H34M,1,False,False,False,238.14,279.60,6,2701,1650930360||1650940500,2022-04-25T19:46:00.000-04:00||2022-04-25T22:35:00.000-04:00,1650936000||1650961200,2022-04-25T21:20:00.000-04:00||2022-04-26T01:20:00.000-07:00,IAD||LAX,BOS||IAD,United||United,UA||UA,Boeing 737-900||Boeing 737-900,5640||20700,406||2295,coach||coach
415bfefdae80a166fae09003da51ca3a,2022-04-16,2022-04-25,BOS,LAX,KA0NA0MQ,PT8H50M,0,False,False,False,244.65,286.60,1,2643,1650916800||1650926100,2022-04-25T16:00:00.000-04:00||2022-04-25T18:35:00.000-04:00,1650921840||1650948600,2022-04-25T17:24:00.000-04:00||2022-04-25T21:50:00.000-07:00,EWR||LAX,BOS||EWR,Delta||Alaska Airlines,DL||AS,Embraer 175||Boeing 737-800,5040||22500,185||2458,coach||coach
894e5cc77bdc6d4a0878e07d3b176d17,2022-04-16,2022-04-25,BOS,LAX,KA0NA0MQ,PT9H14M,0,False,False,False,244.65,286.60,7,2643,1650922200||1650932940,2022-04-25T17:30:00.000-04:00||2022-04-25T20:29:00.000-04:00,1650927780||1650955440,2022-04-25T19:03:00.000-04:00||2022-04-25T23:44:00.000-07:00,EWR||LAX,BOS||EWR,Delta||Alaska Airlines,DL||AS,Embraer 175||Boeing 737-900,5580||22500,185||2458,coach||coach
1a8c5e734555655b1e682fa406984fea,2022-04-16,2022-04-25,BOS,LAX,KA0NA0MQ,PT10H40M,0,False,False,False,244.65,286.60,1,2643,1650910200||1650926100,2022-04-25T14:10:00.000-04:00||2022-04-25T18:35:00.000-04:00,1650915300||1650948600,2022-04-25T15:35:00.000-04:00||2022-04-25T21:50:00.000-07:00,EWR||LAX,BOS||EWR,Delta||Alaska Airlines,DL||AS,Embraer 175||Boeing 737-800,5100||22500,185||2458,coach||coach
0ba5be2d01e7a3a3c3bdb1d36c939784,2022-04-16,2022-04-25,BOS,LAX,KA0NA0MQ,PT10H44M,0,False,False,False,244.65,286.60,7,2643,1650916800||1650932940,2022-04-25T16:00:00.000-04:00||2022-04-25T20:29:00.000-04:00,1650921840||1650955440,2022-04-25T17:24:00.000-04:00||2022-04-25T23:44:00.000-07:00,EWR||LAX,BOS||EWR,Delta||Alaska Airlines,DL||AS,Embraer 175||Boeing 737-900,5040||22500,185||2458,coach||coach
e112024fb89befa3e84da9e31d34b8ad,2022-04-16,2022-04-25,BOS,LAX,LA7OA0BQ,PT8H50M,0,True,False,False,245.58,287.60,9,2656,1650880800||1650898500,2022-04-25T06:00:00.000-04:00||2022-04-25T09:55:00.000-05:00,1650892920||1650912600,2022-04-25T08:22:00.000-05:00||2022-04-25T11:50:00.000-07:00,MSP||LAX,BOS||MSP,Delta||Delta,DL||DL,Boeing 737-900||Airbus A321,12120||14100,1122||1534,coach||coach
02c3878eb50066ada2f84d4c519dd2cc,2022-04-16,2022-04-25,BOS,LAX,LA7OA0BQ,PT9H30M,0,True,False,False,245.58,287.60,9,2690,1650881100||1650908040,2022-04-25T06:05:00.000-04:00||2022-04-25T11:34:00.000-06:00,1650900900||1650915300,2022-04-25T09:35:00.000-06:00||2022-04-25T12:35:00.000-07:00,SLC||LAX,BOS||SLC,Delta||Delta,DL||DL,Boeing 737-900||Boeing 737-900,19800||7260,2100||590,coach||coach
50ebcc23e39288feca95ad5d13890c36,2022-04-16,2022-04-25,BOS,LAX,KA0NA0MQ,PT12H34M,0,False,False,False,244.65,292.20,7,2643,1650910200||1650932940,2022-04-25T14:10:00.000-04:00||2022-04-25T20:29:00.000-04:00,1650915300||1650955440,2022-04-25T15:35:00.000-04:00||2022-04-25T23:44:00.000-07:00,EWR||LAX,BOS||EWR,Delta||Alaska Airlines,DL||AS,Embraer 175||Boeing 737-900,5100||22500,185||2458,coach||coach
1fa5aeb519dca7063dc8aecd676a6cb4,2022-04-16,2022-04-25,BOS,LAX,LH7ABEY5,PT6H23M,0,False,False,True,259.53,293.60,1,2606,1650897000,2022-04-25T10:30:00.000-04:00,1650919980,2022-04-25T13:53:00.000-07:00,LAX,BOS,American Airlines,AA,Airbus A321,22980,2606,coach
4abde76893f784c3c2de37f03a8a4478,2022-04-16,2022-04-25,BOS,LAX,L3AJZNN1,PT6H29M,0,False,False,True,283.72,319.60,7,2606,1650929700,2022-04-25T19:35:00.000-04:00,1650953040,2022-04-25T23:04:00.000-07:00,LAX,BOS,American Airlines,AA,AIRBUS INDUSTRIE A321 SHARKLETS,23340,2606,coach
75c6786081e7523b9164334e0127036a,2022-04-16,2022-04-25,BOS,LAX,L3AJZNN1,PT6H32M,0,False,False,True,283.72,319.60,7,2606,1650889500,2022-04-25T08:25:00.000-04:00,1650913020,2022-04-25T11:57:00.000-07:00,LAX,BOS,American Airlines,AA,AIRBUS INDUSTRIE A321 SHARKLETS,23520,2606,coach
c16de6e40b6a90ef4fd038021c4d0290,2022-04-16,2022-04-25,BOS,LAX,Q3AJZNN1,PT6H32M,0,False,False,True,283.72,319.60,7,2606,1650889500,2022-04-25T08:25:00.000-04:00,1650913020,2022-04-25T11:57:00.000-07:00,LAX,BOS,JetBlue Airways,B6,AIRBUS INDUSTRIE A321 SHARKLETS,23520,2606,coach
14516bdfda8102d845ed7230871965db,2022-04-16,2022-04-25,BOS,LAX,KA7NA0MC,PT8H57M,0,False,False,False,277.21,321.60,3,2674,1650923100||1650949140,2022-04-25T17:45:00.000-04:00||2022-04-25T22:59:00.000-06:00,1650943020||1650955320,2022-04-25T21:17:00.000-06:00||2022-04-25T23:42:00.000-07:00,SLC||ONT,BOS||SLC,Delta||Delta,DL||DL,Boeing 737-800||Boeing 737-800,19920||6180,2100||574,coach||coach
24a99cea454cb9156d33e60ed9889a60,2022-04-16,2022-04-25,BOS,LAX,KA7NA0MC,PT9H19M,0,False,False,False,277.21,321.60,1,2866,1650918960||1650935520,2022-04-25T16:36:00.000-04:00||2022-04-25T21:12:00.000-04:00,1650929400||1650952500,2022-04-25T19:30:00.000-04:00||2022-04-25T22:55:00.000-07:00,ATL||ONT,BOS||ATL,Delta||Delta,DL||DL,Airbus A321||Airbus A321,10440||16980,947||1919,coach||coach
60dbf96ae9c8ea109c7f3c33ded9a0d9,2022-04-16,2022-04-25,BOS,LAX,V7AIZNN1,PT10H2M,0,False,False,False,277.21,321.60,4,2771,1650877200||1650901500,2022-04-25T05:00:00.000-04:00||2022-04-25T10:45:00.000-05:00,1650893340||1650913320,2022-04-25T08:29:00.000-05:00||2022-04-25T12:02:00.000-07:00,DFW||ONT,BOS||DFW,American Airlines||American Airlines,AA||AA,Airbus A321||Airbus A321,16140||11820,1556||1215,coach||coach
064bebd89c1f55b99093b55e98daffd3,2022-04-16,2022-04-25,BOS,LAX,L3AJZNN1,PT8H38M,0,False,False,False,283.72,328.60,2,2677,1650899400||1650908940,2022-04-25T11:10:00.000-04:00||2022-04-25T13:49:00.000-04:00,1650905040||1650930480,2022-04-25T12:44:00.000-04:00||2022-04-25T16:48:00.000-07:00,PHL||LAX,BOS||PHL,American Airlines||American Airlines,AA||AA,Airbus A319||,5640||21540,280||2397,coach||coach
186a5327e4198f29e0616c491f0e6ef5,2022-04-16,2022-04-25,BOS,LAX,L3AJZNN1,PT8H44M,0,False,False,False,283.72,328.60,2,2643,1650891840||1650900540,2022-04-25T09:04:00.000-04:00||2022-04-25T11:29:00.000-04:00,1650897000||1650923280,2022-04-25T10:30:00.000-04:00||2022-04-25T14:48:00.000-07:00,JFK||LAX,BOS||JFK,American Airlines||American Airlines,AA||AA,AIRBUS INDUSTRIE A321 SHARKLETS||AIRBUS INDUSTRIE A321 SHARKLETS,5160||22740,185||2458,coach||coach
09cf0a88d5d13d4c0660d80dd6e3a183,2022-04-16,2022-04-25,BOS,LAX,L3AJZNN1,PT9H45M,0,False,False,False,283.72,328.60,2,2607,1650892140||1650911100,2022-04-25T09:09:00.000-04:00||2022-04-25T13:25:00.000-05:00,1650902940||1650927240,2022-04-25T11:09:00.000-05:00||2022-04-25T15:54:00.000-07:00,ORD||LAX,BOS||ORD,American Airlines||American Airlines,AA||AA,Boeing 737-800||Boeing 737-800,10800||16140,862||1745,coach||coach
feb2cd08f120e5fa4f126b30c6f7ad19,2022-04-16,2022-04-25,BOS,LAX,VAA7JFEN,PT9H16M,0,False,False,False,284.65,329.60,3,2590,1650881700||1650907080,2022-04-25T06:15:00.000-04:00||2022-04-25T11:18:00.000-06:00,1650898320||1650915060,2022-04-25T08:52:00.000-06:00||2022-04-25T12:31:00.000-07:00,DEN||ONT,BOS||DEN,United||United,UA||UA,Boeing 737-800||Boeing 737-800,16620||7980,1763||827,coach||coach
53591b4c9739d9269e6a96d606f09ea6,2022-04-16,2022-04-25,BOS,LAX,GH7AUEY5,PT11H15M,1,False,False,False,285.58,330.60,7,2643,1650919260||1650937200,2022-04-25T16:41:00.000-04:00||2022-04-25T21:40:00.000-04:00,1650924000||1650959760,2022-04-25T18:00:00.000-04:00||2022-04-26T00:56:00.000-07:00,JFK||LAX,BOS||JFK,American Airlines||American Airlines,AA||AA,Embraer 175||Airbus A321,4740||22560,185||2458,coach||coach
b966cff0d4177a30e8e7de28d81c3f4b,2022-04-16,2022-04-25,BOS,LAX,KA7OA0MQ,PT6H21M,0,False,False,True,301.40,338.61,7,2606,1650897240,2022-04-25T10:34:00.000-04:00,1650920100,2022-04-25T13:55:00.000-07:00,LAX,BOS,Delta,DL,Boeing 757-200,22860,2606,coach
8cc0d5ca67f0902f133a621fdaba0ef9,2022-04-16,2022-04-25,BOS,LAX,KAA7PHEN,PT11H29M,0,False,False,False,296.75,348.21,2,2607,1650894060||1650919440,2022-04-25T09:41:00.000-04:00||2022-04-25T15:44:00.000-05:00,1650904320||1650935400,2022-04-25T11:32:00.000-05:00||2022-04-25T18:10:00.000-07:00,ORD||LAX,BOS||ORD,United||United,UA||UA,Boeing 737 MAX 9||Boeing 757-300,10260||15960,862||1745,coach||coach
ff7f0811ede70b5cf569ee1e04ef1d47,2022-04-16,2022-04-25,BOS,LAX,VAA3KKEN,PT8H34M,0,False,False,False,305.12,351.60,6,2607,1650894060||1650908700,2022-04-25T09:41:00.000-04:00||2022-04-25T12:45:00.000-05:00,1650904320||1650924900,2022-04-25T11:32:00.000-05:00||2022-04-25T15:15:00.000-07:00,ORD||LAX,BOS||ORD,United||United,UA||UA,Boeing 737 MAX 9||Boeing 757-300,10260||16200,862||1745,coach||coach
2a83970ada27922deec5537308205497,2022-04-16,2022-04-25,BOS,LAX,VAA3KKEN,PT8H38M,0,False,False,False,305.12,351.60,8,2643,1650900600||1650909600,2022-04-25T11:30:00.000-04:00||2022-04-25T14:00:00.000-04:00,1650905700||1650931680,2022-04-25T12:55:00.000-04:00||2022-04-25T17:08:00.000-07:00,EWR||LAX,BOS||EWR,United||United,UA||UA,Boeing 737-800||Boeing 757-200,5100||22080,185||2458,coach||coach
a43a608fef177316cb2469b45392fb9d,2022-04-16,2022-04-25,BOS,LAX,I0DACAY,PT8H2M,0,False,False,False,309.75,356.58,9,2656,1650900600||1650915300,2022-04-25T11:30:00.000-04:00||2022-04-25T14:35:00.000-05:00,1650911880||1650929520,2022-04-25T13:38:00.000-05:00||2022-04-25T16:32:00.000-07:00,MSP||LAX,BOS||MSP,Sun Country Airlines||Sun Country Airlines,SY||SY,Boeing 737-800||Boeing 737-800,11280||14220,1122||1534,coach||coach
d23e8fcc638ddac1d44aa5e1162d4dc8,2022-04-16,2022-04-25,BOS,LAX,QAA0OHEN,PT9H21M,0,False,False,False,351.63,401.60,1,2643,1650914940||1650926100,2022-04-25T15:29:00.000-04:00||2022-04-25T18:35:00.000-04:00,1650920340||1650948600,2022-04-25T16:59:00.000-04:00||2022-04-25T21:50:00.000-07:00,EWR||LAX,BOS||EWR,United||Alaska Airlines,UA||AS,Boeing 737-700||Boeing 737-800,5400||22500,185||2458,coach||coach
a7235f66bf1c61ed41b53f43098e7b78,2022-04-16,2022-04-25,BOS,LAX,QAA0OHEN,PT10H50M,0,False,False,False,351.63,401.60,1,2643,1650909600||1650926100,2022-04-25T14:00:00.000-04:00||2022-04-25T18:35:00.000-04:00,1650915060||1650948600,2022-04-25T15:31:00.000-04:00||2022-04-25T21:50:00.000-07:00,EWR||LAX,BOS||EWR,United||Alaska Airlines,UA||AS,Airbus A319||Boeing 737-800,5460||22500,185||2458,coach||coach
865b2cf35bb7bf9c511ff8f4b29ee3ec,2022-04-16,2022-04-25,BOS,LAX,QAA0OHEN,PT11H15M,0,False,False,False,351.63,401.60,7,2643,1650914940||1650932940,2022-04-25T15:29:00.000-04:00||2022-04-25T20:29:00.000-04:00,1650920340||1650955440,2022-04-25T16:59:00.000-04:00||2022-04-25T23:44:00.000-07:00,EWR||LAX,BOS||EWR,United||Alaska Airlines,UA||AS,Boeing 737-700||Boeing 737-900,5400||22500,185||2458,coach||coach
a8178ddeea11ac0c4f89f4b0db1091cd,2022-04-16,2022-04-25,BOS,LAX,QAA0OHEN,PT12H11M,0,False,False,False,351.63,407.20,1,2643,1650904740||1650926100,2022-04-25T12:39:00.000-04:00||2022-04-25T18:35:00.000-04:00,1650909720||1650948600,2022-04-25T14:02:00.000-04:00||2022-04-25T21:50:00.000-07:00,EWR||LAX,BOS||EWR,United||Alaska Airlines,UA||AS,Airbus A319||Boeing 737-800,4980||22500,185||2458,coach||coach
c2b6d4ba130b571ec8c4008af23a5ebf,2022-04-16,2022-04-25,BOS,LAX,QAA0OHEN,PT12H44M,0,False,False,False,351.63,407.20,7,2643,1650909600||1650932940,2022-04-25T14:00:00.000-04:00||2022-04-25T20:29:00.000-04:00,1650915060||1650955440,2022-04-25T15:31:00.000-04:00||2022-04-25T23:44:00.000-07:00,EWR||LAX,BOS||EWR,United||Alaska Airlines,UA||AS,Airbus A319||Boeing 737-900,5460||22500,185||2458,coach||coach
e1f89b8b8224d088d09729c3065a172f,2022-04-16,2022-04-25,BOS,LAX,QH7OAVMN,PT12H55M,0,False,False,False,369.30,426.20,7,3366,1650886500||1650924300,2022-04-25T07:35:00.000-04:00||2022-04-25T15:05:00.000-07:00,1650909060||1650933000,2022-04-25T10:51:00.000-07:00||2022-04-25T17:30:00.000-07:00,PDX||LAX,BOS||PDX,Alaska Airlines||Alaska Airlines,AS||AS,Boeing 737-900||Embraer 175,22560||8700,2531||835,coach||coach
7976cb605c7fd22595b05bcbed8db496,2022-04-16,2022-04-25,BOS,LAX,KA0NA0MQ,PT8H45M,0,False,False,False,421.39,476.59,7,2701,1650881400||1650892200,2022-04-25T06:10:00.000-04:00||2022-04-25T09:10:00.000-04:00,1650887940||1650912900,2022-04-25T07:59:00.000-04:00||2022-04-25T11:55:00.000-07:00,DCA||LAX,BOS||DCA,Delta||Alaska Airlines,DL||AS,Embraer 175||AIRBUS INDUSTRIE A321 SHARKLETS,6540||20700,406||2295,coach||coach
69552d8d5a92399256f2fa4db0e7ebb8,2022-04-16,2022-04-25,BOS,LAX,QH7OAVMN,PT11H39M,0,False,False,False,472.00,531.00,1,3368,1650886500||1650920400,2022-04-25T07:35:00.000-04:00||2022-04-25T14:00:00.000-07:00,1650909060||1650928440,2022-04-25T10:51:00.000-07:00||2022-04-25T16:14:00.000-07:00,PDX||ONT,BOS||PDX,Alaska Airlines||Alaska Airlines,AS||AS,Boeing 737-900||Embraer 175,22560||8040,2531||837,coach||coach
d95b3fb3cd2793b168bd5856876e42ab,2022-04-16,2022-04-25,BOS,LAX,QH7OAVMN,PT11H7M,0,False,False,False,518.14,580.60,7,3366,1650886500||1650918000,2022-04-25T07:35:00.000-04:00||2022-04-25T13:20:00.000-07:00,1650909060||1650926520,2022-04-25T10:51:00.000-07:00||2022-04-25T15:42:00.000-07:00,PDX||LAX,BOS||PDX,Alaska Airlines||Alaska Airlines,AS||AS,Boeing 737-900||Boeing 737 MAX 9,22560||8520,2531||835,coach||coach
bd8354ebb90921d2d1055d31d4eaff59,2022-04-16,2022-04-25,LAX,BOS,LA7QA0MQ,PT12H54M,1,False,False,False,309.76,362.19,5,2615,1650939960||1650975900,2022-04-25T19:26:00.000-07:00||2022-04-26T07:25:00.000-05:00,1650951360||1650986400,2022-04-26T00:36:00.000-05:00||2022-04-26T11:20:00.000-04:00,MCI||BOS,LAX||MCI,Delta||Delta,DL||DL,Boeing 737-800||Embraer 175,11400||10500,1361||1254,coach||coach
965e84e2d7bd6cb9046a63c3350bf328,2022-04-16,2022-04-25,LAX,BOS,M0AJZNN1,PT10H,1,False,False,False,352.56,402.60,1,2677,1650949500||1650980400,2022-04-25T22:05:00.000-07:00||2022-04-26T09:40:00.000-04:00,1650967980||1650985500,2022-04-26T06:13:00.000-04:00||2022-04-26T11:05:00.000-04:00,PHL||BOS,LAX||PHL,American Airlines||American Airlines,AA||AA,||,18480||5100,2397||280,coach||coach
283cceea32564cc8569afcaf86fde0c4,2022-04-16,2022-04-25,LAX,BOS,H7CXNR,PT15H18M,1,False,False,False,339.00,446.58,0,,1650949200||1650993300,2022-04-25T22:00:00.000-07:00||2022-04-26T13:15:00.000-04:00,1650966600||1651004280,2022-04-26T05:50:00.000-04:00||2022-04-26T16:18:00.000-04:00,FLL||BOS,LAX||FLL,Spirit Airlines||Spirit Airlines,NK||NK,||,17400||10980,None||None,coach||coach
28bd713acc71546bab7bb80bbf0f3dc9,2022-04-16,2022-04-25,LAX,BOS,SAA7OHEN,PT10H17M,1,False,False,False,393.49,451.10,1,2745,1650938820||1650953700||1650971700,2022-04-25T19:07:00.000-07:00||2022-04-26T00:15:00.000-06:00||2022-04-26T07:15:00.000-04:00,1650946080||1650969420||1650975840,2022-04-25T22:08:00.000-06:00||2022-04-26T06:37:00.000-04:00||2022-04-26T08:24:00.000-04:00,SLC||EWR||BOS,LAX||SLC||EWR,United||United||United,UA||UA||UA,Embraer 175 (Enhanced Winglets)||Boeing 737-700||Airbus A320,7260||15720||4140,590||1970||185,coach||coach||coach
e8e5b58a4c749f4c2ec2620f0d0fc1e6,2022-04-16,2022-04-25,LAX,BOS,SAA7OHEN,PT11H17M,1,False,False,False,393.49,451.10,1,2745,1650938820||1650953700||1650975300,2022-04-25T19:07:00.000-07:00||2022-04-26T00:15:00.000-06:00||2022-04-26T08:15:00.000-04:00,1650946080||1650969420||1650979440,2022-04-25T22:08:00.000-06:00||2022-04-26T06:37:00.000-04:00||2022-04-26T09:24:00.000-04:00,SLC||EWR||BOS,LAX||SLC||EWR,United||United||United,UA||UA||UA,Embraer 175 (Enhanced Winglets)||Boeing 737-700||Boeing 737-700,7260||15720||4140,590||1970||185,coach||coach||coach
a53099a68d752f407503f32bc3910669,2022-04-16,2022-04-25,LAX,BOS,VAA7AKEN,PT8H31M,1,False,False,False,411.16,465.60,4,2607,1650952740||1650975300,2022-04-25T22:59:00.000-07:00||2022-04-26T07:15:00.000-05:00,1650966720||1650983400,2022-04-26T04:52:00.000-05:00||2022-04-26T10:30:00.000-04:00,ORD||BOS,LAX||ORD,United||United,UA||UA,BOEING 787-9||Boeing 737-800,13980||8100,1745||862,coach||coach
611442d00c9f7b5c2623848bcb891b69,2022-04-16,2022-04-25,LAX,BOS,HA3OA0MQ,PT9H35M,1,False,False,False,413.02,467.60,1,3445,1650933000||1650948660,2022-04-25T17:30:00.000-07:00||2022-04-25T21:51:00.000-07:00,1650943140||1650967500,2022-04-25T20:19:00.000-07:00||2022-04-26T06:05:00.000-04:00,SEA||BOS,LAX||SEA,Delta||Delta,DL||DL,Airbus A321||Boeing 737-900,10140||18840,956||2489,coach||coach
77a3b2bcea7fd1e5c42bcad779b709c5,2022-04-16,2022-04-25,LAX,BOS,HAA0JFEN,PT9H50M,1,False,False,False,413.02,467.60,3,2962,1650955800||1650977700,2022-04-25T23:50:00.000-07:00||2022-04-26T07:55:00.000-05:00,1650966780||1650991200,2022-04-26T04:53:00.000-05:00||2022-04-26T12:40:00.000-04:00,IAH||BOS,ONT||IAH,United||United,UA||UA,Airbus A320||Boeing 737-800,10980||13500,1360||1602,coach||coach
058a2fa350d14cf4686b24553cf41bb8,2022-04-16,2022-04-25,LAX,BOS,HAA0OHEN,PT5H29M,1,False,False,True,422.33,468.61,9,2606,1650952260,2022-04-25T22:51:00.000-07:00,1650972000,2022-04-26T07:20:00.000-04:00,BOS,LAX,United,UA,Boeing 737 MAX 9,19740,2606,coach
9a092e64d2dabc1e528bbbf20a9a3823,2022-04-16,2022-04-25,LAX,BOS,K0AJZNN1,PT8H1M,1,False,False,False,422.33,476.11,3,2849,1650952800||1650974160,2022-04-25T23:00:00.000-07:00||2022-04-26T07:56:00.000-04:00,1650969480||1650981660,2022-04-26T06:38:00.000-04:00||2022-04-26T10:01:00.000-04:00,CLT||BOS,LAX||CLT,American Airlines||American Airlines,AA||AA,Airbus A321||Airbus A321,16680||7500,2121||728,coach||coach
c81cf92b7be21a790950761b18894a77,2022-04-16,2022-04-25,LAX,BOS,VAA7AFEN,PT11H30M,1,False,False,False,416.75,476.11,2,2645,1650951300||1650979620||1650988620,2022-04-25T22:35:00.000-07:00||2022-04-26T09:27:00.000-04:00||2022-04-26T11:57:00.000-04:00,1650967740||1650985020||1650992700,2022-04-26T06:09:00.000-04:00||2022-04-26T10:57:00.000-04:00||2022-04-26T13:05:00.000-04:00,CLE||EWR||BOS,LAX||CLE||EWR,United||United||United,UA||UA||UA,Boeing 737-800||Boeing 737 MAX 8||Airbus A319,16440||5400||4080,2049||411||185,coach||coach||coach
f8bbd5a368f9dd58b42f7e9f544f9b3b,2022-04-16,2022-04-25,LAX,BOS,VAA7AFEN,PT13H2M,1,False,False,False,416.75,476.11,2,2645,1650951300||1650979620||1650994140,2022-04-25T22:35:00.000-07:00||2022-04-26T09:27:00.000-04:00||2022-04-26T13:29:00.000-04:00,1650967740||1650985020||1650998220,2022-04-26T06:09:00.000-04:00||2022-04-26T10:57:00.000-04:00||2022-04-26T14:37:00.000-04:00,CLE||EWR||BOS,LAX||CLE||EWR,United||United||United,UA||UA||UA,Boeing 737-800||Boeing 737 MAX 8||Boeing 737-700,16440||5400||4080,2049||411||185,coach||coach||coach
8b7264f405a9696024602793bbfff3a3,2022-04-16,2022-04-25,LAX,BOS,HAA0OHEN,PT7H19M,1,False,False,False,422.33,477.61,1,2611,1650938220||1650950400,2022-04-25T18:57:00.000-07:00||2022-04-25T23:20:00.000-06:00,1650946560||1650964560,2022-04-25T22:16:00.000-06:00||2022-04-26T05:16:00.000-04:00,DEN||BOS,LAX||DEN,United||United,UA||UA,Boeing 737-900||Boeing 737-800,8340||14160,848||1763,coach||coach
3be0c399856e7a9cfa39552441a3c048,2022-04-16,2022-04-25,LAX,BOS,HAA0OHEN,PT7H38M,1,False,False,False,422.33,477.61,7,2701,1650955080||1650976620,2022-04-25T23:38:00.000-07:00||2022-04-26T08:37:00.000-04:00,1650972540||1650982560,2022-04-26T07:29:00.000-04:00||2022-04-26T10:16:00.000-04:00,IAD||BOS,LAX||IAD,United||United,UA||UA,Boeing 737-900||Boeing 737-800,17460||5940,2295||406,coach||coach
0e1a876b7ebb28a38341e41edfaa6eba,2022-04-16,2022-04-25,LAX,BOS,K0AJZNN1,PT9H21M,1,False,False,False,422.33,477.61,4,2677,1650949500||1650977100,2022-04-25T22:05:00.000-07:00||2022-04-26T08:45:00.000-04:00,1650967980||1650983160,2022-04-26T06:13:00.000-04:00||2022-04-26T10:26:00.000-04:00,PHL||BOS,LAX||PHL,American Airlines||American Airlines,AA||AA,||Airbus A319,18480||6060,2397||280,coach||coach
15692aec93e0e625a45155a21a126ae4,2022-04-16,2022-04-25,LAX,BOS,B0CXNR,PT12H35M,1,False,False,False,382.00,489.58,0,,1650933000||1650969300,2022-04-25T17:30:00.000-07:00||2022-04-26T06:35:00.000-04:00,1650948360||1650978300,2022-04-26T00:46:00.000-04:00||2022-04-26T09:05:00.000-04:00,ATL||BOS,LAX||ATL,Spirit Airlines||Spirit Airlines,NK||NK,||Airbus A319,15360||9000,None||None,coach||coach
4b31c6c1a4f9caf6107f1f149da5d6e1,2022-04-16,2022-04-25,LAX,BOS,M7AWZNN1,PT13H28M,1,False,False,False,446.51,509.20,6,2677,1650924240||1650967620,2022-04-25T15:04:00.000-07:00||2022-04-26T06:07:00.000-04:00,1650942780||1650972720,2022-04-25T23:13:00.000-04:00||2022-04-26T07:32:00.000-04:00,PHL||BOS,LAX||PHL,American Airlines||American Airlines,AA||AA,||Airbus A321,18540||5100,2397||280,coach||coach
69e8e36017681e9fa3a7ba8232c9e33d,2022-04-16,2022-04-25,LAX,BOS,KA7OA0MQ,PT10H11M,1,False,False,False,454.88,517.10,3,2792,1650937920||1650952500||1650969600,2022-04-25T18:52:00.000-07:00||2022-04-25T23:55:00.000-06:00||2022-04-26T06:40:00.000-04:00,1650944400||1650967200||1650974580,2022-04-25T21:40:00.000-06:00||2022-04-26T06:00:00.000-04:00||2022-04-26T08:03:00.000-04:00,SLC||PHL||BOS,LAX||SLC||PHL,Delta||Delta||Delta,DL||DL||DL,Airbus A321||Airbus A321||Embraer 175,6480||14700||4980,590||1922||280,coach||coach||coach
ff73a99ad75256a9559e5f1a436ccd12,2022-04-16,2022-04-25,LAX,BOS,SAA0AQEN,PT12H5M,1,False,False,False,454.88,517.10,2,2612,1650939900||1650955560||1650975300,2022-04-25T19:25:00.000-07:00||2022-04-25T23:46:00.000-07:00||2022-04-26T07:15:00.000-05:00,1650944400||1650968400||1650983400,2022-04-25T20:40:00.000-07:00||2022-04-26T05:20:00.000-05:00||2022-04-26T10:30:00.000-04:00,LAS||ORD||BOS,LAX||LAS||ORD,United||United||United,UA||UA||UA,Airbus A320||Boeing 737-800||Boeing 737-800,4500||12840||8100,241||1509||862,coach||coach||coach
dac16e67a75dcf913ee31bc0f1d5bd82,2022-04-16,2022-04-25,LAX,BOS,M3AIZNN1,PT7H49M,1,False,False,False,466.98,525.60,1,2607,1650956100||1650975900,2022-04-25T23:55:00.000-07:00||2022-04-26T07:25:00.000-05:00,1650970020||1650984240,2022-04-26T05:47:00.000-05:00||2022-04-26T10:44:00.000-04:00,ORD||BOS,LAX||ORD,American Airlines||American Airlines,AA||AA,Boeing 737-800||Embraer 175,13920||8340,1745||862,coach||coach
ca33ba91bff8f6a1f5fea0423bc158a4,2022-04-16,2022-04-25,LAX,BOS,WAA7OKEN,PT13H54M,0,False,False,False,467.91,532.20,3,2611,1650894300||1650930240,2022-04-25T06:45:00.000-07:00||2022-04-25T17:44:00.000-06:00,1650902820||1650944340,2022-04-25T10:07:00.000-06:00||2022-04-25T23:39:00.000-04:00,DEN||BOS,LAX||DEN,United||United,UA||UA,Boeing 737-900||Boeing 737-800,8520||14100,848||1763,coach||coach
391f90dd68682d914a4843dc1be06711,2022-04-16,2022-04-25,LAX,BOS,VAA3AKEN,PT11H44M,0,False,False,False,480.93,546.20,3,2611,1650902100||1650930240,2022-04-25T08:55:00.000-07:00||2022-04-25T17:44:00.000-06:00,1650910500||1650944340,2022-04-25T12:15:00.000-06:00||2022-04-25T23:39:00.000-04:00,DEN||BOS,LAX||DEN,United||United,UA||UA,Boeing 737-800||Boeing 737-800,8400||14100,848||1763,coach||coach
94c6d91cd50be1d0081cc7a1585037f1,2022-04-16,2022-04-25,LAX,BOS,HAA0OKEN,PT12H49M,1,False,False,False,481.86,547.20,3,2590,1650918420||1650950400,2022-04-25T13:27:00.000-07:00||2022-04-25T23:20:00.000-06:00,1650926340||1650964560,2022-04-25T16:39:00.000-06:00||2022-04-26T05:16:00.000-04:00,DEN||BOS,ONT||DEN,United||United,UA||UA,Boeing 737-800||Boeing 737-800,7920||14160,827||1763,coach||coach
b8ef3195cfc29e6c918e1211adc827ca,2022-04-16,2022-04-25,LAX,BOS,QC0PUEL1,PT12H4M,1,False,False,False,482.79,548.20,7,3037,1650933600||1650956340,2022-04-25T17:40:00.000-07:00||2022-04-25T23:59:00.000-07:00,1650939000||1650977040,2022-04-25T19:10:00.000-07:00||2022-04-26T08:44:00.000-04:00,SFO||BOS,LAX||SFO,JetBlue Airways||JetBlue Airways,B6||B6,Airbus A320||Airbus A319-321,5400||20700,339||2698,coach||coach
515fa79b9958a969ef12eb39480467c5,2022-04-16,2022-04-25,LAX,BOS,LH0OAJMN,PT10H4M,1,False,False,False,489.30,549.60,5,3445,1650936300||1650953400,2022-04-25T18:25:00.000-07:00||2022-04-25T23:10:00.000-07:00,1650945900||1650972540,2022-04-25T21:05:00.000-07:00||2022-04-26T07:29:00.000-04:00,SEA||BOS,ONT||SEA,Alaska Airlines||Alaska Airlines,AS||AS,Boeing 737-800||Boeing 737-900,9600||19140,956||2489,coach||coach
eb52c5198e527790bd95d9df2798fc98,2022-04-16,2022-04-25,LAX,BOS,QAA0OQEN,PT8H15M,1,False,False,False,491.16,551.60,3,2701,1650916800||1650940380,2022-04-25T13:00:00.000-07:00||2022-04-25T22:33:00.000-04:00,1650934260||1650946500,2022-04-25T20:51:00.000-04:00||2022-04-26T00:15:00.000-04:00,IAD||BOS,LAX||IAD,United||United,UA||UA,Boeing 767||Boeing 737-900,17460||6120,2295||406,coach||coach
ae15834b5e3f1f4763d2ff2633f602f0,2022-04-16,2022-04-25,LAX,BOS,QAA0OQEN,PT9H59M,1,False,False,False,491.16,551.60,1,2701,1650910560||1650940380,2022-04-25T11:16:00.000-07:00||2022-04-25T22:33:00.000-04:00,1650928080||1650946500,2022-04-25T19:08:00.000-04:00||2022-04-26T00:15:00.000-04:00,IAD||BOS,LAX||IAD,United||United,UA||UA,Boeing 737-800||Boeing 737-900,17520||6120,2295||406,coach||coach
256c3453e01b4b846d37c2d998a3f472,2022-04-16,2022-04-25,LAX,BOS,VH0OAVMN,PT9H16M,1,False,False,False,491.17,551.61,7,2701,1650949200||1650976620,2022-04-25T22:00:00.000-07:00||2022-04-26T08:37:00.000-04:00,1650967200||1650982560,2022-04-26T06:00:00.000-04:00||2022-04-26T10:16:00.000-04:00,IAD||BOS,LAX||IAD,Alaska Airlines||United,AS||UA,Airbus A320||Boeing 737-800,18000||5940,2295||406,coach||coach
f11741aa27368302a79c28035736f29d,2022-04-16,2022-04-25,LAX,BOS,HA0QA0MQ,PT9H27M,1,False,False,False,493.02,553.60,1,3037,1650933600||1650947100,2022-04-25T17:40:00.000-07:00||2022-04-25T21:25:00.000-07:00,1650938040||1650967620,2022-04-25T18:54:00.000-07:00||2022-04-26T06:07:00.000-04:00,SFO||BOS,LAX||SFO,Delta||Alaska Airlines,DL||AS,Embraer 175 (Enhanced Winglets)||Boeing 737-900,4440||20520,339||2698,coach||coach
504b0ac568273509c73b6c6982b8d8c3,2022-04-16,2022-04-25,LAX,BOS,VH0OAVMN,PT13H23M,1,False,False,False,491.17,557.21,7,2701,1650949200||1650991500,2022-04-25T22:00:00.000-07:00||2022-04-26T12:45:00.000-04:00,1650967200||1650997380,2022-04-26T06:00:00.000-04:00||2022-04-26T14:23:00.000-04:00,IAD||BOS,LAX||IAD,Alaska Airlines||United,AS||UA,Airbus A320||Boeing 737-900,18000||5880,2295||406,coach||coach
0c4f1166aefd3e8d866ec1a29d113e95,2022-04-16,2022-04-25,LAX,BOS,LH7OAVMN,PT15H24M,1,False,False,False,500.47,567.21,7,3445,1650945900||1650981900,2022-04-25T21:05:00.000-07:00||2022-04-26T07:05:00.000-07:00,1650955440||1651001340,2022-04-25T23:44:00.000-07:00||2022-04-26T15:29:00.000-04:00,SEA||BOS,ONT||SEA,Alaska Airlines||Alaska Airlines,AS||AS,Boeing 737-900||Boeing 737-900,9540||19440,956||2489,coach||coach
10633a8de19401d40b815c4d4173f94d,2022-04-16,2022-04-25,LAX,BOS,BA0QA0MQ,PT9H35M,1,False,False,False,506.98,568.60,3,3445,1650933000||1650948660,2022-04-25T17:30:00.000-07:00||2022-04-25T21:51:00.000-07:00,1650943260||1650967500,2022-04-25T20:21:00.000-07:00||2022-04-26T06:05:00.000-04:00,SEA||BOS,ONT||SEA,Delta||Delta,DL||DL,Embraer 175 (Enhanced Winglets)||Boeing 737-900,10260||18840,956||2489,coach||coach
c83c69224b269d93ee5306d62bd00873,2022-04-16,2022-04-25,LAX,BOS,HH7OASMN,PT9H2M,1,False,False,False,511.63,573.60,2,3037,1650935100||1650947100,2022-04-25T18:05:00.000-07:00||2022-04-25T21:25:00.000-07:00,1650940200||1650967620,2022-04-25T19:30:00.000-07:00||2022-04-26T06:07:00.000-04:00,SFO||BOS,LAX||SFO,Alaska Airlines||Alaska Airlines,AS||AS,Boeing 737-900||Boeing 737-900,5100||20520,339||2698,coach||coach
7a2df4c364ee75e207f020509545ea3e,2022-04-16,2022-04-25,LAX,BOS,H0AJZNN1,PT7H7M,0,False,False,False,515.35,577.60,1,2677,1650912000||1650933120,2022-04-25T11:40:00.000-07:00||2022-04-25T20:32:00.000-04:00,1650930600||1650937620,2022-04-25T19:50:00.000-04:00||2022-04-25T21:47:00.000-04:00,PHL||BOS,LAX||PHL,American Airlines||American Airlines,AA||AA,||Airbus A321,18600||4500,2397||280,coach||coach
a6b74872617c2667e7452bb73100108e,2022-04-16,2022-04-25,LAX,BOS,E0AJZNN1,PT8H10M,1,False,False,False,515.35,577.60,4,2643,1650949320||1650974340,2022-04-25T22:02:00.000-07:00||2022-04-26T07:59:00.000-04:00,1650969000||1650978720,2022-04-26T06:30:00.000-04:00||2022-04-26T09:12:00.000-04:00,JFK||BOS,LAX||JFK,JetBlue Airways||JetBlue Airways,B6||B6,AIRBUS INDUSTRIE A321 SHARKLETS||AIRBUS INDUSTRIE A321 SHARKLETS,19680||4380,2458||185,coach||coach
71bb8620cb858d3290047c55c4bbf742,2022-04-16,2022-04-25,LAX,BOS,H0AJZNN1,PT8H54M,0,False,False,False,515.35,577.60,1,2607,1650900600||1650924300,2022-04-25T08:30:00.000-07:00||2022-04-25T17:05:00.000-05:00,1650915360||1650932640,2022-04-25T14:36:00.000-05:00||2022-04-25T20:24:00.000-04:00,ORD||BOS,LAX||ORD,American Airlines||American Airlines,AA||AA,Boeing 737-800||Boeing 737-800,14760||8340,1745||862,coach||coach
27cd1e86605588a158c92aa9e2dcf21c,2022-04-16,2022-04-25,LAX,BOS,E0AJZNN1,PT10H46M,1,False,False,False,515.35,577.60,3,2643,1650956100||1650990540,2022-04-25T23:55:00.000-07:00||2022-04-26T12:29:00.000-04:00,1650976200||1650994860,2022-04-26T08:30:00.000-04:00||2022-04-26T13:41:00.000-04:00,JFK||BOS,LAX||JFK,JetBlue Airways||JetBlue Airways,B6||B6,Airbus A319-321||AIRBUS INDUSTRIE A321 SHARKLETS,20100||4320,2458||185,coach||coach
673869123ab7a9d53b86e16d0fd814ad,2022-04-16,2022-04-25,LAX,BOS,MA0OA0MQ,PT5H30M,1,False,False,True,524.65,578.60,6,2606,1650947700,2022-04-25T21:35:00.000-07:00,1650967500,2022-04-26T06:05:00.000-04:00,BOS,LAX,Delta,DL,Boeing 757-200,19800,2606,coach
7cfcabe72ee0aef78b39687a508366b0,2022-04-16,2022-04-25,LAX,BOS,MA0OA0MQ,PT7H26M,1,False,False,False,524.65,587.60,1,2607,1650921900||1650941940,2022-04-25T14:25:00.000-07:00||2022-04-25T22:59:00.000-04:00,1650937620||1650948660,2022-04-25T21:47:00.000-04:00||2022-04-26T00:51:00.000-04:00,DTW||BOS,LAX||DTW,Delta||Delta,DL||DL,Airbus A321||Airbus A321,15720||6720,1985||622,coach||coach
1407ea9c5f0ec9e4392c587db2481e5d,2022-04-16,2022-04-25,LAX,BOS,MA0OA0MQ,PT8H11M,1,False,False,False,524.65,587.60,7,2643,1650948060||1650972600,2022-04-25T21:41:00.000-07:00||2022-04-26T07:30:00.000-04:00,1650967200||1650977520,2022-04-26T06:00:00.000-04:00||2022-04-26T08:52:00.000-04:00,JFK||BOS,LAX||JFK,Delta||Delta,DL||DL,Boeing 767||Embraer 175,19140||4920,2458||185,coach||coach
29001b0524f1504174e548eaf92fac10,2022-04-16,2022-04-25,LAX,BOS,MA0OA0MQ,PT8H36M,1,False,False,False,524.65,587.60,1,2643,1650954540||1650980700,2022-04-25T23:29:00.000-07:00||2022-04-26T09:45:00.000-04:00,1650973980||1650985500,2022-04-26T07:53:00.000-04:00||2022-04-26T11:05:00.000-04:00,JFK||BOS,LAX||JFK,Delta||Delta,DL||DL,Boeing 767||Embraer 175,19440||4800,2458||185,coach||coach
25b31f47581172542ed3fdebefddec39,2022-04-16,2022-04-25,LAX,BOS,MA0OA0MQ,PT10H24M,1,False,False,False,524.65,587.60,7,2643,1650948060||1650980700,2022-04-25T21:41:00.000-07:00||2022-04-26T09:45:00.000-04:00,1650967200||1650985500,2022-04-26T06:00:00.000-04:00||2022-04-26T11:05:00.000-04:00,JFK||BOS,LAX||JFK,Delta||Delta,DL||DL,Boeing 767||Embraer 175,19140||4800,2458||185,coach||coach
9cb420c8714b92b1a747306c4b436ba9,2022-04-16,2022-04-25,LAX,BOS,QA7QA0MQ,PT7H38M,1,False,False,False,530.23,593.60,9,2627,1650950700||1650969900,2022-04-25T22:25:00.000-07:00||2022-04-26T06:45:00.000-04:00,1650964500||1650978180,2022-04-26T05:15:00.000-04:00||2022-04-26T09:03:00.000-04:00,IND||BOS,LAX||IND,Delta||Delta,DL||DL,Airbus A321||Embraer 175,13800||8280,1811||816,coach||coach
f9f5612855a16d598f198330f6a7a2bf,2022-04-16,2022-04-25,LAX,BOS,QA7QA0MQ,PT13H33M,1,False,False,False,530.23,599.20,4,2627,1650950700||1650991320,2022-04-25T22:25:00.000-07:00||2022-04-26T12:42:00.000-04:00,1650964500||1650999480,2022-04-26T05:15:00.000-04:00||2022-04-26T14:58:00.000-04:00,IND||BOS,LAX||IND,Delta||Delta,DL||DL,Airbus A321||Embraer 175,13800||8160,1811||816,coach||coach
851bf6984662260092520a187f7dd591,2022-04-16,2022-04-25,LAX,BOS,HA3OA0MQ,PT8H48M,1,False,False,False,538.60,607.10,7,2792,1650942900||1650952500||1650969600,2022-04-25T20:15:00.000-07:00||2022-04-25T23:55:00.000-06:00||2022-04-26T06:40:00.000-04:00,1650949680||1650967200||1650974580,2022-04-25T23:08:00.000-06:00||2022-04-26T06:00:00.000-04:00||2022-04-26T08:03:00.000-04:00,SLC||PHL||BOS,LAX||SLC||PHL,Delta||Delta||Delta,DL||DL||DL,Embraer 175 (Enhanced Winglets)||Airbus A321||Embraer 175,6780||14700||4980,590||1922||280,coach||coach||coach
dc458427a9daf7a20e9e894bd45efa80,2022-04-16,2022-04-25,LAX,BOS,LH7OAVMN,PT14H57M,0,False,False,False,551.63,622.20,1,3445,1650891600||1650926100,2022-04-25T06:00:00.000-07:00||2022-04-25T15:35:00.000-07:00,1650901620||1650945420,2022-04-25T08:47:00.000-07:00||2022-04-25T23:57:00.000-04:00,SEA||BOS,ONT||SEA,Alaska Airlines||Alaska Airlines,AS||AS,Airbus A320||Boeing 737-900,10020||19320,956||2489,coach||coach
cd2ba3cccbe1fe08d430ef705678e0fb,2022-04-16,2022-04-25,LAX,BOS,ZL7AUEL1,PT12H13M,1,False,False,False,554.29,625.06,7,2690,1650922800||1650950400,2022-04-25T14:40:00.000-07:00||2022-04-25T23:20:00.000-06:00,1650929340||1650966780,2022-04-25T17:29:00.000-06:00||2022-04-26T05:53:00.000-04:00,SLC||BOS,LAX||SLC,JetBlue Airways||JetBlue Airways,B6||B6,Airbus A320||,6540||16380,590||2100,coach||coach
89a3ab90b5598fd9b73ef4aa52c3674a,2022-04-16,2022-04-25,LAX,BOS,MH7OASMN,PT10H32M,0,False,False,False,562.79,628.60,4,3445,1650907500||1650926100,2022-04-25T10:25:00.000-07:00||2022-04-25T15:35:00.000-07:00,1650917100||1650945420,2022-04-25T13:05:00.000-07:00||2022-04-25T23:57:00.000-04:00,SEA||BOS,ONT||SEA,Alaska Airlines||Alaska Airlines,AS||AS,Airbus A320||Boeing 737-900,9600||19320,956||2489,coach||coach
2259a23f7fe3052ade90d83bf7ca4b11,2022-04-16,2022-04-25,LAX,BOS,HAA0OKEN,PT7H12M,0,False,False,False,570.23,636.60,3,2590,1650918420||1650930240,2022-04-25T13:27:00.000-07:00||2022-04-25T17:44:00.000-06:00,1650926340||1650944340,2022-04-25T16:39:00.000-06:00||2022-04-25T23:39:00.000-04:00,DEN||BOS,ONT||DEN,United||United,UA||UA,Boeing 737-800||Boeing 737-800,7920||14100,827||1763,coach||coach
0c632775e045f97e4c5c97fbf5c697bd,2022-04-16,2022-04-25,LAX,BOS,H7AZZNN1,PT8H52M,0,False,False,False,572.09,638.60,7,2643,1650913200||1650927600,2022-04-25T12:00:00.000-07:00||2022-04-25T16:00:00.000-07:00,1650917340||1650945120,2022-04-25T13:09:00.000-07:00||2022-04-25T23:52:00.000-04:00,PHX||BOS,ONT||PHX,American Airlines||American Airlines,AA||AA,Airbus A319||,4140||17520,347||2296,coach||coach
e101412120224631e96ba5def2e611d0,2022-04-16,2022-04-25,LAX,BOS,WAI7GWEN,PT13H19M,0,False,False,False,574.88,647.20,3,3049,1650891600||1650918300,2022-04-25T06:00:00.000-07:00||2022-04-25T13:25:00.000-07:00,1650896700||1650939540,2022-04-25T07:25:00.000-07:00||2022-04-25T22:19:00.000-04:00,SFO||BOS,ONT||SFO,United||United,UA||UA,Boeing 737-800||Boeing 737 MAX 9,5100||21240,351||2698,coach||coach
02deb8ead9a1645c5b63339a822a1e9b,2022-04-16,2022-04-25,LAX,BOS,B0AJZNN1,PT5H30M,0,False,False,True,609.30,669.60,5,2606,1650924000,2022-04-25T15:00:00.000-07:00,1650943800,2022-04-25T23:30:00.000-04:00,BOS,LAX,American Airlines,AA,AIRBUS INDUSTRIE A321 SHARKLETS,19800,2606,coach
f73d042aa0dc3b909686bde86b977cd5,2022-04-16,2022-04-25,LAX,BOS,B0AJZNN1,PT5H31M,1,False,False,True,609.30,669.60,5,2606,1650951000,2022-04-25T22:30:00.000-07:00,1650970860,2022-04-26T07:01:00.000-04:00,BOS,LAX,American Airlines,AA,AIRBUS INDUSTRIE A321 SHARKLETS,19860,2606,coach
9e9b8474a7a66a30285bab995680148d,2022-04-16,2022-04-25,LAX,BOS,EAA0OHEN,PT5H29M,0,False,False,True,617.67,678.60,9,2606,1650899700,2022-04-25T08:15:00.000-07:00,1650919440,2022-04-25T16:44:00.000-04:00,BOS,LAX,United,UA,Boeing 737-900,19740,2606,coach
2abc7dcc939765c5309f2f1b14efda16,2022-04-16,2022-04-25,LAX,BOS,BA0OA0MQ,PT5H30M,0,False,False,True,617.67,678.60,3,2606,1650924300,2022-04-25T15:05:00.000-07:00,1650944100,2022-04-25T23:35:00.000-04:00,BOS,LAX,Delta,DL,Boeing 757-200,19800,2606,coach
d85aeaddb9657117140d481421072d5e,2022-04-16,2022-04-25,LAX,BOS,BA0OA0MQ,PT5H32M,0,False,False,True,617.67,678.60,4,2606,1650897900,2022-04-25T07:45:00.000-07:00,1650917820,2022-04-25T16:17:00.000-04:00,BOS,LAX,Delta,DL,Boeing 757-200,19920,2606,coach
13945120cd192215296ec4fb0f23f102,2022-04-16,2022-04-25,LAX,BOS,BA0OA0MQ,PT5H38M,0,False,False,True,617.67,678.60,4,2606,1650915600,2022-04-25T12:40:00.000-07:00,1650935880,2022-04-25T21:18:00.000-04:00,BOS,LAX,Delta,DL,Boeing 757-200,20280,2606,coach
901375951c62c5cfa46f0129c7a6902d,2022-04-16,2022-04-25,LAX,BOS,B0AJZNN1,PT7H34M,0,False,False,False,609.30,678.60,7,2677,1650892800||1650915000,2022-04-25T06:20:00.000-07:00||2022-04-25T15:30:00.000-04:00,1650911460||1650920040,2022-04-25T14:31:00.000-04:00||2022-04-25T16:54:00.000-04:00,PHL||BOS,LAX||PHL,American Airlines||American Airlines,AA||AA,||Airbus A319,18660||5040,2397||280,coach||coach
955eafd9030e981fa52ba9e19313c8bd,2022-04-16,2022-04-25,LAX,BOS,B0AJZNN1,PT7H37M,0,False,False,False,609.30,678.60,7,2607,1650892200||1650911100,2022-04-25T06:10:00.000-07:00||2022-04-25T13:25:00.000-05:00,1650907020||1650919620,2022-04-25T12:17:00.000-05:00||2022-04-25T16:47:00.000-04:00,ORD||BOS,LAX||ORD,American Airlines||American Airlines,AA||AA,Boeing 737-800||Embraer 175,14820||8520,1745||862,coach||coach
2aa8343411f7e670bcfb6d56677807b8,2022-04-16,2022-04-25,LAX,BOS,WC0AUEL1,PT11H28M,0,False,False,False,613.12,682.70,7,3579,1650898500||1650927960,2022-04-25T07:55:00.000-07:00||2022-04-25T19:06:00.000-04:00,1650917220||1650939780,2022-04-25T16:07:00.000-04:00||2022-04-25T22:23:00.000-04:00,FLL||BOS,LAX||FLL,JetBlue Airways||JetBlue Airways,B6||B6,Airbus A319-321||Airbus A321,18720||11820,2338||1241,coach||coach
010f4314a5958c1522108fbd3c355a16,2022-04-16,2022-04-25,LAX,BOS,EAA0OHEN,PT7H44M,0,False,False,False,617.67,687.60,1,2611,1650888000||1650901800,2022-04-25T05:00:00.000-07:00||2022-04-25T09:50:00.000-06:00,1650896580||1650915840,2022-04-25T08:23:00.000-06:00||2022-04-25T15:44:00.000-04:00,DEN||BOS,LAX||DEN,United||United,UA||UA,Boeing 757-300||Boeing 737 MAX 9,8580||14040,848||1763,coach||coach
fc3a361feb074ddfd7ba6aeb8f716bb9,2022-04-16,2022-04-25,LAX,BOS,BA0OA0MQ,PT8H35M,0,False,False,False,617.67,687.60,6,2643,1650897900||1650923400,2022-04-25T07:45:00.000-07:00||2022-04-25T17:50:00.000-04:00,1650917340||1650928800,2022-04-25T16:09:00.000-04:00||2022-04-25T19:20:00.000-04:00,JFK||BOS,LAX||JFK,Delta||Delta,DL||DL,Boeing 767||Airbus A220-100,19440||5400,2458||185,coach||coach
5a30fe4c33216d07ca3763d7a08f97ae,2022-04-16,2022-04-25,LAX,BOS,BA0OA0MQ,PT10H20M,0,False,False,False,617.67,687.60,2,2643,1650891600||1650923400,2022-04-25T06:00:00.000-07:00||2022-04-25T17:50:00.000-04:00,1650910980||1650928800,2022-04-25T14:23:00.000-04:00||2022-04-25T19:20:00.000-04:00,JFK||BOS,LAX||JFK,Delta||Delta,DL||DL,Boeing 767||Airbus A220-100,19380||5400,2458||185,coach||coach
8d65df76006b1444bef47927d452ff78,2022-04-16,2022-04-25,LAX,BOS,QH0JUEL1,PT13H6M,0,False,False,False,613.77,689.00,7,2643,1650873540||1650915300,2022-04-25T00:59:00.000-07:00||2022-04-25T15:35:00.000-04:00,1650893760||1650920700,2022-04-25T09:36:00.000-04:00||2022-04-25T17:05:00.000-04:00,JFK||BOS,LAX||JFK,JetBlue Airways||JetBlue Airways,B6||B6,Airbus A319-321||,20220||5400,2458||185,coach||coach
dfd20d3c1450e255000f5d75417f69a1,2022-04-16,2022-04-25,LAX,BOS,HH0OASMN,PT7H54M,0,False,False,False,635.35,706.60,2,2643,1650906900||1650930480,2022-04-25T10:15:00.000-07:00||2022-04-25T19:48:00.000-04:00,1650926400||1650935340,2022-04-25T18:40:00.000-04:00||2022-04-25T21:09:00.000-04:00,EWR||BOS,LAX||EWR,Alaska Airlines||Delta,AS||DL,Boeing 737 MAX 9||Embraer 175,19500||4860,2458||185,coach||coach
622b82f9817b6af427b35553912c6f19,2022-04-16,2022-04-25,LAX,BOS,KH7OASMN,PT9H17M,0,False,False,False,644.65,716.60,1,3445,1650912000||1650926100,2022-04-25T11:40:00.000-07:00||2022-04-25T15:35:00.000-07:00,1650922200||1650945420,2022-04-25T14:30:00.000-07:00||2022-04-25T23:57:00.000-04:00,SEA||BOS,LAX||SEA,Alaska Airlines||Alaska Airlines,AS||AS,Boeing 737-900||Boeing 737-900,10200||19320,956||2489,coach||coach
002f04b9ffdf47fd3b57c6bc126ac957,2022-04-16,2022-04-25,LAX,BOS,KH7OASMN,PT10H27M,0,False,False,False,644.65,716.60,1,3445,1650907800||1650926100,2022-04-25T10:30:00.000-07:00||2022-04-25T15:35:00.000-07:00,1650918240||1650945420,2022-04-25T13:24:00.000-07:00||2022-04-25T23:57:00.000-04:00,SEA||BOS,LAX||SEA,Alaska Airlines||Alaska Airlines,AS||AS,Boeing 737-900||Boeing 737-900,10440||19320,956||2489,coach||coach
3da46c5f4efefb0c91d7478924acad1b,2022-04-16,2022-04-25,LAX,BOS,KH0JUEL1,PT8H27M,1,False,False,False,645.11,717.09,3,2643,1650945600||1650971700,2022-04-25T21:00:00.000-07:00||2022-04-26T07:15:00.000-04:00,1650964500||1650976020,2022-04-26T05:15:00.000-04:00||2022-04-26T08:27:00.000-04:00,EWR||BOS,LAX||EWR,JetBlue Airways||JetBlue Airways,B6||B6,Airbus A319-321||Embraer 190,18900||4320,2458||185,coach||coach
006732f40a0f539f9ce327b719d075db,2022-04-16,2022-04-25,LAX,BOS,EH0KUEL1,PT5H31M,0,False,False,True,657.90,721.84,7,2606,1650890700,2022-04-25T05:45:00.000-07:00,1650910560,2022-04-25T14:16:00.000-04:00,BOS,LAX,JetBlue Airways,B6,Airbus A319-321,19860,2606,coach
633b5f13e6fd5764a24b79ab7f88a1a7,2022-04-16,2022-04-25,LAX,BOS,EH0KUEL1,PT5H36M,0,False,False,True,657.90,721.84,7,2606,1650924300,2022-04-25T15:05:00.000-07:00,1650944460,2022-04-25T23:41:00.000-04:00,BOS,LAX,JetBlue Airways,B6,Airbus A319-321,20160,2606,coach
18ce925e49ccddd3a15fec06b31cb5cf,2022-04-16,2022-04-25,LAX,BOS,EH0KUEL1,PT5H39M,0,False,False,True,657.90,721.84,7,2606,1650918540,2022-04-25T13:29:00.000-07:00,1650938880,2022-04-25T22:08:00.000-04:00,BOS,LAX,JetBlue Airways,B6,Airbus A319-321,20340,2606,coach
f447cef655b87706b371b3fdecca8926,2022-04-16,2022-04-25,LAX,BOS,G7AIZNN1,PT10H49M,1,False,False,False,650.23,728.20,1,2643,1650927900||1650949200,2022-04-25T16:05:00.000-07:00||2022-04-25T22:00:00.000-07:00,1650932700||1650966840,2022-04-25T17:25:00.000-07:00||2022-04-26T05:54:00.000-04:00,PHX||BOS,ONT||PHX,American Airlines||American Airlines,AA||AA,Canadair Regional Jet 900||,4800||17640,347||2296,coach||coach
5e40a4b08a8c94e54f56b4098a68c9a4,2022-04-16,2022-04-25,LAX,BOS,QH0JUEL1,PT14H48M,1,False,False,False,656.80,735.26,7,2621,1650953820||1651001700,2022-04-25T23:17:00.000-07:00||2022-04-26T15:35:00.000-04:00,1650973200||1651007100,2022-04-26T07:40:00.000-04:00||2022-04-26T17:05:00.000-04:00,JFK||BOS,ONT||JFK,JetBlue Airways||JetBlue Airways,B6||B6,Airbus A321||,19380||5400,2436||185,coach||coach
9d554367233f57c313e3a536586d6cd5,2022-04-16,2022-04-25,LAX,BOS,BC0AUEL1,PT10H50M,0,False,False,False,664.65,738.10,7,3037,1650894900||1650912780,2022-04-25T06:55:00.000-07:00||2022-04-25T11:53:00.000-07:00,1650900540||1650933900,2022-04-25T08:29:00.000-07:00||2022-04-25T20:45:00.000-04:00,SFO||BOS,LAX||SFO,JetBlue Airways||JetBlue Airways,B6||B6,Airbus A320||Airbus A319-321,5640||21120,339||2698,coach||coach
eb0c47f17820c8f0f579ccbdc7b4c7c0,2022-04-16,2022-04-25,LAX,BOS,YH0KUEY5,PT5H31M,0,False,False,True,700.70,767.85,7,2606,1650890700,2022-04-25T05:45:00.000-07:00,1650910560,2022-04-25T14:16:00.000-04:00,BOS,LAX,American Airlines,AA,Airbus A321,19860,2606,coach
9303a97b34ba9474725ffc1dd11254ec,2022-04-16,2022-04-25,LAX,BOS,YH0KUEY5,PT5H36M,0,False,False,True,700.70,767.85,7,2606,1650924300,2022-04-25T15:05:00.000-07:00,1650944460,2022-04-25T23:41:00.000-04:00,BOS,LAX,American Airlines,AA,Airbus A321,20160,2606,coach
50e3f523340f3f0dc8e37229c4803ba4,2022-04-16,2022-04-25,LAX,BOS,YH0KUEY5,PT5H39M,0,False,False,True,700.70,767.85,7,2606,1650918540,2022-04-25T13:29:00.000-07:00,1650938880,2022-04-25T22:08:00.000-04:00,BOS,LAX,American Airlines,AA,Airbus A321,20340,2606,coach
6b89582155d57ea31850ba8e46b16988,2022-04-16,2022-04-25,LAX,BOS,VH7OAVMN,PT9H20M,0,False,False,False,816.74,901.60,3,3366,1650891600||1650905700,2022-04-25T06:00:00.000-07:00||2022-04-25T09:55:00.000-07:00,1650900600||1650925200,2022-04-25T08:30:00.000-07:00||2022-04-25T18:20:00.000-04:00,PDX||BOS,LAX||PDX,Alaska Airlines||Alaska Airlines,AS||AS,Airbus A320||Boeing 737-900,9000||19500,835||2531,coach||coach
79a2fe1704a8f21781c5f27965c71256,2022-04-16,2022-04-25,LAX,BOS,YA2AAN,PT5H30M,0,False,False,True,1263.26,1372.61,6,2606,1650906900,2022-04-25T10:15:00.000-07:00,1650926700,2022-04-25T18:45:00.000-04:00,BOS,LAX,American Airlines,AA,AIRBUS INDUSTRIE A321 SHARKLETS,19800,2606,coach
3927316584f41ce380c79047745a82d3,2022-04-16,2022-04-25,LAX,BOS,YA2AAN,PT5H35M,0,False,False,True,1263.26,1372.61,5,2606,1650900600,2022-04-25T08:30:00.000-07:00,1650920700,2022-04-25T17:05:00.000-04:00,BOS,LAX,American Airlines,AA,AIRBUS INDUSTRIE A321 SHARKLETS,20100,2606,coach
aec47cc4faf91d7131670b90c618be93,2022-04-16,2022-04-26,BOS,LAX,GA3NR,PT9H47M,0,False,False,False,144.20,213.78,0,,1651007400||1651022400,2022-04-26T17:10:00.000-04:00||2022-04-26T21:20:00.000-04:00,1651018980||1651042620,2022-04-26T20:23:00.000-04:00||2022-04-26T23:57:00.000-07:00,FLL||LAX,BOS||FLL,Spirit Airlines||Spirit Airlines,NK||NK,||,11580||20220,None||None,coach||coach
4e49fe976d90b60b1606545c1a896d69,2022-04-16,2022-04-26,BOS,LAX,N7AZZNN3,PT8H40M,0,False,False,False,184.19,221.60,2,2771,1650968520||1650987900,2022-04-26T06:22:00.000-04:00||2022-04-26T10:45:00.000-05:00,1650984600||1650999720,2022-04-26T09:50:00.000-05:00||2022-04-26T12:02:00.000-07:00,DFW||ONT,BOS||DFW,American Airlines||American Airlines,AA||AA,Boeing 737-800||Airbus A321,16080||11820,1556||1215,coach||coach
c9fb839ca73237d34584e7c4a4b6fdb0,2022-04-16,2022-04-26,BOS,LAX,SAA7PFEN,PT9H9M,1,False,False,False,184.19,221.60,9,3049,1651011360||1651039320,2022-04-26T18:16:00.000-04:00||2022-04-26T23:02:00.000-07:00,1651035600||1651044300,2022-04-26T22:00:00.000-07:00||2022-04-27T00:25:00.000-07:00,SFO||ONT,BOS||SFO,United||United,UA||UA,Boeing 737 MAX 9||Boeing 737-800,24240||4980,2698||351,coach||coach
985ac9436066a878784407eddbe30bfe,2022-04-16,2022-04-26,BOS,LAX,TA7NA0BC,PT9H10M,0,True,False,False,184.19,221.60,9,2674,1650967500||1650994200,2022-04-26T06:05:00.000-04:00||2022-04-26T11:30:00.000-06:00,1650987300||1651000500,2022-04-26T09:35:00.000-06:00||2022-04-26T12:15:00.000-07:00,SLC||ONT,BOS||SLC,Delta||Delta,DL||DL,Boeing 737-900||Boeing 737-800,19800||6300,2100||574,coach||coach
c03fb9c8aefe437841d59d082514ac76,2022-04-16,2022-04-26,BOS,LAX,N7AZZNN3,PT9H14M,0,False,False,False,184.19,221.60,2,2771,1650973200||1650994860,2022-04-26T07:40:00.000-04:00||2022-04-26T12:41:00.000-05:00,1650989340||1651006440,2022-04-26T11:09:00.000-05:00||2022-04-26T13:54:00.000-07:00,DFW||ONT,BOS||DFW,American Airlines||American Airlines,AA||AA,Airbus A321||Airbus A321,16140||11580,1556||1215,coach||coach
b600f87cd9e51eaded9493dae979784a,2022-04-16,2022-04-26,BOS,LAX,SAA7PFEN,PT9H16M,0,False,False,False,184.19,221.60,9,2590,1650968100||1650993480,2022-04-26T06:15:00.000-04:00||2022-04-26T11:18:00.000-06:00,1650984720||1651001460,2022-04-26T08:52:00.000-06:00||2022-04-26T12:31:00.000-07:00,DEN||ONT,BOS||DEN,United||United,UA||UA,Boeing 737-800||Boeing 737-800,16620||7980,1763||827,coach||coach
50c25bc9c64ff5032ae4292740cd6ef4,2022-04-16,2022-04-26,BOS,LAX,SAA7PFEN,PT9H51M,0,False,False,False,184.19,221.60,9,3049,1650975360||1651005240,2022-04-26T08:16:00.000-04:00||2022-04-26T13:34:00.000-07:00,1650999480||1651010820,2022-04-26T11:58:00.000-07:00||2022-04-26T15:07:00.000-07:00,SFO||ONT,BOS||SFO,United||United,UA||UA,Boeing 737 MAX 9||Canadair Regional Jet,24120||5580,2698||351,coach||coach
4b063e5466b76727bac31ceadf20abfd,2022-04-16,2022-04-26,BOS,LAX,N7AZZNN3,PT10H2M,0,False,False,False,184.19,221.60,7,2771,1650963600||1650987900,2022-04-26T05:00:00.000-04:00||2022-04-26T10:45:00.000-05:00,1650979740||1650999720,2022-04-26T08:29:00.000-05:00||2022-04-26T12:02:00.000-07:00,DFW||ONT,BOS||DFW,American Airlines||American Airlines,AA||AA,Airbus A321||Airbus A321,16140||11820,1556||1215,coach||coach
dfaae78af834fff24af235a7bab429c8,2022-04-16,2022-04-26,BOS,LAX,MC7ABEL1,PT6H17M,1,False,False,True,198.14,227.60,7,2606,1651023300,2022-04-26T21:35:00.000-04:00,1651045920,2022-04-27T00:52:00.000-07:00,LAX,BOS,JetBlue Airways,B6,Airbus A319-321,22620,2606,coach
08212bd425ca2431e9c4140aaecf6560,2022-04-16,2022-04-26,BOS,LAX,MC7ABEL1,PT6H18M,0,False,False,True,198.14,227.60,7,2606,1650967320,2022-04-26T06:02:00.000-04:00,1650990000,2022-04-26T09:20:00.000-07:00,LAX,BOS,JetBlue Airways,B6,Airbus A319-321,22680,2606,coach
e5c9b51ba59980a7f1af4214598cafd3,2022-04-16,2022-04-26,BOS,LAX,SAA7PFEN,PT6H23M,0,False,False,True,198.14,227.60,9,2606,1651009440,2022-04-26T17:44:00.000-04:00,1651032420,2022-04-26T21:07:00.000-07:00,LAX,BOS,United,UA,Boeing 737-900,22980,2606,coach
88ef7b598d0f00080e2608c10e4719bf,2022-04-16,2022-04-26,BOS,LAX,MC7ABEL1,PT6H25M,0,False,False,True,198.14,227.60,7,2606,1651006800,2022-04-26T17:00:00.000-04:00,1651029900,2022-04-26T20:25:00.000-07:00,LAX,BOS,JetBlue Airways,B6,Airbus A319-321,23100,2606,coach
ce64262914d7dd21851e08199f7cde92,2022-04-16,2022-04-26,BOS,LAX,UA7NA0BQ,PT6H26M,0,True,False,True,198.14,227.60,9,2606,1650974340,2022-04-26T07:59:00.000-04:00,1650997500,2022-04-26T11:25:00.000-07:00,LAX,BOS,Delta,DL,Boeing 757-200,23160,2606,coach
c60502d54ba2047bf6d935fb8056a698,2022-04-16,2022-04-26,BOS,LAX,SAA7PFEN,PT6H27M,0,False,False,True,198.14,227.60,9,2606,1650966900,2022-04-26T05:55:00.000-04:00,1650990120,2022-04-26T09:22:00.000-07:00,LAX,BOS,United,UA,Boeing 737 MAX 9,23220,2606,coach
bdba1d8bd6e27d1ecc9be9d41296b2d3,2022-04-16,2022-04-26,BOS,LAX,G7AZZNN1,PT6H29M,0,False,False,True,198.14,227.60,4,2606,1651016100,2022-04-26T19:35:00.000-04:00,1651039440,2022-04-26T23:04:00.000-07:00,LAX,BOS,American Airlines,AA,AIRBUS INDUSTRIE A321 SHARKLETS,23340,2606,coach
57adb372c3af57eadd594d94dfd4b7a5,2022-04-16,2022-04-26,BOS,LAX,V7AHZNN1,PT6H29M,0,False,False,True,198.14,227.60,4,2606,1651016100,2022-04-26T19:35:00.000-04:00,1651039440,2022-04-26T23:04:00.000-07:00,LAX,BOS,JetBlue Airways,B6,AIRBUS INDUSTRIE A321 SHARKLETS,23340,2606,coach
8184048381ebe602e69bad00c0055f55,2022-04-16,2022-04-26,BOS,LAX,V7AHZNN1,PT6H32M,0,False,False,True,198.14,227.60,1,2606,1650975900,2022-04-26T08:25:00.000-04:00,1650999420,2022-04-26T11:57:00.000-07:00,LAX,BOS,JetBlue Airways,B6,AIRBUS INDUSTRIE A321 SHARKLETS,23520,2606,coach
67185bc84b5b6bc877d360dda17b35c0,2022-04-16,2022-04-26,BOS,LAX,G7AZZNN1,PT6H32M,0,False,False,True,198.14,227.60,1,2606,1650975900,2022-04-26T08:25:00.000-04:00,1650999420,2022-04-26T11:57:00.000-07:00,LAX,BOS,American Airlines,AA,AIRBUS INDUSTRIE A321 SHARKLETS,23520,2606,coach
49da9067282d0c28da2aad27d03282be,2022-04-16,2022-04-26,BOS,LAX,V7AHZNN1,PT6H35M,0,False,False,True,198.14,227.60,5,2606,1651010400,2022-04-26T18:00:00.000-04:00,1651034100,2022-04-26T21:35:00.000-07:00,LAX,BOS,JetBlue Airways,B6,AIRBUS INDUSTRIE A321 SHARKLETS,23700,2606,coach
1c5bd81a66a4fa80e91a0269796b560d,2022-04-16,2022-04-26,BOS,LAX,G7AZZNN1,PT6H35M,0,False,False,True,198.14,227.60,5,2606,1651010400,2022-04-26T18:00:00.000-04:00,1651034100,2022-04-26T21:35:00.000-07:00,LAX,BOS,American Airlines,AA,AIRBUS INDUSTRIE A321 SHARKLETS,23700,2606,coach
da974b76ee8608b23710f167f2461c7d,2022-04-16,2022-04-26,BOS,LAX,G7AZZNN1,PT6H38M,0,False,False,True,198.14,227.60,7,2606,1650968400,2022-04-26T06:20:00.000-04:00,1650992280,2022-04-26T09:58:00.000-07:00,LAX,BOS,American Airlines,AA,AIRBUS INDUSTRIE A321 SHARKLETS,23880,2606,coach
35f99057f1827d0c972def9c5a86e0ac,2022-04-16,2022-04-26,BOS,LAX,V7AHZNN1,PT6H38M,0,False,False,True,198.14,227.60,7,2606,1650968400,2022-04-26T06:20:00.000-04:00,1650992280,2022-04-26T09:58:00.000-07:00,LAX,BOS,JetBlue Airways,B6,AIRBUS INDUSTRIE A321 SHARKLETS,23880,2606,coach
1e74b7d4be64d69b6b68ae9a9ec24b5d,2022-04-16,2022-04-26,BOS,LAX,G7AZZNN1,PT8H39M,0,False,False,False,198.14,235.10,7,2849,1650993600||1651005600,2022-04-26T13:20:00.000-04:00||2022-04-26T16:40:00.000-04:00,1651002300||1651024740,2022-04-26T15:45:00.000-04:00||2022-04-26T18:59:00.000-07:00,CLT||LAX,BOS||CLT,American Airlines||American Airlines,AA||AA,Airbus A320||Airbus A321,8700||19140,728||2121,coach||coach
f244f20ecff37e453495aec1e94e45c7,2022-04-16,2022-04-26,BOS,LAX,G7AZZNN1,PT8H53M,0,False,False,False,198.14,235.10,7,2849,1650973380||1650985800,2022-04-26T07:43:00.000-04:00||2022-04-26T11:10:00.000-04:00,1650982200||1651005360,2022-04-26T10:10:00.000-04:00||2022-04-26T13:36:00.000-07:00,CLT||LAX,BOS||CLT,American Airlines||American Airlines,AA||AA,Airbus A320||Airbus A321,8820||19560,728||2121,coach||coach
2381cfd7f2e62a924528c8d445d5f78b,2022-04-16,2022-04-26,BOS,LAX,G7AZZNN1,PT9H10M,0,False,False,False,198.14,235.10,7,2849,1651005300||1651019100,2022-04-26T16:35:00.000-04:00||2022-04-26T20:25:00.000-04:00,1651014060||1651038300,2022-04-26T19:01:00.000-04:00||2022-04-26T22:45:00.000-07:00,CLT||LAX,BOS||CLT,American Airlines||American Airlines,AA||AA,Airbus A321||Airbus A321,8760||19200,728||2121,coach||coach
cf47535b622c689d6805a330354eb1cc,2022-04-16,2022-04-26,BOS,LAX,G7AZZNN1,PT9H28M,0,False,False,False,198.14,235.10,7,2849,1650997740||1651012320,2022-04-26T14:29:00.000-04:00||2022-04-26T18:32:00.000-04:00,1651006620||1651031820,2022-04-26T16:57:00.000-04:00||2022-04-26T20:57:00.000-07:00,CLT||LAX,BOS||CLT,American Airlines||American Airlines,AA||AA,Boeing 737-800||Airbus A321,8880||19500,728||2121,coach||coach
c600fbc1b51563fd2ef7bf791d7c2f3c,2022-04-16,2022-04-26,BOS,LAX,G7AZZNN1,PT9H32M,0,False,False,False,198.14,235.10,7,2849,1650965880||1650979980,2022-04-26T05:38:00.000-04:00||2022-04-26T09:33:00.000-04:00,1650974520||1651000200,2022-04-26T08:02:00.000-04:00||2022-04-26T12:10:00.000-07:00,CLT||LAX,BOS||CLT,American Airlines||American Airlines,AA||AA,Boeing 737-800||Airbus A321,8640||20220,728||2121,coach||coach
9142ebdd4dcdd03da157fb826657d68e,2022-04-16,2022-04-26,BOS,LAX,G7AZZNN1,PT9H36M,0,False,False,False,198.14,235.10,7,2849,1650970800||1650985800,2022-04-26T07:00:00.000-04:00||2022-04-26T11:10:00.000-04:00,1650980160||1651005360,2022-04-26T09:36:00.000-04:00||2022-04-26T13:36:00.000-07:00,CLT||LAX,BOS||CLT,American Airlines||American Airlines,AA||AA,Airbus A321||Airbus A321,9360||19560,728||2121,coach||coach
b930abd358064d3b6ac7d81cad33d810,2022-04-16,2022-04-26,BOS,LAX,UA7NA0BQ,PT8H10M,0,True,False,False,198.14,236.60,9,2656,1650974700||1650989940,2022-04-26T08:05:00.000-04:00||2022-04-26T11:19:00.000-05:00,1650986880||1651004100,2022-04-26T10:28:00.000-05:00||2022-04-26T13:15:00.000-07:00,MSP||LAX,BOS||MSP,Delta||Delta,DL||DL,Airbus A321||Airbus A321,12180||14160,1122||1534,coach||coach
73a4aed7be2876d30a4d2ffd8507b674,2022-04-16,2022-04-26,BOS,LAX,SAA7PFEN,PT8H15M,0,False,False,False,198.14,236.60,9,2701,1650998700||1651008600,2022-04-26T14:45:00.000-04:00||2022-04-26T17:30:00.000-04:00,1651004700||1651028400,2022-04-26T16:25:00.000-04:00||2022-04-26T20:00:00.000-07:00,IAD||LAX,BOS||IAD,United||United,UA||UA,Boeing 737-800||Boeing 777,6000||19800,406||2295,coach||coach
807fb28d10a996bb60369bb2f11b7e91,2022-04-16,2022-04-26,BOS,LAX,SAA7PFEN,PT8H20M,0,False,False,False,198.14,236.60,9,2643,1650967500||1650976200,2022-04-26T06:05:00.000-04:00||2022-04-26T08:30:00.000-04:00,1650972540||1650997500,2022-04-26T07:29:00.000-04:00||2022-04-26T11:25:00.000-07:00,EWR||LAX,BOS||EWR,United||United,UA||UA,Boeing 737-900||,5040||21300,185||2458,coach||coach
5b1f1e9a235093e7182141ab1739995c,2022-04-16,2022-04-26,BOS,LAX,V7AHZNN1,PT8H24M,0,False,False,False,198.14,236.60,4,2643,1650998700||1651006800,2022-04-26T14:45:00.000-04:00||2022-04-26T17:00:00.000-04:00,1651003740||1651028940,2022-04-26T16:09:00.000-04:00||2022-04-26T20:09:00.000-07:00,JFK||LAX,BOS||JFK,JetBlue Airways||JetBlue Airways,B6||B6,AIRBUS INDUSTRIE A321 SHARKLETS||AIRBUS INDUSTRIE A321 SHARKLETS,5040||22140,185||2458,coach||coach
267d60c18f86f1b8dc40b7e1688e6e1b,2022-04-16,2022-04-26,BOS,LAX,G7AZZNN1,PT8H24M,0,False,False,False,198.14,236.60,4,2643,1650998700||1651006800,2022-04-26T14:45:00.000-04:00||2022-04-26T17:00:00.000-04:00,1651003740||1651028940,2022-04-26T16:09:00.000-04:00||2022-04-26T20:09:00.000-07:00,JFK||LAX,BOS||JFK,American Airlines||American Airlines,AA||AA,AIRBUS INDUSTRIE A321 SHARKLETS||AIRBUS INDUSTRIE A321 SHARKLETS,5040||22140,185||2458,coach||coach
6ea16bda16c6295af9219d5862f2d37f,2022-04-16,2022-04-26,BOS,LAX,G7AZZNN1,PT8H25M,0,False,False,False,198.14,236.60,7,2701,1650997800||1651006800,2022-04-26T14:30:00.000-04:00||2022-04-26T17:00:00.000-04:00,1651003860||1651028100,2022-04-26T16:11:00.000-04:00||2022-04-26T19:55:00.000-07:00,DCA||LAX,BOS||DCA,American Airlines||American Airlines,AA||AA,Airbus A319||,6060||21300,406||2295,coach||coach
6f695885230e546ef106258841da9905,2022-04-16,2022-04-26,BOS,LAX,UA7NA0BQ,PT8H26M,0,True,False,False,198.14,236.60,9,2656,1650990420||1651006800,2022-04-26T12:27:00.000-04:00||2022-04-26T16:00:00.000-05:00,1651002240||1651020780,2022-04-26T14:44:00.000-05:00||2022-04-26T17:53:00.000-07:00,MSP||LAX,BOS||MSP,Delta||Delta,DL||DL,Airbus A320||Airbus A321,11820||13980,1122||1534,coach||coach
47aa771182bf477ea8f9d9574738b164,2022-04-16,2022-04-26,BOS,LAX,G7AZZNN1,PT8H27M,0,False,False,False,198.14,236.60,7,2607,1650971700||1650986100,2022-04-26T07:15:00.000-04:00||2022-04-26T10:15:00.000-05:00,1650982560||1651002120,2022-04-26T09:16:00.000-05:00||2022-04-26T12:42:00.000-07:00,ORD||LAX,BOS||ORD,American Airlines||American Airlines,AA||AA,Boeing 737-800||Boeing 737-800,10860||16020,862||1745,coach||coach
3914e61799581fd231f2833f266f8477,2022-04-16,2022-04-26,BOS,LAX,G7AZZNN1,PT8H27M,0,False,False,False,198.14,236.60,7,2677,1650967200||1650975720,2022-04-26T06:00:00.000-04:00||2022-04-26T08:22:00.000-04:00,1650972900||1650997620,2022-04-26T07:35:00.000-04:00||2022-04-26T11:27:00.000-07:00,PHL||LAX,BOS||PHL,American Airlines||American Airlines,AA||AA,Airbus A321||,5700||21900,280||2397,coach||coach
45c2ed8cabd24954a504f3395a1f1dd7,2022-04-16,2022-04-26,BOS,LAX,G7AZZNN1,PT8H28M,0,False,False,False,198.14,236.60,7,2607,1651001400||1651015920,2022-04-26T15:30:00.000-04:00||2022-04-26T18:32:00.000-05:00,1651011780||1651031880,2022-04-26T17:23:00.000-05:00||2022-04-26T20:58:00.000-07:00,ORD||LAX,BOS||ORD,American Airlines||American Airlines,AA||AA,Embraer 175||Boeing 737-800,10380||15960,862||1745,coach||coach
a201f43cc407fdd859500cc4119c3b31,2022-04-16,2022-04-26,BOS,LAX,G7AZZNN1,PT8H32M,0,False,False,False,198.14,236.60,7,2607,1650982920||1650997500,2022-04-26T10:22:00.000-04:00||2022-04-26T13:25:00.000-05:00,1650993660||1651013640,2022-04-26T12:21:00.000-05:00||2022-04-26T15:54:00.000-07:00,ORD||LAX,BOS||ORD,American Airlines||American Airlines,AA||AA,Airbus A319||Boeing 737-800,10740||16140,862||1745,coach||coach
4d3a827abcdedb570172723a4025a8f0,2022-04-16,2022-04-26,BOS,LAX,SAA7PFEN,PT8H34M,1,False,False,False,198.14,236.60,9,2701,1651016760||1651026900,2022-04-26T19:46:00.000-04:00||2022-04-26T22:35:00.000-04:00,1651022400||1651047600,2022-04-26T21:20:00.000-04:00||2022-04-27T01:20:00.000-07:00,IAD||LAX,BOS||IAD,United||United,UA||UA,Boeing 737-900||Boeing 737-900,5640||20700,406||2295,coach||coach
72835ee8d7d98453913d7eed76572eed,2022-04-16,2022-04-26,BOS,LAX,SAA7PFEN,PT8H34M,0,False,False,False,198.14,236.60,9,2607,1650980460||1650995100,2022-04-26T09:41:00.000-04:00||2022-04-26T12:45:00.000-05:00,1650990720||1651011300,2022-04-26T11:32:00.000-05:00||2022-04-26T15:15:00.000-07:00,ORD||LAX,BOS||ORD,United||United,UA||UA,Boeing 737 MAX 9||Boeing 757-300,10260||16200,862||1745,coach||coach
806b6d5d54696acd21ba797c1f561eea,2022-04-16,2022-04-26,BOS,LAX,UA7NA0BQ,PT8H36M,0,True,False,False,198.14,236.60,9,2656,1651010340||1651027380,2022-04-26T17:59:00.000-04:00||2022-04-26T21:43:00.000-05:00,1651022580||1651041300,2022-04-26T20:23:00.000-05:00||2022-04-26T23:35:00.000-07:00,MSP||LAX,BOS||MSP,Delta||Delta,DL||DL,Airbus A321||Airbus A321,12240||13920,1122||1534,coach||coach
f6d8fb3b35a1b1f99d2abb3c60c8efc2,2022-04-16,2022-04-26,BOS,LAX,SAA7PFEN,PT8H38M,0,False,False,False,198.14,236.60,9,2607,1650974400||1650988980,2022-04-26T08:00:00.000-04:00||2022-04-26T11:03:00.000-05:00,1650984660||1651005480,2022-04-26T09:51:00.000-05:00||2022-04-26T13:38:00.000-07:00,ORD||LAX,BOS||ORD,United||United,UA||UA,Boeing 737-800||Boeing 737-800,10260||16500,862||1745,coach||coach
faaa86fa1bdfc17b016f4fdd18872524,2022-04-16,2022-04-26,BOS,LAX,SAA7PFEN,PT8H38M,0,False,False,False,198.14,236.60,3,2643,1650987000||1650996000,2022-04-26T11:30:00.000-04:00||2022-04-26T14:00:00.000-04:00,1650992100||1651018080,2022-04-26T12:55:00.000-04:00||2022-04-26T17:08:00.000-07:00,EWR||LAX,BOS||EWR,United||United,UA||UA,Boeing 737-800||Boeing 757-200,5100||22080,185||2458,coach||coach
6e3495112a1c3c504acfbcc0e3491489,2022-04-16,2022-04-26,BOS,LAX,G7AZZNN1,PT8H38M,0,False,False,False,198.14,236.60,7,2677,1650985800||1650995340,2022-04-26T11:10:00.000-04:00||2022-04-26T13:49:00.000-04:00,1650991440||1651016880,2022-04-26T12:44:00.000-04:00||2022-04-26T16:48:00.000-07:00,PHL||LAX,BOS||PHL,American Airlines||American Airlines,AA||AA,Airbus A319||,5640||21540,280||2397,coach||coach
20124117775aeb85458af9257de6df7c,2022-04-16,2022-04-26,BOS,LAX,V7AHZNN1,PT8H39M,0,False,False,False,198.14,236.60,7,2643,1650982860||1650992400,2022-04-26T10:21:00.000-04:00||2022-04-26T13:00:00.000-04:00,1650987840||1651014000,2022-04-26T11:44:00.000-04:00||2022-04-26T16:00:00.000-07:00,JFK||LAX,BOS||JFK,JetBlue Airways||JetBlue Airways,B6||B6,AIRBUS INDUSTRIE A321 SHARKLETS||Airbus A319-321,4980||21600,185||2458,coach||coach
7dcd7cd7850d658220d1b17e3618fcaa,2022-04-16,2022-04-26,BOS,LAX,G7AZZNN1,PT8H40M,0,False,False,False,198.14,236.60,7,2794,1650963600||1650982740,2022-04-26T05:00:00.000-04:00||2022-04-26T09:19:00.000-05:00,1650979740||1650994800,2022-04-26T08:29:00.000-05:00||2022-04-26T10:40:00.000-07:00,DFW||LAX,BOS||DFW,American Airlines||American Airlines,AA||AA,Airbus A321||,16140||12060,1556||1238,coach||coach
322a4235e18100aec86aeff9fa29809e,2022-04-16,2022-04-26,BOS,LAX,SAA7PFEN,PT8H41M,0,False,False,False,198.14,236.60,9,2607,1651011420||1651026300,2022-04-26T18:17:00.000-04:00||2022-04-26T21:25:00.000-05:00,1651022640||1651042680,2022-04-26T20:24:00.000-05:00||2022-04-26T23:58:00.000-07:00,ORD||LAX,BOS||ORD,United||United,UA||UA,Embraer 175 (Enhanced Winglets)||Boeing 737-900,11220||16380,862||1745,coach||coach
2f1674db4d5c009bae0458883d888c99,2022-04-16,2022-04-26,BOS,LAX,G7AZZNN1,PT8H44M,0,False,False,False,198.14,236.60,7,2643,1650978240||1650986940,2022-04-26T09:04:00.000-04:00||2022-04-26T11:29:00.000-04:00,1650983400||1651009680,2022-04-26T10:30:00.000-04:00||2022-04-26T14:48:00.000-07:00,JFK||LAX,BOS||JFK,American Airlines||American Airlines,AA||AA,AIRBUS INDUSTRIE A321 SHARKLETS||AIRBUS INDUSTRIE A321 SHARKLETS,5160||22740,185||2458,coach||coach
5e7c19d30dddf4bec97600c282bdcbf9,2022-04-16,2022-04-26,BOS,LAX,V7AHZNN1,PT8H44M,0,False,False,False,198.14,236.60,7,2643,1650978240||1650986940,2022-04-26T09:04:00.000-04:00||2022-04-26T11:29:00.000-04:00,1650983400||1651009680,2022-04-26T10:30:00.000-04:00||2022-04-26T14:48:00.000-07:00,JFK||LAX,BOS||JFK,JetBlue Airways||JetBlue Airways,B6||B6,AIRBUS INDUSTRIE A321 SHARKLETS||AIRBUS INDUSTRIE A321 SHARKLETS,5160||22740,185||2458,coach||coach
1194b7bbfa6e490f0c577a8a409b3d66,2022-04-16,2022-04-26,BOS,LAX,G7AZZNN1,PT8H49M,0,False,False,False,198.14,236.60,7,2794,1650998520||1651018500,2022-04-26T14:42:00.000-04:00||2022-04-26T19:15:00.000-05:00,1651014600||1651030260,2022-04-26T18:10:00.000-05:00||2022-04-26T20:31:00.000-07:00,DFW||LAX,BOS||DFW,American Airlines||American Airlines,AA||AA,Airbus A321||BOEING 787-9,16080||11760,1556||1238,coach||coach
e1dcfd1c1749f82aa665e380eb17c620,2022-04-16,2022-04-26,BOS,LAX,UA7NA0BQ,PT8H50M,0,True,False,False,198.14,236.60,9,2656,1650967200||1650984900,2022-04-26T06:00:00.000-04:00||2022-04-26T09:55:00.000-05:00,1650979320||1650999000,2022-04-26T08:22:00.000-05:00||2022-04-26T11:50:00.000-07:00,MSP||LAX,BOS||MSP,Delta||Delta,DL||DL,Boeing 737-900||Airbus A321,12120||14100,1122||1534,coach||coach
db9d3d0062200fc6a5decb131d727f94,2022-04-16,2022-04-26,BOS,LAX,UA7NA0BQ,PT8H53M,0,True,False,False,198.14,236.60,9,2643,1650986400||1650996000,2022-04-26T11:20:00.000-04:00||2022-04-26T14:00:00.000-04:00,1650991440||1651018380,2022-04-26T12:44:00.000-04:00||2022-04-26T17:13:00.000-07:00,JFK||LAX,BOS||JFK,Delta||Delta,DL||DL,Embraer 175||,5040||22380,185||2458,coach||coach
b8d6a8a9f508b950e074a1c18d2d6b30,2022-04-16,2022-04-26,BOS,LAX,G7AZZNN1,PT8H55M,0,False,False,False,198.14,236.60,6,2677,1651003500||1651013640,2022-04-26T16:05:00.000-04:00||2022-04-26T18:54:00.000-04:00,1651009080||1651035600,2022-04-26T17:38:00.000-04:00||2022-04-26T22:00:00.000-07:00,PHL||LAX,BOS||PHL,American Airlines||American Airlines,AA||AA,Airbus A319||,5580||21960,280||2397,coach||coach
4c48c8d0113e4dff81129be4ad4c2bd0,2022-04-16,2022-04-26,BOS,LAX,SAA7PFEN,PT8H58M,0,False,False,False,198.14,236.60,9,2643,1650996000||1651006800,2022-04-26T14:00:00.000-04:00||2022-04-26T17:00:00.000-04:00,1651001460||1651028280,2022-04-26T15:31:00.000-04:00||2022-04-26T19:58:00.000-07:00,EWR||LAX,BOS||EWR,United||United,UA||UA,Airbus A319||,5460||21480,185||2458,coach||coach
7d66ff889c813cc9c76386b2498ee935,2022-04-16,2022-04-26,BOS,LAX,SAA7PFEN,PT9H1M,0,False,False,False,198.14,236.60,9,2607,1651006440||1651022520,2022-04-26T16:54:00.000-04:00||2022-04-26T20:22:00.000-05:00,1651017000||1651038900,2022-04-26T18:50:00.000-05:00||2022-04-26T22:55:00.000-07:00,ORD||LAX,BOS||ORD,United||United,UA||UA,Boeing 737 MAX 9||Boeing 737-900,10560||16380,862||1745,coach||coach
eda7f15f56645625a69bda9e29b70850,2022-04-16,2022-04-26,BOS,LAX,SAA7PFEN,PT9H1M,0,False,False,False,198.14,236.60,8,2985,1651001340||1651020360,2022-04-26T15:29:00.000-04:00||2022-04-26T19:46:00.000-05:00,1651016820||1651033800,2022-04-26T18:47:00.000-05:00||2022-04-26T21:30:00.000-07:00,IAH||LAX,BOS||IAH,United||United,UA||UA,Boeing 737-900||Boeing 737-800,15480||13440,1602||1383,coach||coach
f171aa739c3c0f7788c436e8e3aa0872,2022-04-16,2022-04-26,BOS,LAX,G7AZZNN1,PT9H3M,0,False,False,False,198.14,236.60,7,2794,1650973200||1650993720,2022-04-26T07:40:00.000-04:00||2022-04-26T12:22:00.000-05:00,1650989340||1651005780,2022-04-26T11:09:00.000-05:00||2022-04-26T13:43:00.000-07:00,DFW||LAX,BOS||DFW,American Airlines||American Airlines,AA||AA,Airbus A321||Airbus A321,16140||12060,1556||1238,coach||coach
e0a3f8aacb42c929e4660ef22954238f,2022-04-16,2022-04-26,BOS,LAX,V7AHZNN1,PT9H5M,0,False,False,False,198.14,236.60,4,2643,1650998700||1651008540,2022-04-26T14:45:00.000-04:00||2022-04-26T17:29:00.000-04:00,1651003740||1651031400,2022-04-26T16:09:00.000-04:00||2022-04-26T20:50:00.000-07:00,JFK||LAX,BOS||JFK,JetBlue Airways||JetBlue Airways,B6||B6,AIRBUS INDUSTRIE A321 SHARKLETS||Airbus A319-321,5040||22860,185||2458,coach||coach
a6542e9b170d04a23cc66220a19a80c0,2022-04-16,2022-04-26,BOS,LAX,G7AZZNN1,PT9H5M,0,False,False,False,198.14,236.60,7,2677,1650992400||1651003140,2022-04-26T13:00:00.000-04:00||2022-04-26T15:59:00.000-04:00,1650997980||1651025100,2022-04-26T14:33:00.000-04:00||2022-04-26T19:05:00.000-07:00,PHL||LAX,BOS||PHL,American Airlines||American Airlines,AA||AA,Airbus A321||,5580||21960,280||2397,coach||coach
c4ca873303430d2013a3142e554f2dd0,2022-04-16,2022-04-26,BOS,LAX,UA7NA0BQ,PT9H13M,0,True,False,False,198.14,236.60,9,2607,1651008060||1651023060,2022-04-26T17:21:00.000-04:00||2022-04-26T21:31:00.000-04:00,1651016280||1651041240,2022-04-26T19:38:00.000-04:00||2022-04-26T23:34:00.000-07:00,DTW||LAX,BOS||DTW,Delta||Delta,DL||DL,Airbus A321||Airbus A321,8220||18180,622||1985,coach||coach
c7552b81570a1cc85fb8091b78faf996,2022-04-16,2022-04-26,BOS,LAX,UA7NA0BQ,PT9H14M,0,True,False,False,198.14,236.60,9,2643,1650991860||1651002300,2022-04-26T12:51:00.000-04:00||2022-04-26T15:45:00.000-04:00,1650997260||1651025100,2022-04-26T14:21:00.000-04:00||2022-04-26T19:05:00.000-07:00,JFK||LAX,BOS||JFK,Delta||Delta,DL||DL,Embraer 175||Boeing 767,5400||22800,185||2458,coach||coach
8bccf9d16c6d8bd7af739a975bf1ccc4,2022-04-16,2022-04-26,BOS,LAX,UA7NA0BQ,PT9H30M,0,True,False,False,198.14,236.60,9,2690,1650967500||1650994440,2022-04-26T06:05:00.000-04:00||2022-04-26T11:34:00.000-06:00,1650987300||1651001700,2022-04-26T09:35:00.000-06:00||2022-04-26T12:35:00.000-07:00,SLC||LAX,BOS||SLC,Delta||Delta,DL||DL,Boeing 737-900||Boeing 737-900,19800||7260,2100||590,coach||coach
2adaf1d71e2a3200fe5d63e88d7c73f6,2022-04-16,2022-04-26,BOS,LAX,UA7NA0BQ,PT9H31M,0,True,False,False,198.14,236.60,9,2643,1650995700||1651007400,2022-04-26T13:55:00.000-04:00||2022-04-26T17:10:00.000-04:00,1651000920||1651029960,2022-04-26T15:22:00.000-04:00||2022-04-26T20:26:00.000-07:00,JFK||LAX,BOS||JFK,Delta||Delta,DL||DL,Embraer 175||Boeing 767,5220||22560,185||2458,coach||coach
c8d0fbc48e17158431b2ca23882c3c51,2022-04-16,2022-04-26,BOS,LAX,G7AZZNN1,PT9H42M,0,False,False,False,198.14,236.60,7,2607,1650967200||1650986100,2022-04-26T06:00:00.000-04:00||2022-04-26T10:15:00.000-05:00,1650978060||1651002120,2022-04-26T08:01:00.000-05:00||2022-04-26T12:42:00.000-07:00,ORD||LAX,BOS||ORD,American Airlines||American Airlines,AA||AA,Boeing 737-800||Boeing 737-800,10860||16020,862||1745,coach||coach
cbd1d19b34ffef8b6d41eb79ab7e5c7c,2022-04-16,2022-04-26,BOS,LAX,SAA7PFEN,PT10H4M,0,False,False,False,198.14,236.60,9,2607,1651006440||1651026300,2022-04-26T16:54:00.000-04:00||2022-04-26T21:25:00.000-05:00,1651017000||1651042680,2022-04-26T18:50:00.000-05:00||2022-04-26T23:58:00.000-07:00,ORD||LAX,BOS||ORD,United||United,UA||UA,Boeing 737 MAX 9||Boeing 737-900,10560||16380,862||1745,coach||coach
c6b274df0d715b8853719f2878be9342,2022-04-16,2022-04-26,BOS,LAX,UA7NA0BQ,PT10H28M,1,True,False,False,198.14,236.60,9,2643,1651007940||1651022820,2022-04-26T17:19:00.000-04:00||2022-04-26T21:27:00.000-04:00,1651013100||1651045620,2022-04-26T18:45:00.000-04:00||2022-04-27T00:47:00.000-07:00,JFK||LAX,BOS||JFK,Delta||Delta,DL||DL,Airbus A220-100||,5160||22800,185||2458,coach||coach
c1bdf4aed878503f44546ccc53a3892d,2022-04-16,2022-04-26,BOS,LAX,VC7ABEY5,PT6H17M,1,False,False,True,235.35,267.60,7,2606,1651023300,2022-04-26T21:35:00.000-04:00,1651045920,2022-04-27T00:52:00.000-07:00,LAX,BOS,American Airlines,AA,Airbus A321,22620,2606,coach
1d80a192124905165cf89fa76629bb1e,2022-04-16,2022-04-26,BOS,LAX,VC7ABEY5,PT6H18M,0,False,False,True,235.35,267.60,7,2606,1650967320,2022-04-26T06:02:00.000-04:00,1650990000,2022-04-26T09:20:00.000-07:00,LAX,BOS,American Airlines,AA,Airbus A321,22680,2606,coach
9b4728a255b0deef056ff23db656e408,2022-04-16,2022-04-26,BOS,LAX,VC7ABEY5,PT6H25M,0,False,False,True,235.35,267.60,7,2606,1651006800,2022-04-26T17:00:00.000-04:00,1651029900,2022-04-26T20:25:00.000-07:00,LAX,BOS,American Airlines,AA,Airbus A321,23100,2606,coach
7fee461460814891f743d3ea109ed8d6,2022-04-16,2022-04-26,BOS,LAX,S7AZZNN1,PT9H7M,0,False,False,False,227.91,268.60,4,2771,1651003680||1651024920,2022-04-26T16:08:00.000-04:00||2022-04-26T21:02:00.000-05:00,1651019760||1651036500,2022-04-26T19:36:00.000-05:00||2022-04-26T22:15:00.000-07:00,DFW||ONT,BOS||DFW,American Airlines||American Airlines,AA||AA,Airbus A321||Airbus A321,16080||11580,1556||1215,coach||coach
26cd1dfb06905240cd5855b2ff737a7e,2022-04-16,2022-04-26,BOS,LAX,QH7OAJBN,PT9H48M,0,True,False,False,235.35,276.60,7,3037,1650975300||1651005300,2022-04-26T08:15:00.000-04:00||2022-04-26T13:35:00.000-07:00,1650999300||1651010580,2022-04-26T11:55:00.000-07:00||2022-04-26T15:03:00.000-07:00,SFO||LAX,BOS||SFO,Alaska Airlines||Alaska Airlines,AS||AS,Boeing 737-900||Embraer 175,24000||5280,2698||339,coach||coach
b7dfacf5f0e73c78b237820e97e4f0cd,2022-04-16,2022-04-26,BOS,LAX,LA7OA0BQ,PT6H26M,0,True,False,True,245.58,278.60,9,2606,1651015200,2022-04-26T19:20:00.000-04:00,1651038360,2022-04-26T22:46:00.000-07:00,LAX,BOS,Delta,DL,Boeing 757-200,23160,2606,coach
27e216a8389b7097a06f54437102db12,2022-04-16,2022-04-26,BOS,LAX,RH7AUEL1,PT6H24M,0,False,False,True,246.51,279.60,7,2606,1650981540,2022-04-26T09:59:00.000-04:00,1651004580,2022-04-26T13:23:00.000-07:00,LAX,BOS,JetBlue Airways,B6,Airbus A319-321,23040,2606,coach
9668c69ce7dd614f7c5ecb1b0d312983,2022-04-16,2022-04-26,BOS,LAX,KA0NA0MQ,PT9H40M,0,False,False,False,244.65,286.60,7,2643,1651007040||1651019340,2022-04-26T17:04:00.000-04:00||2022-04-26T20:29:00.000-04:00,1651012500||1651041840,2022-04-26T18:35:00.000-04:00||2022-04-26T23:44:00.000-07:00,EWR||LAX,BOS||EWR,Delta||Alaska Airlines,DL||AS,Embraer 175||Boeing 737 MAX 9,5460||22500,185||2458,coach||coach
1fba5380d2a4486c55dd1d93b41c88d0,2022-04-16,2022-04-26,BOS,LAX,KA7NA0MC,PT8H57M,0,False,False,False,277.21,321.60,5,2674,1651009500||1651035540,2022-04-26T17:45:00.000-04:00||2022-04-26T22:59:00.000-06:00,1651029420||1651041720,2022-04-26T21:17:00.000-06:00||2022-04-26T23:42:00.000-07:00,SLC||ONT,BOS||SLC,Delta||Delta,DL||DL,Boeing 737-800||Boeing 737-800,19920||6180,2100||574,coach||coach
4c97a920ad4178e9edc452b1d32a2877,2022-04-16,2022-04-26,BOS,LAX,KA7NA0MC,PT9H19M,0,False,False,False,277.21,321.60,3,2866,1651005360||1651021920,2022-04-26T16:36:00.000-04:00||2022-04-26T21:12:00.000-04:00,1651015800||1651038900,2022-04-26T19:30:00.000-04:00||2022-04-26T22:55:00.000-07:00,ATL||ONT,BOS||ATL,Delta||Delta,DL||DL,Airbus A321||Airbus A321,10440||16980,947||1919,coach||coach
016be68d80513b80427df1dd8e9114df,2022-04-16,2022-04-26,BOS,LAX,VAA7JFEN,PT8H1M,0,False,False,False,284.65,329.60,2,2590,1650972600||1650993480,2022-04-26T07:30:00.000-04:00||2022-04-26T11:18:00.000-06:00,1650989460||1651001460,2022-04-26T10:11:00.000-06:00||2022-04-26T12:31:00.000-07:00,DEN||ONT,BOS||DEN,United||United,UA||UA,Boeing 737-800||Boeing 737-800,16860||7980,1763||827,coach||coach
c14bdfbacf8b2aa3d5efc45923088784,2022-04-16,2022-04-26,BOS,LAX,KA7OA0MQ,PT6H21M,0,False,False,True,301.40,338.61,4,2606,1650983640,2022-04-26T10:34:00.000-04:00,1651006500,2022-04-26T13:55:00.000-07:00,LAX,BOS,Delta,DL,Boeing 757-200,22860,2606,coach
5ebf6c97c412861b01ea8808122a9df6,2022-04-16,2022-04-26,BOS,LAX,VAA3KKEN,PT7H56M,0,False,False,False,305.12,351.60,9,2701,1650982500||1650990600,2022-04-26T10:15:00.000-04:00||2022-04-26T12:30:00.000-04:00,1650987900||1651011060,2022-04-26T11:45:00.000-04:00||2022-04-26T15:11:00.000-07:00,IAD||LAX,BOS||IAD,United||United,UA||UA,Boeing 737-700||Boeing 737-800,5400||20460,406||2295,coach||coach
829d03121675480a3201c3a50e8b5432,2022-04-16,2022-04-26,BOS,LAX,KA0NA0MQ,PT8H45M,0,False,False,False,311.63,358.60,7,2701,1650967800||1650978600,2022-04-26T06:10:00.000-04:00||2022-04-26T09:10:00.000-04:00,1650974340||1650999300,2022-04-26T07:59:00.000-04:00||2022-04-26T11:55:00.000-07:00,DCA||LAX,BOS||DCA,Delta||Alaska Airlines,DL||AS,Embraer 175||AIRBUS INDUSTRIE A321 SHARKLETS,6540||20700,406||2295,coach||coach
114c6cf096ed59d4a71a03196654fc12,2022-04-16,2022-04-26,LAX,BOS,LA7OA0BQ,PT9H15M,1,True,False,False,245.58,287.60,9,3445,1651020600||1651035060,2022-04-26T17:50:00.000-07:00||2022-04-26T21:51:00.000-07:00,1651030560||1651053900,2022-04-26T20:36:00.000-07:00||2022-04-27T06:05:00.000-04:00,SEA||BOS,LAX||SEA,Delta||Delta,DL||DL,Boeing 737-900||Boeing 737-900,9960||18840,956||2489,coach||coach
39d481d368669d169e39c5de0c6ed43c,2022-04-16,2022-04-26,LAX,BOS,KA7NA0MC,PT9H35M,1,False,False,False,277.21,321.60,1,3445,1651019400||1651035060,2022-04-26T17:30:00.000-07:00||2022-04-26T21:51:00.000-07:00,1651029660||1651053900,2022-04-26T20:21:00.000-07:00||2022-04-27T06:05:00.000-04:00,SEA||BOS,ONT||SEA,Delta||Delta,DL||DL,Embraer 175 (Enhanced Winglets)||Boeing 737-900,10260||18840,956||2489,coach||coach
e926294ef66929c5b1cd26eba6835a1b,2022-04-16,2022-04-26,LAX,BOS,PA7SP,PT6H49M,1,False,False,False,299.01,328.59,0,,1651035060||1651041900,2022-04-26T21:51:00.000-07:00||2022-04-26T23:45:00.000-07:00,1651039500||1651059600,2022-04-26T23:05:00.000-07:00||2022-04-27T07:40:00.000-04:00,LAS||BOS,LAX||LAS,Spirit Airlines||Spirit Airlines,NK||NK,AIRBUS INDUSTRIE A320 SHARKLETS||Airbus A319,4440||17700,None||None,coach||coach
5b262d7f9a6c3dc5b8f6f89df798ab3a,2022-04-16,2022-04-26,LAX,BOS,PA7SP,PT15H16M,1,False,False,False,299.01,328.59,0,,1651004640||1651041900,2022-04-26T13:24:00.000-07:00||2022-04-26T23:45:00.000-07:00,1651008840||1651059600,2022-04-26T14:34:00.000-07:00||2022-04-27T07:40:00.000-04:00,LAS||BOS,LAX||LAS,Spirit Airlines||Spirit Airlines,NK||NK,AIRBUS INDUSTRIE A321 SHARKLETS||Airbus A319,4200||17700,None||None,coach||coach
5a7080f26dc38c12782bb974db3e5708,2022-04-16,2022-04-26,LAX,BOS,L3AJZNN1,PT7H49M,1,False,False,False,283.72,328.60,2,2607,1651042500||1651062300,2022-04-26T23:55:00.000-07:00||2022-04-27T07:25:00.000-05:00,1651056420||1651070640,2022-04-27T05:47:00.000-05:00||2022-04-27T10:44:00.000-04:00,ORD||BOS,LAX||ORD,American Airlines||American Airlines,AA||AA,Boeing 737-800||Embraer 175,13920||8340,1745||862,coach||coach
e1a16afdd34abee247520e38c0b1d6b8,2022-04-16,2022-04-26,LAX,BOS,VAA3OHEN,PT5H29M,1,False,False,True,310.70,348.60,6,2606,1651038660,2022-04-26T22:51:00.000-07:00,1651058400,2022-04-27T07:20:00.000-04:00,BOS,LAX,United,UA,Boeing 737 MAX 9,19740,2606,coach
d23d907c6948edce5ea90593d951d6bd,2022-04-16,2022-04-26,LAX,BOS,VAA3KKEN,PT7H19M,1,False,False,False,305.12,351.60,9,2611,1651024620||1651036800,2022-04-26T18:57:00.000-07:00||2022-04-26T23:20:00.000-06:00,1651032960||1651050960,2022-04-26T22:16:00.000-06:00||2022-04-27T05:16:00.000-04:00,DEN||BOS,LAX||DEN,United||United,UA||UA,Boeing 737-900||Boeing 737-800,8340||14160,848||1763,coach||coach
acd05e2785913e0782df198d21f49a27,2022-04-16,2022-04-26,LAX,BOS,VAA3KKEN,PT7H38M,1,False,False,False,305.12,351.60,8,2701,1651041480||1651063020,2022-04-26T23:38:00.000-07:00||2022-04-27T08:37:00.000-04:00,1651058940||1651068960,2022-04-27T07:29:00.000-04:00||2022-04-27T10:16:00.000-04:00,IAD||BOS,LAX||IAD,United||United,UA||UA,Boeing 737-900||Boeing 737-800,17460||5940,2295||406,coach||coach
5d2b55b740c2774ef7d637f6c0b2ac84,2022-04-16,2022-04-26,LAX,BOS,VAA3KKEN,PT7H44M,0,False,False,False,305.12,351.60,1,2611,1650974400||1650988200,2022-04-26T05:00:00.000-07:00||2022-04-26T09:50:00.000-06:00,1650982980||1651002240,2022-04-26T08:23:00.000-06:00||2022-04-26T15:44:00.000-04:00,DEN||BOS,LAX||DEN,United||United,UA||UA,Boeing 757-300||Boeing 737 MAX 9,8580||14040,848||1763,coach||coach
f67b068cc211f791d902f1138f8cd281,2022-04-16,2022-04-26,LAX,BOS,VAA3KKEN,PT8H15M,1,False,False,False,305.12,351.60,4,2701,1651003200||1651026780,2022-04-26T13:00:00.000-07:00||2022-04-26T22:33:00.000-04:00,1651020660||1651032900,2022-04-26T20:51:00.000-04:00||2022-04-27T00:15:00.000-04:00,IAD||BOS,LAX||IAD,United||United,UA||UA,Boeing 767||Boeing 737-900,17460||6120,2295||406,coach||coach
107c63917e15fb28486ccda5379827f8,2022-04-16,2022-04-26,LAX,BOS,VAA3KKEN,PT8H31M,1,False,False,False,305.12,351.60,8,2607,1651039140||1651061700,2022-04-26T22:59:00.000-07:00||2022-04-27T07:15:00.000-05:00,1651053120||1651069800,2022-04-27T04:52:00.000-05:00||2022-04-27T10:30:00.000-04:00,ORD||BOS,LAX||ORD,United||United,UA||UA,BOEING 787-9||Boeing 737-800,13980||8100,1745||862,coach||coach
9d9f6181e30c34367c0ee8f37d0be125,2022-04-16,2022-04-26,LAX,BOS,VAA3KKEN,PT9H40M,1,False,False,False,305.12,351.60,9,2701,1651034160||1651063020,2022-04-26T21:36:00.000-07:00||2022-04-27T08:37:00.000-04:00,1651051740||1651068960,2022-04-27T05:29:00.000-04:00||2022-04-27T10:16:00.000-04:00,IAD||BOS,LAX||IAD,United||United,UA||UA,Airbus A319||Boeing 737-800,17580||5940,2295||406,coach||coach
2a52d0a76aa2c1ca4dca901f7c5a3b8d,2022-04-16,2022-04-26,LAX,BOS,VAA3KKEN,PT9H58M,1,False,False,False,305.12,351.60,9,2611,1651015080||1651036800,2022-04-26T16:18:00.000-07:00||2022-04-26T23:20:00.000-06:00,1651023300||1651050960,2022-04-26T19:35:00.000-06:00||2022-04-27T05:16:00.000-04:00,DEN||BOS,LAX||DEN,United||United,UA||UA,Boeing 737-800||Boeing 737-800,8220||14160,848||1763,coach||coach
037396743f45fc03b7258684ff0d468b,2022-04-16,2022-04-26,LAX,BOS,VAA3KKEN,PT9H59M,1,False,False,False,305.12,351.60,8,2701,1650996960||1651026780,2022-04-26T11:16:00.000-07:00||2022-04-26T22:33:00.000-04:00,1651014480||1651032900,2022-04-26T19:08:00.000-04:00||2022-04-27T00:15:00.000-04:00,IAD||BOS,LAX||IAD,United||United,UA||UA,Boeing 737-800||Boeing 737-900,17520||6120,2295||406,coach||coach
4eef0d19e5cee5f7c17b43b1d073a94b,2022-04-16,2022-04-26,LAX,BOS,TAA7AWEN,PT12H25M,0,False,False,False,305.12,357.20,2,2611,1650980700||1651011060,2022-04-26T06:45:00.000-07:00||2022-04-26T16:11:00.000-06:00,1650989220||1651025400,2022-04-26T10:07:00.000-06:00||2022-04-26T22:10:00.000-04:00,DEN||BOS,LAX||DEN,United||United,UA||UA,Boeing 737-900||Boeing 737 MAX 9,8520||14340,848||1763,coach||coach
97c334b4f47ae81b72dbfe5caa1426d3,2022-04-16,2022-04-26,LAX,BOS,LA7QA0MQ,PT12H54M,1,False,False,False,309.76,362.19,2,2615,1651026360||1651062300,2022-04-26T19:26:00.000-07:00||2022-04-27T07:25:00.000-05:00,1651037760||1651072800,2022-04-27T00:36:00.000-05:00||2022-04-27T11:20:00.000-04:00,MCI||BOS,LAX||MCI,Delta||Delta,DL||DL,Boeing 737-800||Embraer 175,11400||10500,1361||1254,coach||coach
2e4674b4d3d1b7ecd0806ef4c5fef60a,2022-04-16,2022-04-26,LAX,BOS,V0AKZNN1,PT15H59M,1,False,False,False,306.98,363.70,1,2821,1651001700||1651017900||1651053600,2022-04-26T12:35:00.000-07:00||2022-04-26T19:05:00.000-05:00||2022-04-27T06:00:00.000-04:00,1651012680||1651028400||1651059240,2022-04-26T17:38:00.000-05:00||2022-04-26T23:00:00.000-04:00||2022-04-27T07:34:00.000-04:00,DFW||DCA||BOS,LAX||DFW||DCA,American Airlines||American Airlines||American Airlines,AA||AA||AA,||Airbus A320||Airbus A319,10980||10500||5640,1238||1177||406,coach||coach||coach
18906fc1d659cbceace699fd9a563a0b,2022-04-16,2022-04-26,LAX,BOS,BH0AUEL1,PT5H31M,0,False,False,True,325.58,364.60,7,2606,1650977100,2022-04-26T05:45:00.000-07:00,1650996960,2022-04-26T14:16:00.000-04:00,BOS,LAX,JetBlue Airways,B6,Airbus A319-321,19860,2606,coach
60574c6284c5f40f11bb9889ec6d3b3d,2022-04-16,2022-04-26,LAX,BOS,BH0AUEL1,PT5H37M,1,False,False,True,325.58,364.60,7,2606,1651039800,2022-04-26T23:10:00.000-07:00,1651060020,2022-04-27T07:47:00.000-04:00,BOS,LAX,JetBlue Airways,B6,Airbus A319-321,20220,2606,coach
1ee4e79d46f84dc570a381c2865bc707,2022-04-16,2022-04-26,LAX,BOS,V7CXNR,PT15H18M,1,False,False,False,274.00,381.58,0,,1651035600||1651079700,2022-04-26T22:00:00.000-07:00||2022-04-27T13:15:00.000-04:00,1651053000||1651090680,2022-04-27T05:50:00.000-04:00||2022-04-27T16:18:00.000-04:00,FLL||BOS,LAX||FLL,Spirit Airlines||Spirit Airlines,NK||NK,||,17400||10980,None||None,coach||coach
446fad327dd4a28ad9770dd1cf0c89fc,2022-04-16,2022-04-26,LAX,BOS,SAA7OWEN,PT12H49M,1,False,False,False,333.03,387.21,3,2590,1651004820||1651036800,2022-04-26T13:27:00.000-07:00||2022-04-26T23:20:00.000-06:00,1651012740||1651050960,2022-04-26T16:39:00.000-06:00||2022-04-27T05:16:00.000-04:00,DEN||BOS,ONT||DEN,United||United,UA||UA,Boeing 737-800||Boeing 737-800,7920||14160,827||1763,coach||coach
774b52ecc88b7219fe0ec8dd721938c1,2022-04-16,2022-04-26,LAX,BOS,QAA0KKEN,PT7H42M,0,False,False,False,340.47,389.61,3,2607,1650980700||1650999600,2022-04-26T06:45:00.000-07:00||2022-04-26T14:00:00.000-05:00,1650995340||1651008420,2022-04-26T12:49:00.000-05:00||2022-04-26T17:27:00.000-04:00,ORD||BOS,LAX||ORD,United||United,UA||UA,Boeing 757-300||Embraer 175 (Enhanced Winglets),14640||8820,1745||862,coach||coach
475c628e70409eada27c77cba5450c53,2022-04-16,2022-04-26,LAX,BOS,QAA0KKEN,PT8H6M,0,False,False,False,340.47,389.61,2,2611,1650996240||1651011060,2022-04-26T11:04:00.000-07:00||2022-04-26T16:11:00.000-06:00,1651004640||1651025400,2022-04-26T14:24:00.000-06:00||2022-04-26T22:10:00.000-04:00,DEN||BOS,LAX||DEN,United||United,UA||UA,Boeing 737 MAX 9||Boeing 737 MAX 9,8400||14340,848||1763,coach||coach
b1c4bef15d2f6aa262dc8bc736a0beaf,2022-04-16,2022-04-26,LAX,BOS,SH0OAJMN,PT10H4M,1,False,False,False,340.47,389.61,7,3445,1651022700||1651039800,2022-04-26T18:25:00.000-07:00||2022-04-26T23:10:00.000-07:00,1651032300||1651058940,2022-04-26T21:05:00.000-07:00||2022-04-27T07:29:00.000-04:00,SEA||BOS,ONT||SEA,Alaska Airlines||Alaska Airlines,AS||AS,Boeing 737-800||Boeing 737-900,9600||19140,956||2489,coach||coach
e6f3dd84cad5f59ac26ddd95c6a7ca58,2022-04-16,2022-04-26,LAX,BOS,SH0OAJMN,PT10H32M,0,False,False,False,340.47,389.61,7,3445,1650993900||1651012500,2022-04-26T10:25:00.000-07:00||2022-04-26T15:35:00.000-07:00,1651003500||1651031820,2022-04-26T13:05:00.000-07:00||2022-04-26T23:57:00.000-04:00,SEA||BOS,ONT||SEA,Alaska Airlines||Alaska Airlines,AS||AS,Boeing 737-900||Boeing 737-900,9600||19320,956||2489,coach||coach
02f986989a63a58f6ebb5bacc11a78ab,2022-04-16,2022-04-26,LAX,BOS,SH3OAJMN,PT9H17M,0,False,False,False,344.19,393.60,7,3445,1650998400||1651012500,2022-04-26T11:40:00.000-07:00||2022-04-26T15:35:00.000-07:00,1651008600||1651031820,2022-04-26T14:30:00.000-07:00||2022-04-26T23:57:00.000-04:00,SEA||BOS,LAX||SEA,Alaska Airlines||Alaska Airlines,AS||AS,Boeing 737-900||Boeing 737-900,10200||19320,956||2489,coach||coach
668e68bacc3e279e75508312e3eb6ff9,2022-04-16,2022-04-26,LAX,BOS,SH3OAJMN,PT9H44M,1,False,False,False,344.19,393.60,7,3445,1651023900||1651039800,2022-04-26T18:45:00.000-07:00||2022-04-26T23:10:00.000-07:00,1651034520||1651058940,2022-04-26T21:42:00.000-07:00||2022-04-27T07:29:00.000-04:00,SEA||BOS,LAX||SEA,Alaska Airlines||Alaska Airlines,AS||AS,Airbus A320||Boeing 737-900,10620||19140,956||2489,coach||coach
89aa29fd1fc53f72a35a64dad30d9950,2022-04-16,2022-04-26,LAX,BOS,SH3OAJMN,PT10H27M,0,False,False,False,344.19,393.60,7,3445,1650994200||1651012500,2022-04-26T10:30:00.000-07:00||2022-04-26T15:35:00.000-07:00,1651004640||1651031820,2022-04-26T13:24:00.000-07:00||2022-04-26T23:57:00.000-04:00,SEA||BOS,LAX||SEA,Alaska Airlines||Alaska Airlines,AS||AS,Boeing 737-900||Boeing 737-900,10440||19320,956||2489,coach||coach
7b46edb22eb9e2d79dc30367eab0d9f6,2022-04-16,2022-04-26,LAX,BOS,SH3OAJMN,PT11H44M,1,False,False,False,344.19,393.60,7,3445,1651016700||1651039800,2022-04-26T16:45:00.000-07:00||2022-04-26T23:10:00.000-07:00,1651027020||1651058940,2022-04-26T19:37:00.000-07:00||2022-04-27T07:29:00.000-04:00,SEA||BOS,LAX||SEA,Alaska Airlines||Alaska Airlines,AS||AS,Airbus A320||Boeing 737-900,10320||19140,956||2489,coach||coach
e02b66289b2f51d382b575dc4dc98f74,2022-04-16,2022-04-26,LAX,BOS,QAA3JFEN,PT7H12M,0,False,False,False,351.63,401.60,1,2590,1651004820||1651016640,2022-04-26T13:27:00.000-07:00||2022-04-26T17:44:00.000-06:00,1651012740||1651030740,2022-04-26T16:39:00.000-06:00||2022-04-26T23:39:00.000-04:00,DEN||BOS,ONT||DEN,United||United,UA||UA,Boeing 737-800||Boeing 737-800,7920||14100,827||1763,coach||coach
a9dd43f914a607b0751650019f321cdd,2022-04-16,2022-04-26,LAX,BOS,QAA3JFEN,PT9H50M,1,False,False,False,351.63,401.60,3,2962,1651042200||1651064100,2022-04-26T23:50:00.000-07:00||2022-04-27T07:55:00.000-05:00,1651053180||1651077600,2022-04-27T04:53:00.000-05:00||2022-04-27T12:40:00.000-04:00,IAH||BOS,ONT||IAH,United||United,UA||UA,Airbus A320||Boeing 737-800,10980||13500,1360||1602,coach||coach
7bc2b9bbd7e0398831e230c8d331befd,2022-04-16,2022-04-26,LAX,BOS,M0AJZNN1,PT7H7M,0,False,False,False,352.56,402.60,7,2634,1650989160||1651004700,2022-04-26T09:06:00.000-07:00||2022-04-26T15:25:00.000-05:00,1651002240||1651014780,2022-04-26T14:44:00.000-05:00||2022-04-26T19:13:00.000-04:00,STL||BOS,LAX||STL,American Airlines||American Airlines,AA||AA,Airbus A319||Airbus A319,13080||10080,1589||1045,coach||coach
92642cadc20d70356d2071c4e3b32818,2022-04-16,2022-04-26,LAX,BOS,M0AJZNN1,PT8H57M,0,False,False,False,352.56,402.60,1,2607,1650992400||1651016700,2022-04-26T10:00:00.000-07:00||2022-04-26T18:45:00.000-05:00,1651007220||1651024620,2022-04-26T16:07:00.000-05:00||2022-04-26T21:57:00.000-04:00,ORD||BOS,LAX||ORD,American Airlines||American Airlines,AA||AA,Boeing 737-800||Airbus A321,14820||7920,1745||862,coach||coach
8d6060ae7ab0a376f58637b11c781149,2022-04-16,2022-04-26,LAX,BOS,QAA0OHEN,PT5H29M,0,False,False,True,366.51,408.60,1,2606,1650986100,2022-04-26T08:15:00.000-07:00,1651005840,2022-04-26T16:44:00.000-04:00,BOS,LAX,United,UA,Boeing 737-900,19740,2606,coach
04b7864fb2d8211b46490b9627ac4a80,2022-04-16,2022-04-26,LAX,BOS,VH0AUEL1,PT10H28M,1,False,False,False,358.15,408.61,7,3579,1650994500||1651020600,2022-04-26T10:35:00.000-07:00||2022-04-26T20:50:00.000-04:00,1651013280||1651032180,2022-04-26T18:48:00.000-04:00||2022-04-27T00:03:00.000-04:00,FLL||BOS,LAX||FLL,JetBlue Airways||JetBlue Airways,B6||B6,Airbus A319-321||Airbus A321,18780||11580,2338||1241,coach||coach
80e886a4925c2e13131e69b5ea8bff81,2022-04-16,2022-04-26,LAX,BOS,QH0KUEL1,PT5H36M,0,False,False,True,372.09,414.60,7,2606,1651008600,2022-04-26T14:30:00.000-07:00,1651028760,2022-04-26T23:06:00.000-04:00,BOS,LAX,JetBlue Airways,B6,Airbus A319-321,20160,2606,coach
042a302d87edc2a33c56383e0d3ae336,2022-04-16,2022-04-26,LAX,BOS,QH0KUEL1,PT5H39M,0,False,False,True,372.09,414.60,7,2606,1651002900,2022-04-26T12:55:00.000-07:00,1651023240,2022-04-26T21:34:00.000-04:00,BOS,LAX,JetBlue Airways,B6,Airbus A319-321,20340,2606,coach
81564a2f46e7c4d067055ceb5ac64329,2022-04-16,2022-04-26,LAX,BOS,HA0NA0MC,PT7H39M,1,False,False,False,384.19,436.60,1,2674,1651005600||1651016760,2022-04-26T13:40:00.000-07:00||2022-04-26T17:46:00.000-06:00,1651011840||1651033140,2022-04-26T16:24:00.000-06:00||2022-04-27T00:19:00.000-04:00,SLC||BOS,ONT||SLC,Delta||Delta,DL||DL,Boeing 737-800||Boeing 737-900,6240||16380,574||2100,coach||coach
93eb390eca1202e898c3d88bf4b2387a,2022-04-16,2022-04-26,LAX,BOS,WAA1JKEN,PT7H58M,1,False,False,False,388.84,441.60,1,3049,1651030020||1651038060,2022-04-26T20:27:00.000-07:00||2022-04-26T22:41:00.000-07:00,1651035600||1651058700,2022-04-26T22:00:00.000-07:00||2022-04-27T07:25:00.000-04:00,SFO||BOS,ONT||SFO,United||United,UA||UA,Canadair Regional Jet||Boeing 737 MAX 9,5580||20640,351||2698,coach||coach
e78ed390fa014e4adea7f1f717576031,2022-04-16,2022-04-26,LAX,BOS,SH9OAVMN,PT9H11M,0,False,False,False,394.42,447.60,3,3037,1650997800||1651010400,2022-04-26T11:30:00.000-07:00||2022-04-26T15:00:00.000-07:00,1651002840||1651030860,2022-04-26T12:54:00.000-07:00||2022-04-26T23:41:00.000-04:00,SFO||BOS,LAX||SFO,Alaska Airlines||Delta,AS||DL,Embraer 175||Boeing 757,5040||20460,339||2698,coach||coach
c5b0354c0b7f2762524491a46e60ad08,2022-04-16,2022-04-26,LAX,BOS,M0AIZNN1,PT8H52M,0,False,False,False,397.21,450.60,2,2643,1650999600||1651014000,2022-04-26T12:00:00.000-07:00||2022-04-26T16:00:00.000-07:00,1651003740||1651031520,2022-04-26T13:09:00.000-07:00||2022-04-26T23:52:00.000-04:00,PHX||BOS,ONT||PHX,American Airlines||American Airlines,AA||AA,Airbus A319||,4140||17520,347||2296,coach||coach
c220a6d53ad518a9c4023164bb9cc475,2022-04-16,2022-04-26,LAX,BOS,HH0KUEY5,PT5H31M,0,False,False,True,409.30,454.60,7,2606,1650977100,2022-04-26T05:45:00.000-07:00,1650996960,2022-04-26T14:16:00.000-04:00,BOS,LAX,American Airlines,AA,Airbus A321,19860,2606,coach
5721c718d7cbc9ed9dd3597ab9b4b58f,2022-04-16,2022-04-26,LAX,BOS,HH0KUEY5,PT5H36M,0,False,False,True,409.30,454.60,7,2606,1651008600,2022-04-26T14:30:00.000-07:00,1651028760,2022-04-26T23:06:00.000-04:00,BOS,LAX,American Airlines,AA,Airbus A321,20160,2606,coach
83adeba1b9ca2588ae18fd79ed4320e5,2022-04-16,2022-04-26,LAX,BOS,HH0KUEY5,PT5H37M,1,False,False,True,409.30,454.60,7,2606,1651039800,2022-04-26T23:10:00.000-07:00,1651060020,2022-04-27T07:47:00.000-04:00,BOS,LAX,American Airlines,AA,Airbus A321,20220,2606,coach
826ee4e1cfc0dd8b806849162a29611d,2022-04-16,2022-04-26,LAX,BOS,HH0KUEY5,PT5H39M,0,False,False,True,409.30,454.60,7,2606,1651002900,2022-04-26T12:55:00.000-07:00,1651023240,2022-04-26T21:34:00.000-04:00,BOS,LAX,American Airlines,AA,Airbus A321,20340,2606,coach
b40c9444b5bb8efbc0801d6bfc50edd3,2022-04-16,2022-04-26,LAX,BOS,HA7OA0MC,PT13H55M,1,False,False,False,407.44,467.20,2,2643,1651040940||1651085700,2022-04-26T23:29:00.000-07:00||2022-04-27T14:55:00.000-04:00,1651060380||1651091040,2022-04-27T07:53:00.000-04:00||2022-04-27T16:24:00.000-04:00,JFK||BOS,LAX||JFK,Delta||Delta,DL||DL,Boeing 767||Airbus A220-100,19440||5340,2458||185,coach||coach
188f47a9288096fb035de767690ad072,2022-04-16,2022-04-26,LAX,BOS,HA3OA0MQ,PT7H26M,1,False,False,False,413.02,467.60,4,2607,1651008300||1651028340,2022-04-26T14:25:00.000-07:00||2022-04-26T22:59:00.000-04:00,1651024020||1651035060,2022-04-26T21:47:00.000-04:00||2022-04-27T00:51:00.000-04:00,DTW||BOS,LAX||DTW,Delta||Delta,DL||DL,Airbus A321||Airbus A321,15720||6720,1985||622,coach||coach
ae6e22a76a0dde61bb8f1db1328ef84b,2022-04-16,2022-04-26,LAX,BOS,HAA0JFEN,PT8H13M,0,False,False,False,413.02,467.60,1,3049,1650978000||1650986700,2022-04-26T06:00:00.000-07:00||2022-04-26T08:25:00.000-07:00,1650983100||1651007580,2022-04-26T07:25:00.000-07:00||2022-04-26T17:13:00.000-04:00,SFO||BOS,ONT||SFO,United||United,UA||UA,Boeing 737-800||Boeing 737 MAX 9,5100||20880,351||2698,coach||coach
37176f5e65684eb2cc9306cd88edc39e,2022-04-16,2022-04-26,LAX,BOS,HA3OA0MQ,PT8H36M,1,False,False,False,413.02,467.60,9,2643,1651040940||1651067100,2022-04-26T23:29:00.000-07:00||2022-04-27T09:45:00.000-04:00,1651060380||1651071900,2022-04-27T07:53:00.000-04:00||2022-04-27T11:05:00.000-04:00,JFK||BOS,LAX||JFK,Delta||Delta,DL||DL,Boeing 767||Embraer 175,19440||4800,2458||185,coach||coach
c9e9cc3b3f241b89c2e916ce2d4bb55f,2022-04-16,2022-04-26,LAX,BOS,HA3OA0MQ,PT9H37M,1,False,False,False,413.02,467.60,9,2607,1651000440||1651028340,2022-04-26T12:14:00.000-07:00||2022-04-26T22:59:00.000-04:00,1651016040||1651035060,2022-04-26T19:34:00.000-04:00||2022-04-27T00:51:00.000-04:00,DTW||BOS,LAX||DTW,Delta||Delta,DL||DL,Airbus A321||Airbus A321,15600||6720,1985||622,coach||coach
77ee7bb2ac1621d32641eb2b22a3b74f,2022-04-16,2022-04-26,LAX,BOS,HA3OA0MQ,PT9H59M,1,False,False,False,413.02,467.60,2,2690,1650997200||1651016760,2022-04-26T11:20:00.000-07:00||2022-04-26T17:46:00.000-06:00,1651003920||1651033140,2022-04-26T14:12:00.000-06:00||2022-04-27T00:19:00.000-04:00,SLC||BOS,LAX||SLC,Delta||Delta,DL||DL,Boeing 737-900||Boeing 737-900,6720||16380,590||2100,coach||coach
e0925b0b11a127df8f6d6c96be18ac3b,2022-04-16,2022-04-26,LAX,BOS,K0AJZNN1,PT5H30M,0,False,False,True,422.33,468.61,1,2606,1650993300,2022-04-26T10:15:00.000-07:00,1651013100,2022-04-26T18:45:00.000-04:00,BOS,LAX,JetBlue Airways,B6,AIRBUS INDUSTRIE A321 SHARKLETS,19800,2606,coach
0cf54aaafae3420612ffe16ab3b2c433,2022-04-16,2022-04-26,LAX,BOS,K0AJZNN1,PT5H30M,0,False,False,True,422.33,468.61,1,2606,1650993300,2022-04-26T10:15:00.000-07:00,1651013100,2022-04-26T18:45:00.000-04:00,BOS,LAX,American Airlines,AA,AIRBUS INDUSTRIE A321 SHARKLETS,19800,2606,coach
1b914773b863c821c3d466ae8da2e39e,2022-04-16,2022-04-26,LAX,BOS,K0AJZNN1,PT5H31M,1,False,False,True,422.33,468.61,7,2606,1651037400,2022-04-26T22:30:00.000-07:00,1651057260,2022-04-27T07:01:00.000-04:00,BOS,LAX,American Airlines,AA,AIRBUS INDUSTRIE A321 SHARKLETS,19860,2606,coach
37e05a77fe34ba2300351032149433a4,2022-04-16,2022-04-26,LAX,BOS,K0AJZNN1,PT5H35M,0,False,False,True,422.33,468.61,3,2606,1650987000,2022-04-26T08:30:00.000-07:00,1651007100,2022-04-26T17:05:00.000-04:00,BOS,LAX,JetBlue Airways,B6,AIRBUS INDUSTRIE A321 SHARKLETS,20100,2606,coach
e2b9acafd2cc9df28044c288012d997d,2022-04-16,2022-04-26,LAX,BOS,K0AJZNN1,PT5H35M,0,False,False,True,422.33,468.61,3,2606,1650987000,2022-04-26T08:30:00.000-07:00,1651007100,2022-04-26T17:05:00.000-04:00,BOS,LAX,American Airlines,AA,AIRBUS INDUSTRIE A321 SHARKLETS,20100,2606,coach
3e4dbd67f91f319c232056774dcd9e8b,2022-04-16,2022-04-26,LAX,BOS,K0AJZNN1,PT7H42M,0,False,False,False,422.33,476.11,7,2849,1650999000||1651019100,2022-04-26T11:50:00.000-07:00||2022-04-26T20:25:00.000-04:00,1651015920||1651026720,2022-04-26T19:32:00.000-04:00||2022-04-26T22:32:00.000-04:00,CLT||BOS,LAX||CLT,American Airlines||American Airlines,AA||AA,Airbus A321||Airbus A321,16920||7620,2121||728,coach||coach
82d3dfabcdc1214612b64a203ee705a5,2022-04-16,2022-04-26,LAX,BOS,K0AJZNN1,PT7H6M,0,False,False,False,422.33,477.61,1,2666,1650979500||1650987240,2022-04-26T06:25:00.000-07:00||2022-04-26T08:34:00.000-07:00,1650984660||1651005060,2022-04-26T07:51:00.000-07:00||2022-04-26T16:31:00.000-04:00,PHX||BOS,LAX||PHX,American Airlines||American Airlines,AA||AA,Airbus A320||,5160||17820,370||2296,coach||coach
cfe977508488815a271ce2e38e99d583,2022-04-16,2022-04-26,LAX,BOS,K0AJZNN1,PT7H29M,0,False,False,False,422.33,477.61,1,2701,1651003200||1651024800,2022-04-26T13:00:00.000-07:00||2022-04-26T22:00:00.000-04:00,1651021200||1651030140,2022-04-26T21:00:00.000-04:00||2022-04-26T23:29:00.000-04:00,DCA||BOS,LAX||DCA,American Airlines||American Airlines,AA||AA,||Airbus A319,18000||5340,2295||406,coach||coach
8abafcfe9085bc995d453026db98bea2,2022-04-16,2022-04-26,LAX,BOS,K0AJZNN1,PT7H37M,0,False,False,False,422.33,477.61,2,2607,1650978600||1650997500,2022-04-26T06:10:00.000-07:00||2022-04-26T13:25:00.000-05:00,1650993420||1651006020,2022-04-26T12:17:00.000-05:00||2022-04-26T16:47:00.000-04:00,ORD||BOS,LAX||ORD,American Airlines||American Airlines,AA||AA,Boeing 737-800||Embraer 175,14820||8520,1745||862,coach||coach
31286ab35d5b59900d5731d2c2cbfba9,2022-04-16,2022-04-26,LAX,BOS,K0AJZNN1,PT7H44M,0,False,False,False,422.33,477.61,3,2607,1651004100||1651023300,2022-04-26T13:15:00.000-07:00||2022-04-26T20:35:00.000-05:00,1651018800||1651031940,2022-04-26T19:20:00.000-05:00||2022-04-26T23:59:00.000-04:00,ORD||BOS,LAX||ORD,American Airlines||American Airlines,AA||AA,Boeing 737-800||Boeing 737-800,14700||8640,1745||862,coach||coach
bef1381709a8c374cfebd9e68efa4207,2022-04-16,2022-04-26,LAX,BOS,K0AJZNN1,PT8H6M,0,False,False,False,422.33,477.61,7,2794,1650978000||1650993840,2022-04-26T06:00:00.000-07:00||2022-04-26T12:24:00.000-05:00,1650989100||1651007160,2022-04-26T11:05:00.000-05:00||2022-04-26T17:06:00.000-04:00,DFW||BOS,LAX||DFW,American Airlines||American Airlines,AA||AA,Airbus A321||Airbus A321,11100||13320,1238||1556,coach||coach
2165b1f0fbd7a9c4fd15a6987a6506c3,2022-04-16,2022-04-26,LAX,BOS,K0AJZNN1,PT8H16M,0,False,False,False,422.33,477.61,4,2794,1651001700||1651018200,2022-04-26T12:35:00.000-07:00||2022-04-26T19:10:00.000-05:00,1651012680||1651031460,2022-04-26T17:38:00.000-05:00||2022-04-26T23:51:00.000-04:00,DFW||BOS,LAX||DFW,American Airlines||American Airlines,AA||AA,||Boeing 737-800,10980||13260,1238||1556,coach||coach
02463e0f35b433f1f7a49f20ee28a4d1,2022-04-16,2022-04-26,LAX,BOS,MH7OASMN,PT8H56M,1,False,False,False,449.30,506.60,7,2643,1651037700||1651064400,2022-04-26T22:35:00.000-07:00||2022-04-27T09:00:00.000-04:00,1651057200||1651069860,2022-04-27T07:00:00.000-04:00||2022-04-27T10:31:00.000-04:00,EWR||BOS,LAX||EWR,Alaska Airlines||Delta,AS||DL,Boeing 737-900||Canadair Regional Jet 900,19500||5460,2458||185,coach||coach
f8f46bb1f588d03200a778375d7bcc72,2022-04-16,2022-04-26,LAX,BOS,KA7NA0MC,PT7H55M,0,False,False,False,456.74,514.60,3,3037,1650978900||1650986700,2022-04-26T06:15:00.000-07:00||2022-04-26T08:25:00.000-07:00,1650983580||1651007400,2022-04-26T07:33:00.000-07:00||2022-04-26T17:10:00.000-04:00,SFO||BOS,LAX||SFO,Delta||Alaska Airlines,DL||AS,Embraer 175 (Enhanced Winglets)||Boeing 737-800,4680||20700,339||2698,coach||coach
2fe9adcc5a0e814293b01fbe4e497944,2022-04-16,2022-04-26,LAX,BOS,LH0OAJMN,PT8H50M,0,False,False,False,465.12,523.60,7,3366,1650981600||1650993900,2022-04-26T07:00:00.000-07:00||2022-04-26T10:25:00.000-07:00,1650990600||1651013400,2022-04-26T09:30:00.000-07:00||2022-04-26T18:50:00.000-04:00,PDX||BOS,LAX||PDX,Alaska Airlines||Alaska Airlines,AS||AS,Boeing 737-900||Boeing 737 MAX 9,9000||19500,835||2531,coach||coach
a5643c4c1125eafd787cdbb0ca0a2c8c,2022-04-16,2022-04-26,LAX,BOS,LH0OAJMN,PT9H50M,0,False,False,False,465.12,523.60,7,3366,1650978000||1650993900,2022-04-26T06:00:00.000-07:00||2022-04-26T10:25:00.000-07:00,1650987000||1651013400,2022-04-26T08:30:00.000-07:00||2022-04-26T18:50:00.000-04:00,PDX||BOS,LAX||PDX,Alaska Airlines||Alaska Airlines,AS||AS,Boeing 737-900||Boeing 737 MAX 9,9000||19500,835||2531,coach||coach
d0f08bd1c9b19ad06267f495dd8cf8f1,2022-04-16,2022-04-26,LAX,BOS,L7AIZNN1,PT7H42M,0,False,False,False,473.49,532.60,1,2771,1650979440||1650993840,2022-04-26T06:24:00.000-07:00||2022-04-26T12:24:00.000-05:00,1650990000||1651007160,2022-04-26T11:20:00.000-05:00||2022-04-26T17:06:00.000-04:00,DFW||BOS,ONT||DFW,American Airlines||American Airlines,AA||AA,Airbus A321||Airbus A321,10560||13320,1215||1556,coach||coach
554ddf6289c1d492663818e73973bbed,2022-04-16,2022-04-26,LAX,BOS,L7AIZNN1,PT10H41M,0,False,False,False,473.49,538.20,2,2771,1650979440||1651004700,2022-04-26T06:24:00.000-07:00||2022-04-26T15:25:00.000-05:00,1650990000||1651017900,2022-04-26T11:20:00.000-05:00||2022-04-26T20:05:00.000-04:00,DFW||BOS,ONT||DFW,American Airlines||American Airlines,AA||AA,Airbus A321||Airbus A321,10560||13200,1215||1556,coach||coach
03a0f7dd85e6714c31c38d2c72136a42,2022-04-16,2022-04-26,LAX,BOS,K0AIZNN1,PT7H24M,0,False,False,False,489.30,549.60,5,2643,1650993360||1651002360,2022-04-26T10:16:00.000-07:00||2022-04-26T12:46:00.000-07:00,1650997500||1651020000,2022-04-26T11:25:00.000-07:00||2022-04-26T20:40:00.000-04:00,PHX||BOS,ONT||PHX,American Airlines||American Airlines,AA||AA,Airbus A319||Airbus A321,4140||17640,347||2296,coach||coach
bc8f705666194d5a83eadbeaad375b9e,2022-04-16,2022-04-26,LAX,BOS,K0AIZNN1,PT7H54M,0,False,False,False,489.30,549.60,7,2771,1651003020||1651018200,2022-04-26T12:57:00.000-07:00||2022-04-26T19:10:00.000-05:00,1651013400||1651031460,2022-04-26T17:50:00.000-05:00||2022-04-26T23:51:00.000-04:00,DFW||BOS,ONT||DFW,American Airlines||American Airlines,AA||AA,Airbus A321||Boeing 737-800,10380||13260,1215||1556,coach||coach
3699877fac083548e6bc4e0f43bed41f,2022-04-16,2022-04-26,LAX,BOS,VH0OAVMN,PT7H36M,0,False,False,False,491.17,551.61,7,2701,1650985800||1651007520,2022-04-26T08:10:00.000-07:00||2022-04-26T17:12:00.000-04:00,1651004040||1651013160,2022-04-26T16:14:00.000-04:00||2022-04-26T18:46:00.000-04:00,IAD||BOS,LAX||IAD,Alaska Airlines||United,AS||UA,Airbus A320||Boeing 737-900,18240||5640,2295||406,coach||coach
8c29d84d2ef43de17c52b1ae242c8e61,2022-04-16,2022-04-26,LAX,BOS,MA0OA0MQ,PT5H30M,1,False,False,True,524.65,578.60,3,2606,1651034100,2022-04-26T21:35:00.000-07:00,1651053900,2022-04-27T06:05:00.000-04:00,BOS,LAX,Delta,DL,Boeing 757-200,19800,2606,coach
f50d459946cc6618804a45a53d9ac090,2022-04-16,2022-04-26,LAX,BOS,MA0OA0MQ,PT5H32M,0,False,False,True,524.65,578.60,6,2606,1650984300,2022-04-26T07:45:00.000-07:00,1651004220,2022-04-26T16:17:00.000-04:00,BOS,LAX,Delta,DL,Boeing 757-200,19920,2606,coach
0872671aed885d87cb3da91cfd957883,2022-04-16,2022-04-26,LAX,BOS,MA0OA0MQ,PT7H15M,1,False,False,False,524.65,587.60,9,2607,1651039740||1651059000,2022-04-26T23:09:00.000-07:00||2022-04-27T07:30:00.000-04:00,1651055400||1651065840,2022-04-27T06:30:00.000-04:00||2022-04-27T09:24:00.000-04:00,DTW||BOS,LAX||DTW,Delta||Delta,DL||DL,Airbus A321||Boeing 737-900,15660||6840,1985||622,coach||coach
a536556fe6de060f1c9246938e6eb5e3,2022-04-16,2022-04-26,LAX,BOS,MA0OA0MQ,PT8H2M,0,False,False,False,524.65,587.60,6,2656,1650986400||1651005180,2022-04-26T08:20:00.000-07:00||2022-04-26T15:33:00.000-05:00,1650999420||1651015320,2022-04-26T13:57:00.000-05:00||2022-04-26T19:22:00.000-04:00,MSP||BOS,LAX||MSP,Delta||Delta,DL||DL,Airbus A321||Airbus A321,13020||10140,1534||1122,coach||coach
0896dee832012c5c01b16da511d1aac3,2022-04-16,2022-04-26,LAX,BOS,MA0OA0MQ,PT8H35M,0,False,False,False,524.65,587.60,7,2643,1650984300||1651009800,2022-04-26T07:45:00.000-07:00||2022-04-26T17:50:00.000-04:00,1651003740||1651015200,2022-04-26T16:09:00.000-04:00||2022-04-26T19:20:00.000-04:00,JFK||BOS,LAX||JFK,Delta||Delta,DL||DL,Boeing 767||Airbus A220-100,19440||5400,2458||185,coach||coach
d3812958635658c02190bf2b0a46a67d,2022-04-16,2022-04-26,LAX,BOS,MA0OA0MQ,PT9H57M,0,False,False,False,524.65,587.60,7,2656,1650979500||1651005180,2022-04-26T06:25:00.000-07:00||2022-04-26T15:33:00.000-05:00,1650992280||1651015320,2022-04-26T11:58:00.000-05:00||2022-04-26T19:22:00.000-04:00,MSP||BOS,LAX||MSP,Delta||Delta,DL||DL,Boeing 757||Airbus A321,12780||10140,1534||1122,coach||coach
47e140696e68cf1d000c66047cafb471,2022-04-16,2022-04-26,LAX,BOS,MA0OA0MQ,PT10H20M,0,False,False,False,524.65,587.60,4,2643,1650978000||1651009800,2022-04-26T06:00:00.000-07:00||2022-04-26T17:50:00.000-04:00,1650997380||1651015200,2022-04-26T14:23:00.000-04:00||2022-04-26T19:20:00.000-04:00,JFK||BOS,LAX||JFK,Delta||Delta,DL||DL,||Airbus A220-100,19380||5400,2458||185,coach||coach
6a2c72f0aad76cc5b966a1b856637e46,2022-04-16,2022-04-26,LAX,BOS,MH7OASMN,PT9H16M,1,False,False,False,556.28,621.60,7,2701,1651035600||1651063020,2022-04-26T22:00:00.000-07:00||2022-04-27T08:37:00.000-04:00,1651053600||1651068960,2022-04-27T06:00:00.000-04:00||2022-04-27T10:16:00.000-04:00,IAD||BOS,LAX||IAD,Alaska Airlines||United,AS||UA,Airbus A320||Boeing 737-800,18000||5940,2295||406,coach||coach
ae1728c6cad32e2ad4fca8d4a594617c,2022-04-16,2022-04-26,LAX,BOS,BA0OA0MQ,PT7H26M,0,False,False,False,617.67,687.60,1,2656,1650959760||1650976500,2022-04-26T00:56:00.000-07:00||2022-04-26T07:35:00.000-05:00,1650972960||1650986520,2022-04-26T06:36:00.000-05:00||2022-04-26T11:22:00.000-04:00,MSP||BOS,LAX||MSP,Delta||Delta,DL||DL,Boeing 737-900||Airbus A320,13200||10020,1534||1122,coach||coach
f99a6613e97cccbdefa6dda8e70924be,2022-04-16,2022-04-26,LAX,BOS,BA0OA0MQ,PT8H48M,0,False,False,False,617.67,687.60,3,2890,1650959100||1650981540,2022-04-26T00:45:00.000-07:00||2022-04-26T09:59:00.000-04:00,1650974400||1650990780,2022-04-26T08:00:00.000-04:00||2022-04-26T12:33:00.000-04:00,ATL||BOS,LAX||ATL,Delta||Delta,DL||DL,Airbus A321||Airbus A321,15300||9240,1943||947,coach||coach
93ba3c280cc0d424e904f1212858854a,2022-04-16,2022-04-26,LAX,BOS,I7ATZNJC,PT5H30M,0,False,False,True,831.63,908.60,2,2606,1651010400,2022-04-26T15:00:00.000-07:00,1651030200,2022-04-26T23:30:00.000-04:00,BOS,LAX,American Airlines,AA,AIRBUS INDUSTRIE A321 SHARKLETS,19800,2606,business
3c065293e85d842e429198575f304148,2022-04-16,2022-04-26,LAX,BOS,CA0KA0DQ,PT5H30M,0,False,False,True,1562.79,1694.60,1,2606,1651010700,2022-04-26T15:05:00.000-07:00,1651030500,2022-04-26T23:35:00.000-04:00,BOS,LAX,Delta,DL,Boeing 757-200,19800,2606,business
